{"type": "FeatureCollection", "features": [
{"id":"269737d1-236d-3ba4-ad56-2b7ebf86d475","type":"Feature","geometry":{"type":"Polygon","coordinates":[[[9.1590099,45.2315865],[9.1587541,45.2315291],[9.1582713,45.2314219],[9.1567851,45.231244],[9.1551507,45.2310302],[9.1539878,45.2308652],[9.152895,45.2307047],[9.1519998,45.2305979],[9.1516032,45.2305489],[9.1509708,45.2304642],[9.1504722,45.2304019],[9.149287,45.2302279],[9.1478136,45.2300273],[9.1462509,45.2298313],[9.1456106,45.2297511],[9.1445895,45.2296039],[9.1436896,45.2294835],[9.1433312,45.2294344],[9.1419151,45.2292472],[9.1406487,45.2290597],[9.1402856,45.2290287],[9.1397744,45.2289798],[9.1396638,45.229349],[9.1396233,45.2297001],[9.1394815,45.2296868],[9.1393333,45.2296419],[9.1392106,45.2296151],[9.1390035,45.2295658],[9.138454,45.229499],[9.1378772,45.2293602],[9.1368959,45.2291723],[9.135999,45.2289844],[9.1349141,45.2287876],[9.1341367,45.2286265],[9.1336723,45.2295497],[9.1333139,45.2295051],[9.1326591,45.2293529],[9.1318689,45.2291828],[9.1313687,45.2290753],[9.1312094,45.2290395],[9.1308939,45.2289679],[9.1306392,45.2289772],[9.1304864,45.2290269],[9.130429,45.2289864],[9.1302774,45.2288696],[9.1301227,45.2287347],[9.1299775,45.2285954],[9.1298865,45.228492],[9.1298049,45.2283525],[9.1294596,45.2284294],[9.1292066,45.2285287],[9.1287884,45.2287542],[9.1283114,45.2290608],[9.1275686,45.2294532],[9.1268748,45.229661],[9.1264085,45.2297561],[9.1258943,45.2298107],[9.1257094,45.2297524],[9.1254544,45.2296401],[9.1250721,45.229564],[9.1247692,45.2294293],[9.1245526,45.2293981],[9.124518,45.2294155],[9.1242138,45.2295695],[9.1237955,45.2297815],[9.1233835,45.2300024],[9.1228952,45.2302415],[9.1225357,45.2303949],[9.1223808,45.2302106],[9.1220821,45.2297923],[9.1217897,45.2293156],[9.1215213,45.2289153],[9.1210718,45.2294108],[9.1206734,45.2292537],[9.1204263,45.2291415],[9.1201122,45.2289303],[9.1198219,45.2286921],[9.1197716,45.2290027],[9.1196974,45.2293313],[9.1195103,45.229723],[9.1191896,45.2301374],[9.1187667,45.2304844],[9.1183328,45.2308495],[9.1179656,45.2311829],[9.1173822,45.2316561],[9.1169846,45.2319355],[9.1161282,45.2320804],[9.1157109,45.2320403],[9.1153813,45.2320542],[9.1150917,45.232158],[9.1149644,45.2322031],[9.1148403,45.2322303],[9.1147732,45.2321673],[9.1147364,45.2320548],[9.1145492,45.2316185],[9.1142184,45.2318393],[9.1137793,45.2320108],[9.1135071,45.2320561],[9.1132251,45.2320113],[9.1129447,45.2319396],[9.1124619,45.2318051],[9.1119616,45.2316435],[9.1119536,45.231639],[9.1112966,45.2319817],[9.1106904,45.2322254],[9.1104759,45.2333058],[9.1097846,45.2331849],[9.1091809,45.233118],[9.1084914,45.2331186],[9.1082254,45.2330964],[9.1080358,45.2330336],[9.1076214,45.2328449],[9.1069266,45.2325935],[9.1059945,45.2323199],[9.1037286,45.2315163],[9.1030864,45.2312334],[9.1030514,45.2312289],[9.1023363,45.2311846],[9.1015688,45.2312258],[9.1011897,45.2311586],[9.1015684,45.2309647],[9.1022889,45.2305005],[9.1028697,45.2302614],[9.103564,45.2303148],[9.1043125,45.2303276],[9.1052487,45.2302682],[9.1061054,45.230272],[9.1064366,45.2302851],[9.1067751,45.2299473],[9.1071247,45.2295464],[9.1062758,45.2294257],[9.1052183,45.2293321],[9.1041353,45.2292251],[9.1034983,45.2291762],[9.1026209,45.229204],[9.1021145,45.2291504],[9.1020617,45.2290155],[9.1015648,45.2289844],[9.1005123,45.2289763],[9.0997717,45.228896],[9.0991824,45.228811],[9.0983065,45.2287442],[9.0978351,45.2286951],[9.0977602,45.2286862],[9.0975229,45.2286459],[9.097464,45.228637],[9.0970799,45.2284212],[9.0964837,45.2280167],[9.0958349,45.2276122],[9.0952356,45.2272166],[9.0946792,45.2268435],[9.0943443,45.2265243],[9.0941704,45.2263084],[9.0941104,45.2265875],[9.0941111,45.2270105],[9.0941654,45.227141],[9.0940703,45.2273886],[9.0939147,45.2276363],[9.0936093,45.2278616],[9.0932338,45.2280149],[9.0928375,45.2281458],[9.0926466,45.2282719],[9.0924526,45.2284296],[9.0921854,45.2285964],[9.0919722,45.2287361],[9.0916667,45.2288713],[9.0911557,45.2289572],[9.0906956,45.2290161],[9.0904011,45.2290659],[9.090078,45.2291336],[9.0899347,45.2291428],[9.0895111,45.2291026],[9.0890859,45.2290714],[9.0887593,45.2289907],[9.0883548,45.228919],[9.0881158,45.2288156],[9.0878991,45.2287663],[9.0875313,45.2287801],[9.0867097,45.2287987],[9.0862337,45.2288261],[9.0858755,45.2288804],[9.0855635,45.2289436],[9.085175,45.2289844],[9.0846513,45.2291063],[9.0843632,45.2291695],[9.0839478,45.2292869],[9.0836151,45.2293636],[9.0832457,45.2294089],[9.0829302,45.2292831],[9.0826293,45.2292608],[9.0821086,45.2293062],[9.0819478,45.2292883],[9.0814509,45.2292707],[9.0810608,45.2292395],[9.080701,45.2293117],[9.0802839,45.229357],[9.0798512,45.2296724],[9.0794693,45.2298662],[9.0791575,45.2300464],[9.0789729,45.2301411],[9.0786975,45.2301863],[9.0789971,45.2303976],[9.0792124,45.2306045],[9.0788304,45.2307443],[9.0784675,45.2308931],[9.0780728,45.2310509],[9.0776893,45.2312401],[9.0774077,45.2313754],[9.0777454,45.2315011],[9.0782841,45.2318473],[9.0787193,45.2321441],[9.0792675,45.2324722],[9.0797408,45.2327239],[9.080203,45.2329622],[9.0807352,45.2332363],[9.0814094,45.2336364],[9.082082,45.2340185],[9.0826047,45.2343196],[9.0827354,45.2343916],[9.083102,45.2345938],[9.0835021,45.2348321],[9.0838845,45.2350298],[9.0840981,45.2351647],[9.0842257,45.2353041],[9.0843007,45.2353851],[9.0843104,45.2354391],[9.08432,45.2354841],[9.084105,45.2355247],[9.083828,45.2355654],[9.0833583,45.2356018],[9.0826849,45.2357958],[9.0819192,45.2360214],[9.0812061,45.236265],[9.0806618,45.2364994],[9.0799328,45.2367609],[9.0793597,45.2369414],[9.078747,45.2372118],[9.0782345,45.2374192],[9.0777904,45.2376041],[9.077308,45.2377574],[9.076848,45.2379108],[9.0764007,45.2380911],[9.0760044,45.2382489],[9.0756478,45.2383976],[9.075301,45.2386634],[9.0748777,45.2389292],[9.0744688,45.2392085],[9.0739245,45.2395374],[9.0733787,45.2398483],[9.0728312,45.2401322],[9.0723887,45.2403846],[9.0721262,45.2405963],[9.071921,45.2407584],[9.0715676,45.2409207],[9.0713306,45.2411458],[9.0707656,45.2414927],[9.0704187,45.241754],[9.0701561,45.2419117],[9.0698268,45.2422314],[9.0695405,45.2425557],[9.0690982,45.24297],[9.0689314,45.2432986],[9.0687342,45.2435508],[9.0684558,45.2438345],[9.0680009,45.2443434],[9.067643,45.2447396],[9.0675921,45.2447802],[9.0675316,45.2448297],[9.0668248,45.2451587],[9.066188,45.2454246],[9.0655782,45.245596],[9.0646992,45.2458395],[9.0636913,45.2461371],[9.0628665,45.2463806],[9.0621404,45.2465611],[9.0611802,45.2468361],[9.0602486,45.2470932],[9.059306,45.2474042],[9.0584399,45.2477557],[9.0576199,45.2480982],[9.0566486,45.2485037],[9.055472,45.2489904],[9.054558,45.2493374],[9.0539864,45.2495852],[9.0533321,45.2499905],[9.0527494,45.2503149],[9.0520695,45.2506977],[9.0517956,45.2507744],[9.0514564,45.2509096],[9.0513339,45.2510356],[9.0507909,45.2512744],[9.0498386,45.2515944],[9.049063,45.2518332],[9.0483272,45.2519551],[9.0475101,45.2520679],[9.0467805,45.2520772],[9.0463472,45.2520549],[9.0462405,45.252073],[9.0461226,45.252109],[9.0460414,45.2521316],[9.0459538,45.2521541],[9.0450842,45.2523795],[9.0441701,45.2526544],[9.0437066,45.2528256],[9.0431635,45.2528843],[9.0431045,45.2528888],[9.0427413,45.2528845],[9.0422745,45.2527811],[9.0416037,45.2525788],[9.0411228,45.252795],[9.03993,45.2533311],[9.0390175,45.2537139],[9.0384415,45.2538842],[9.0383485,45.2538492],[9.0381383,45.2539438],[9.0374837,45.254241],[9.036981,45.2545124],[9.0367293,45.254633],[9.0369393,45.2548263],[9.0376788,45.2553841],[9.0387324,45.2561624],[9.0387071,45.2564325],[9.0385689,45.2571076],[9.0383227,45.2581248],[9.0380016,45.2591241],[9.0378537,45.2595157],[9.038722,45.2595964],[9.0384262,45.2604202],[9.0382339,45.2610818],[9.0381559,45.2612169],[9.0372222,45.2611497],[9.0369933,45.2619734],[9.0373854,45.2621038],[9.0376723,45.2622747],[9.0377984,45.2626077],[9.0377842,45.2629138],[9.0377064,45.2632063],[9.0375711,45.2634449],[9.0370474,45.2642867],[9.036718,45.2648539],[9.0364888,45.2652635],[9.036049,45.2651647],[9.0354116,45.2650388],[9.0351252,45.2656915],[9.0348643,45.2663307],[9.0353057,45.2664386],[9.0358794,45.2665779],[9.0357776,45.266866],[9.0355595,45.2672081],[9.0349444,45.2670643],[9.0343229,45.266898],[9.034127,45.2671231],[9.0339201,45.2675057],[9.0337705,45.2677307],[9.03349,45.2676813],[9.0333131,45.2675959],[9.0330533,45.2675059],[9.0329004,45.2676725],[9.0327635,45.2679471],[9.0326266,45.2681541],[9.0324402,45.2680912],[9.0322186,45.2680372],[9.0319079,45.2679923],[9.0314825,45.268078],[9.0315145,45.2683885],[9.031521,45.2684875],[9.0315386,45.2687125],[9.0316887,45.2692706],[9.0317385,45.2694198],[9.0320191,45.2702786],[9.0321069,45.2705262],[9.0321201,45.2705903],[9.0321756,45.2708007],[9.032222,45.2711787],[9.0322622,45.2717008],[9.0325047,45.2722678],[9.0328272,45.2733659],[9.0325739,45.2733569],[9.03233,45.273249],[9.0316653,45.2729882],[9.0307855,45.2726688],[9.0301431,45.272399],[9.0299391,45.2723],[9.0298022,45.2724396],[9.0296078,45.2725791],[9.0293864,45.2728132],[9.0291377,45.2726018],[9.0289401,45.2724623],[9.0286565,45.2725884],[9.0283187,45.2727235],[9.0278646,45.2729306],[9.027256,45.2731873],[9.0267669,45.2733315],[9.0266041,45.272949],[9.0261927,45.2723325],[9.025842,45.27195],[9.0256634,45.2717115],[9.024766,45.2711131],[9.0242703,45.2708792],[9.0239308,45.2706677],[9.0237603,45.2707488],[9.0231517,45.2710234],[9.0223742,45.2713206],[9.0220205,45.2715232],[9.0212095,45.2718114],[9.0204607,45.2721131],[9.0195445,45.2725138],[9.0187495,45.272892],[9.0180962,45.2731577],[9.0178842,45.2731757],[9.0178014,45.2731307],[9.0176292,45.2729867],[9.0174188,45.2728292],[9.0171399,45.2726177],[9.0167956,45.2724648],[9.0162828,45.2733785],[9.0157014,45.2744407],[9.0150038,45.275764],[9.0149873,45.2757836],[9.0157129,45.2763954],[9.0165487,45.2770856],[9.0165054,45.2772175],[9.0169422,45.277672],[9.0177871,45.278455],[9.0182744,45.2790105],[9.0174671,45.2793822],[9.0178848,45.2798367],[9.0184954,45.2804532],[9.0181147,45.2806161],[9.0185418,45.281021],[9.0189435,45.281421],[9.0193385,45.2818291],[9.0188716,45.2820633],[9.0184992,45.2822265],[9.0182414,45.2819932],[9.0179461,45.2821545],[9.0171095,45.2825777],[9.0163493,45.2829604],[9.0158729,45.2832014],[9.0162767,45.2836154],[9.0167068,45.2839529],[9.0170494,45.284216],[9.0174548,45.2844831],[9.0177816,45.2846899],[9.0180585,45.2848504],[9.0179629,45.284963],[9.0177733,45.285188],[9.0176331,45.2853501],[9.0174355,45.2855841],[9.0169685,45.2853502],[9.016398,45.2850647],[9.0160231,45.2849002],[9.0159611,45.2853098],[9.0158131,45.286165],[9.0157478,45.286471],[9.0157119,45.2867671],[9.0160676,45.2871117],[9.0163559,45.2873887],[9.0160257,45.2876158],[9.0155946,45.2879382],[9.0153605,45.2881229],[9.0148614,45.2884292],[9.0158424,45.2892335],[9.0151049,45.2896365],[9.0147321,45.2898465],[9.0156342,45.2905126],[9.0161637,45.2909015],[9.0152651,45.2914539],[9.0149848,45.2912506],[9.0138173,45.2919378],[9.0133597,45.2915346],[9.0122106,45.2921873],[9.0110486,45.292768],[9.0101655,45.2932137],[9.0099277,45.2930176],[9.0097201,45.2928353],[9.0087632,45.2932233],[9.0081926,45.2934755],[9.0074094,45.2922255],[9.0071371,45.2917234],[9.0058372,45.2922205],[9.0057139,45.2921893],[9.0059595,45.2917664],[9.0063649,45.2910806],[9.0065244,45.2907764],[9.0063381,45.2902295],[9.0055502,45.2904641],[9.0055088,45.2904776],[9.0040694,45.2908962],[9.0031461,45.2911739],[9.0028893,45.2912401],[9.002356,45.2917222],[9.0017625,45.2922645],[9.001197,45.2927568],[9.0014278,45.2930438],[9.0018819,45.2935925],[9.0022563,45.2940577],[9.0025935,45.2944677],[9.0027336,45.2946461],[9.0026882,45.2946688],[9.0021,45.2949623],[9.0014804,45.2952629],[9.0018869,45.295815],[9.0016532,45.2959231],[9.0020232,45.2963192],[9.0025476,45.2969],[9.0019412,45.2971979],[9.0020969,45.2973983],[9.0011279,45.2978462],[9.0005966,45.2981052],[9.0001289,45.2975258],[8.9996554,45.2969092],[8.9982573,45.2975168],[8.9973231,45.2979504],[8.9971333,45.2975589],[8.9969913,45.297299],[8.9968633,45.2970837],[8.9966254,45.2969561],[8.9961446,45.2967369],[8.995283,45.2963601],[8.9946611,45.295884],[8.99444,45.2957309],[8.9942527,45.2958424],[8.9944349,45.2962997],[8.9946688,45.2968898],[8.9939943,45.2970441],[8.9930298,45.2972151],[8.9932194,45.2979892],[8.9932353,45.2980522],[8.9934839,45.2990064],[8.9935769,45.2993904],[8.9921194,45.2995651],[8.992245,45.3002485],[8.9923581,45.3011981],[8.9923645,45.3013016],[8.9934678,45.3012297],[8.9939827,45.3011712],[8.994072,45.3016303],[8.995196,45.3015178],[8.9961271,45.3014323],[8.9967362,45.3014143],[8.9965799,45.3008743],[8.9972974,45.3008158],[8.9979878,45.3007258],[8.9980005,45.3011488],[8.9980659,45.3014054],[8.9974457,45.3014504],[8.9975636,45.3019589],[8.9976529,45.3024945],[8.9984262,45.302346],[8.9993908,45.3021525],[8.9995072,45.3021975],[8.9995263,45.3024495],[8.9987594,45.3036197],[8.9982316,45.3045423],[8.9977261,45.3053659],[8.9971585,45.3063066],[8.9966259,45.3071122],[8.9959736,45.3084399],[8.9955303,45.3092725],[8.9949817,45.3102221],[8.994508,45.3111402],[8.9939019,45.3121258],[8.9933836,45.3130484],[8.9927583,45.3142185],[8.9922559,45.3150466],[8.9917534,45.3159602],[8.9912812,45.3168153],[8.9911463,45.3170283],[8.9907532,45.3176524],[8.9902682,45.318521],[8.9894419,45.3197631],[8.9888691,45.3208477],[8.9885835,45.3214013],[8.988491,45.3216308],[8.9891449,45.3217254],[8.9902789,45.32191],[8.99025,45.3226661],[8.9912453,45.3227472],[8.9919454,45.3228507],[8.9916838,45.3235843],[8.9913997,45.3244619],[8.991079,45.3252855],[8.9921221,45.3254611],[8.9932354,45.3256547],[8.994336,45.3258573],[8.9949868,45.3259788],[8.9948751,45.3264739],[8.993942,45.3263299],[8.993701,45.3271175],[8.9934362,45.327851],[8.9931713,45.3286746],[8.9929096,45.3295478],[8.992876,45.3303354],[8.9931775,45.3306324],[8.9934486,45.330817],[8.9937708,45.3310375],[8.9943403,45.3313706],[8.9945014,45.3314696],[8.995141,45.3320187],[8.9957456,45.3326488],[8.9963055,45.3331034],[8.9965543,45.3333329],[8.9964442,45.333396],[8.9963501,45.3334725],[8.9962432,45.333531],[8.9961619,45.333576],[8.996031,45.3336975],[8.9959592,45.333747],[8.9958747,45.333792],[8.9957933,45.33381],[8.9957024,45.3338145],[8.9955126,45.3338145],[8.9953913,45.3338055],[8.9951951,45.3337785],[8.9951233,45.3337785],[8.9949782,45.333783],[8.9948346,45.3337875],[8.9947054,45.333801],[8.9945953,45.3338235],[8.9945075,45.333855],[8.9944198,45.3339],[8.9943544,45.333936],[8.9942664,45.3339872],[8.9942539,45.3339945],[8.9941486,45.3340935],[8.9940943,45.33417],[8.9940544,45.3342825],[8.9940177,45.334413],[8.993997,45.3345165],[8.9939747,45.334629],[8.9939699,45.3347596],[8.993973,45.3348541],[8.993989,45.3349576],[8.9940081,45.3350521],[8.9940464,45.3351511],[8.9941261,45.3352906],[8.9951934,45.3354707],[8.9942951,45.3373384],[8.9952491,45.337487],[8.9942821,45.3393277],[8.9929739,45.3392466],[8.9928238,45.3403763],[8.992168,45.3406103],[8.9912571,45.3401917],[8.9910625,45.3401331],[8.9908694,45.3401736],[8.9888545,45.3428008],[8.98864,45.3429053],[8.988163,45.3430223],[8.9868944,45.3434677],[8.9863854,45.3437242],[8.9854136,45.3440166],[8.9844706,45.344174],[8.9830106,45.3444979],[8.9816446,45.3449793],[8.981485,45.3451323],[8.9811705,45.3456318],[8.9795934,45.3476388],[8.9794578,45.3476883],[8.9767695,45.3505907],[8.9769993,45.3506403],[8.9756756,45.3527328],[8.9749288,45.3525436],[8.9740345,45.3535436],[8.9740235,45.353556],[8.9772085,45.3544028],[8.977719,45.354655],[8.9782823,45.3547811],[8.9803647,45.355479],[8.9806327,45.3557176],[8.9806469,45.3560822],[8.9805192,45.3562847],[8.9804281,45.3567347],[8.9800402,45.3570767],[8.982603,45.3579412],[8.9840728,45.358135],[8.9832948,45.3607317],[8.9839108,45.3608443],[8.9840178,45.3609163],[8.9838855,45.3610929],[8.9836537,45.3614024],[8.9833328,45.3619649],[8.9829478,45.3630135],[8.9829749,45.363306],[8.9828614,45.3638281],[8.9825977,45.3651377],[8.9824173,45.3651512],[8.9821811,45.3651512],[8.9819927,45.3651466],[8.981806,45.3651421],[8.9816368,45.3651286],[8.9814293,45.3651105],[8.9812409,45.3651015],[8.9810015,45.3650835],[8.9807589,45.3650699],[8.98047,45.3650609],[8.9804189,45.3650564],[8.9802178,45.3650203],[8.9799641,45.3649933],[8.9797119,45.3649662],[8.9794007,45.3649392],[8.9792123,45.3649121],[8.9790878,45.3649031],[8.9790718,45.3649661],[8.9790527,45.3649886],[8.9790303,45.3650021],[8.9789872,45.3650246],[8.9789393,45.3650651],[8.9789058,45.3651281],[8.978893,45.3651866],[8.978893,45.3652586],[8.9788802,45.3653171],[8.9788674,45.3653532],[8.9788211,45.3653801],[8.9787636,45.3653936],[8.9787205,45.3653891],[8.9786758,45.3653846],[8.9786136,45.3653621],[8.9785976,45.3653531],[8.9785625,45.3653396],[8.9784556,45.3652856],[8.9783774,45.365254],[8.9782864,45.365236],[8.9781891,45.3652405],[8.9780757,45.3652495],[8.9779225,45.3652675],[8.9777932,45.3652764],[8.9775857,45.3652944],[8.9773463,45.3653304],[8.9771866,45.3653708],[8.977102,45.3654203],[8.9770733,45.3654743],[8.9770637,45.3655328],[8.9770573,45.3656048],[8.9770141,45.3657084],[8.9769726,45.3658074],[8.9769757,45.3658704],[8.9769949,45.3659289],[8.976998,45.3660279],[8.9769629,45.3661044],[8.9769166,45.3661764],[8.9769134,45.3662304],[8.9769293,45.3662394],[8.9769724,45.3662619],[8.9770139,45.3662754],[8.9771081,45.366298],[8.9772214,45.3663115],[8.9772964,45.366316],[8.9775358,45.3663385],[8.9771398,45.366784],[8.9765425,45.3676075],[8.9758701,45.3685885],[8.9755796,45.3686155],[8.9753832,45.3686199],[8.9753258,45.3686154],[8.9752603,45.3686109],[8.9751885,45.3685974],[8.9750783,45.3685839],[8.9749554,45.3685748],[8.9748389,45.3685658],[8.9747192,45.3685613],[8.9745723,45.3685657],[8.9744079,45.3685567],[8.9743138,45.3685567],[8.9742324,45.3685432],[8.9741318,45.3685341],[8.9740536,45.3685296],[8.9739722,45.3685116],[8.9738892,45.3684846],[8.9737551,45.3684486],[8.9736482,45.3684125],[8.9735508,45.368381],[8.9734806,45.368354],[8.9733992,45.368327],[8.9733242,45.3682954],[8.9732205,45.3682639],[8.9731295,45.3682324],[8.9730577,45.3682054],[8.9729747,45.3681783],[8.9729156,45.3681513],[8.9728374,45.3681288],[8.9727113,45.3681063],[8.9726427,45.3680927],[8.9725134,45.3680612],[8.9723618,45.3680252],[8.9721735,45.3679891],[8.9720171,45.3679531],[8.9719133,45.3679261],[8.9717218,45.3678765],[8.9717122,45.367881],[8.9716627,45.367872],[8.9714329,45.3678089],[8.971235,45.3677549],[8.9710403,45.3676918],[8.970979699999999,45.3676918],[8.9707339,45.3675792],[8.9707131,45.3675702],[8.9706557,45.3675477],[8.9705488,45.3674982],[8.9704355,45.3674441],[8.9703126,45.3673811],[8.9701817,45.367318],[8.970078,45.367264],[8.9699679,45.36721],[8.9698514,45.3671424],[8.969703,45.3670479],[8.9695849,45.3669758],[8.9694525,45.3668903],[8.9693855,45.3668588],[8.9692386,45.3667957],[8.9690184,45.3667417],[8.9687854,45.3666876],[8.9686785,45.3666606],[8.9684087,45.3666065],[8.9681789,45.3665389],[8.9681454,45.3665254],[8.9681103,45.3665029],[8.9680624,45.3664759],[8.9680194,45.3664489],[8.9679587,45.3664218],[8.9678901,45.3664038],[8.9678342,45.3663993],[8.9677672,45.3663948],[8.9676794,45.3663857],[8.9675725,45.366376700000004],[8.9674847,45.3663497],[8.9674161,45.3663227],[8.9673682,45.3663002],[8.9672788,45.3662776],[8.9671495,45.3662596],[8.9670266,45.3662551],[8.9668718,45.3662505],[8.9666835,45.3662505],[8.966527,45.3662414],[8.966369,45.3662144],[8.9661903,45.3661738],[8.9659253,45.3661512],[8.9656746,45.3663537],[8.9653219,45.3662726],[8.9642639,45.3683965],[8.9643406,45.3683966],[8.9644315,45.3684011],[8.9645449,45.3684101],[8.9646518,45.3684282],[8.9647619,45.3684507],[8.9648752,45.3684777],[8.9650572,45.3685138],[8.9652248,45.3685453],[8.9653349,45.3685724],[8.9654849,45.3686084],[8.9656014,45.3686355],[8.9657307,45.368667],[8.9658887,45.3687121],[8.9663292,45.3688112],[8.9666468,45.3688743],[8.9667203,45.3688833],[8.9669501,45.3689419],[8.9671735,45.369005],[8.9674034,45.3690725],[8.9675661,45.3691086],[8.9678694,45.3691852],[8.9685461,45.3693744],[8.9689052,45.36946],[8.9688222,45.3695635],[8.9688126,45.369568],[8.9687599,45.3696175],[8.9687151,45.369667],[8.9686529,45.36973],[8.9685778,45.369811],[8.9684995,45.369892],[8.9683925,45.3699954],[8.9682759,45.3701124],[8.9680971,45.3702744],[8.9680939,45.3702789],[8.9680348,45.3703329],[8.9679613,45.3703869],[8.9678863,45.3704499],[8.9677793,45.3705398],[8.9676547,45.3706343],[8.9675413,45.3707243],[8.9674247,45.3708188],[8.9673145,45.3708998],[8.9672075,45.3709943],[8.9670734,45.3711067],[8.9668977,45.3712282],[8.9667715,45.3713272],[8.9666374,45.3714216],[8.966548,45.3714891],[8.9664298,45.3715881],[8.966326,45.3716916],[8.9659426,45.372056],[8.9653309,45.3726364],[8.9652143,45.3727399],[8.9651328,45.3728119],[8.965013,45.3729109],[8.9648837,45.3730279],[8.9647894,45.3731043],[8.9646042,45.3732573],[8.9643566,45.3734643],[8.9643406,45.3734733],[8.964256,45.3735407],[8.9641713,45.3736217],[8.9640707,45.3736937],[8.9639797,45.3737747],[8.9638854,45.3738737],[8.9637544,45.3740041],[8.9635899,45.3741751],[8.9630436,45.374724],[8.9624477,45.3753629],[8.9618694,45.3759568],[8.961486,45.3763167],[8.961192,45.3766497],[8.9610099,45.3768206],[8.9609748,45.3768656],[8.9608805,45.3769556],[8.9607735,45.3770771],[8.9606137,45.3772301],[8.9603901,45.377446],[8.9602622,45.3775855],[8.9601456,45.377707],[8.9599507,45.3778824],[8.959684,45.3781074],[8.9594571,45.3783323],[8.9593037,45.3784853],[8.9592622,45.3785348],[8.9592063,45.3785978],[8.9591743,45.3786383],[8.9591391,45.3786878],[8.9590896,45.3787553],[8.9590576,45.3788003],[8.9590177,45.3788632],[8.9589921,45.3789037],[8.9589633,45.3789442],[8.9589234,45.3790027],[8.9588946,45.3790477],[8.9588547,45.3791062],[8.9588227,45.3791557],[8.9587939,45.3791872],[8.9587668,45.3792232],[8.958722,45.3792682],[8.9586757,45.3793132],[8.9586278,45.3793582],[8.9585751,45.3794032],[8.9585239,45.3794436],[8.9584648,45.3794886],[8.9584169,45.3795291],[8.9583578,45.3795741],[8.9582795,45.3796371],[8.9582284,45.3796821],[8.9581789,45.3797181],[8.9581278,45.3797586],[8.9580687,45.379808],[8.9580271,45.379844],[8.9579776,45.3798845],[8.9579297,45.3799295],[8.9578929,45.3799655],[8.9578578,45.3800015],[8.9578178,45.3800375],[8.9577859,45.380078],[8.9577603,45.380114],[8.9577139,45.3801815],[8.9576788,45.38024],[8.9576324,45.3803119],[8.9575941,45.3803794],[8.9575573,45.3804334],[8.9575349,45.3804694],[8.957503,45.3805099],[8.9574902,45.3805279],[8.9574311,45.3805819],[8.9573927,45.3806134],[8.9573208,45.3806809],[8.9572713,45.3807214],[8.9572106,45.3807754],[8.9571643,45.3808203],[8.9571291,45.3808563],[8.9570796,45.3809013],[8.9570221,45.3809598],[8.9569565,45.3810183],[8.9568847,45.3810813],[8.9567057,45.3812297],[8.9566386,45.3813017],[8.9565795,45.3813647],[8.9564628,45.3814907],[8.9563814,45.3815762],[8.956343,45.3816167],[8.9557343,45.382197],[8.9555712,45.3824085],[8.9555377,45.38244],[8.9610013,45.3848587],[8.9614659,45.3849489],[8.9621395,45.3851877],[8.9623086,45.3855163],[8.9616273,45.3871363],[8.9613313,45.3880048],[8.9604421,45.3901063],[8.9608731,45.3902099],[8.9609386,45.3902684],[8.9608154,45.390642],[8.9606635,45.3909209],[8.9606122,45.3911415],[8.9605116,45.3911954],[8.9603102,45.3914249],[8.9601505,45.3914698],[8.9598886,45.3914338],[8.9593953,45.3912446],[8.9591814,45.391213],[8.9589865,45.3912939],[8.9585647,45.3915548],[8.9578316,45.3918291],[8.9598109,45.3929999],[8.9601323,45.3923745],[8.960361,45.3918345],[8.9604059,45.391623],[8.96062,45.391398],[8.9607159,45.391353],[8.9604578,45.3951469],[8.9610135,45.3952596],[8.9616441,45.3954894],[8.9606204,45.397937400000004],[8.9612654,45.3981581],[8.9627121,45.3985231],[8.9623701,45.3990046],[8.962111,45.3995311],[8.9607185,45.4016369],[8.9542134,45.4011373],[8.9403291,45.4000711],[8.937515,45.3999398],[8.9373044,45.39993],[8.9371303,45.3999389],[8.9370424,45.3999389],[8.9369482,45.3999478],[8.9368603,45.3999658],[8.9367757,45.3999747],[8.936699,45.3999882],[8.9366047,45.4000061],[8.9365169,45.4000286],[8.9364402,45.4000511],[8.9363491,45.400078],[8.9362836,45.4000964],[8.936191,45.4001229],[8.9361127,45.4001544],[8.936036,45.4001949],[8.9359736,45.4002443],[8.9359033,45.4003028],[8.9358425,45.4003568],[8.9357546,45.4004287],[8.9356971,45.4004827],[8.9345577,45.4018788],[8.9331748,45.4035732],[8.9286019,45.4092283],[8.9277038,45.4103389],[8.9258772,45.4126142],[8.925532,45.4130398],[8.9218667,45.4175091],[8.9205736,45.4191419],[8.9201638,45.4196997],[8.919944599999999,45.4199471],[8.919839,45.420091],[8.9197461,45.42019],[8.9196198,45.4202979],[8.919511,45.4204013],[8.919423,45.4204823],[8.9193558,45.4205408],[8.9192759,45.4205947],[8.9191879,45.4206397],[8.9182209,45.4211746],[8.9145666,45.4233142],[8.9158538,45.4236977],[8.9158953,45.4237112],[8.9160391,45.4237383],[8.9161925,45.4237609],[8.916365,45.4237881],[8.9165119,45.4238152],[8.9166813,45.4238468],[8.9167979,45.4238694],[8.9169049,45.4238785],[8.9170327,45.4238966],[8.9171333,45.4239146],[8.9173154,45.4239373],[8.9175327,45.4239509],[8.9177692,45.4239556],[8.9180168,45.4239603],[8.9181926,45.4239829],[8.9182708,45.4239919],[8.9183619,45.424001],[8.91852,45.4240236],[8.9185376,45.4240281],[8.9186047,45.4240417],[8.918774,45.4240823],[8.9190264,45.424159],[8.9192532,45.4242087],[8.919456,45.4242493],[8.9195215,45.4242628],[8.919694,45.4243035],[8.9199704,45.4243577],[8.9201684,45.4243893],[8.9204256,45.424439],[8.9206892,45.4244887],[8.9209272,45.4245248],[8.9212068,45.4245835],[8.9214479,45.4246332],[8.9217419,45.4246829],[8.9219655,45.4247281],[8.9220613,45.4247461],[8.9222195,45.4247687],[8.9225422,45.4248185],[8.9228473,45.4248682],[8.9231636,45.4249179],[8.9234799,45.4249631],[8.9236844,45.4250037],[8.9237961,45.4250623],[8.9238217,45.4250848],[8.9238249,45.4250938],[8.92382,45.4251388],[8.9238008,45.4251838],[8.9237607,45.4252693],[8.9237126,45.4253728],[8.923663,45.4254898],[8.923594,45.4256382],[8.9235411,45.4257822],[8.923469,45.4259847],[8.9234224,45.4261422],[8.9234303,45.4262322],[8.9234606,45.4262727],[8.9234893,45.4262953],[8.9235883,45.4263178],[8.923689,45.4263314],[8.9237769,45.4263405],[8.9239158,45.4263675],[8.9240596,45.4263946],[8.9241699,45.4263992],[8.9244143,45.4264309],[8.9246156,45.4264625],[8.9247737,45.4265076],[8.9249414,45.4265572],[8.9249558,45.4265617],[8.9249654,45.4265617],[8.9249845,45.4265708],[8.9250165,45.4265798],[8.9250388,45.4265888],[8.9250788,45.4265978],[8.9251107,45.4266114],[8.9251538,45.4266339],[8.9246987,45.4276507],[8.9238942,45.4294414],[8.9231314,45.4310521],[8.923125,45.4310611],[8.9231074,45.4310746],[8.9230786,45.4310926],[8.9230594,45.4311016],[8.923021,45.4311151],[8.9229811,45.431124],[8.9229363,45.4311285],[8.922906,45.4311285],[8.9228292,45.4311329],[8.9226662,45.4311328],[8.9225815,45.4311418],[8.9224745,45.4311597],[8.9222475,45.4312001],[8.9222283,45.431209],[8.9221404,45.431245],[8.9220556,45.4312764],[8.9219325,45.4313214],[8.9218318,45.4313708],[8.9217374,45.4314382],[8.9216958,45.4314832],[8.921675,45.4315282],[8.9216653,45.4315732],[8.9216652,45.4316812],[8.9216683,45.4317172],[8.9216619,45.4317577],[8.9216555,45.4317622],[8.9216299,45.4317712],[8.9215883,45.4317712],[8.9215692,45.4317667],[8.9215324,45.4317622],[8.9214877,45.4317486],[8.9213966,45.4317351],[8.9213183,45.4317125],[8.9212113,45.4316944],[8.9211043,45.4316809],[8.9209716,45.4316673],[8.9207831,45.4316311],[8.9206921,45.4316041],[8.9205292,45.4315499],[8.9204876,45.4315364],[8.920363,45.4315048],[8.9202336,45.4314687],[8.9201011,45.4314191],[8.9199509,45.431383],[8.9198343,45.4313649],[8.9196793,45.4313333],[8.919649,45.4313243],[8.9196394,45.4313333],[8.919633,45.4313378],[8.9196202,45.4313648],[8.9195817,45.4314233],[8.9195369,45.4314998],[8.9194968,45.4315627],[8.9194295,45.4316932],[8.9193735,45.4317967],[8.9192966,45.4319227],[8.9192117,45.4320756],[8.9191139,45.4322601],[8.9190354,45.4324085],[8.9189697,45.432539],[8.9188832,45.4326695],[8.9188736,45.4326875],[8.9188288,45.4327504],[8.9187439,45.4328989],[8.9186878,45.4330294],[8.9186157,45.4331598],[8.9185245,45.4332408],[8.9184765,45.4332317],[8.9183519,45.4332047],[8.9181922,45.433164],[8.9179973,45.4331009],[8.9177337,45.4330287],[8.9175564,45.4329881],[8.9174063,45.4329475],[8.9172673,45.4329159],[8.9171698,45.4329023],[8.9171634,45.4328978],[8.9171378,45.4329338],[8.9171026,45.4329922],[8.9170609,45.4330777],[8.9170112,45.4331857],[8.9169679,45.4332757],[8.916907,45.4333972],[8.9168509,45.4334961],[8.9167773,45.4336086],[8.9166876,45.4337255],[8.9165899,45.4338605],[8.9165099,45.4339729],[8.9164634,45.4340539],[8.9164217,45.4341439],[8.9163816,45.4342294],[8.9163271,45.4343329],[8.9162503,45.4344318],[8.9161767,45.4344948],[8.9159289,45.4345621],[8.9156588,45.4345979],[8.9154718,45.4346068],[8.9153775,45.4346067],[8.9153183,45.4346112],[8.9150579,45.434593],[8.9148438,45.4345703],[8.9146185,45.4345296],[8.9143884,45.4344935],[8.9138228,45.4344661],[8.9133674,45.4344162],[8.913107,45.4343755],[8.912789,45.4343438],[8.9122905,45.4343029],[8.9120971,45.4343118],[8.912081,45.434347699999996],[8.9120522,45.4344152],[8.9119911,45.4346402],[8.9119574,45.4347527],[8.9118316,45.4354862],[8.9130955,45.4356267],[8.9134151,45.4356359],[8.9135029,45.4356585],[8.9136883,45.4356946],[8.913872,45.4357398],[8.9140573,45.4357849],[8.9142266,45.4358345],[8.9143384,45.4358751],[8.914471,45.4359112],[8.9144918,45.4359202],[8.9145892,45.4359473],[8.9147585,45.4359969],[8.9149439,45.4360241],[8.9151069,45.4360467],[8.9152858,45.4360648],[8.9154248,45.4360739],[8.915754,45.4360922],[8.9158931,45.4360968],[8.9160225,45.4360969],[8.9161695,45.4360925],[8.9162734,45.436088],[8.9163469,45.4360836],[8.9163917,45.4360836],[8.9164125,45.4360791],[8.9164748,45.4360792],[8.9165004,45.4360837],[8.9165451,45.4360927],[8.9166249,45.4361783],[8.9167125,45.4363404],[8.916789,45.436489],[8.916883,45.4367231],[8.9168941,45.4367816],[8.9169052,45.4368491],[8.9169115,45.4368941],[8.9169035,45.4369346],[8.9168938,45.4369526],[8.9168714,45.4369706],[8.9168155,45.436984],[8.9166206,45.4369524],[8.9164384,45.4369073],[8.9161972,45.4368531],[8.9158154,45.4367313],[8.9156365,45.4366817],[8.9154272,45.4366185],[8.9152244,45.4365553],[8.9150774,45.4365192],[8.9149576,45.4364831],[8.9148761,45.4364606],[8.9148298,45.436447],[8.9148074,45.4364425],[8.9147754,45.4364605],[8.9147146,45.43651],[8.9146267,45.4365594],[8.9145435,45.4365638],[8.9144285,45.4365458],[8.9143183,45.4365232],[8.9142208,45.4365006],[8.9141713,45.4364961],[8.9138847,45.4368334],[8.9137886,45.4369458],[8.9137134,45.4370583],[8.9136397,45.4371528],[8.9135548,45.4373012],[8.913449,45.4374677],[8.913409,45.4375441],[8.913409,45.4375576],[8.9133801,45.4376026],[8.9133001,45.4377016],[8.9132312,45.4378185],[8.9132023,45.4378545],[8.9131703,45.4378995],[8.9131383,45.437949],[8.9131191,45.437967],[8.9130967,45.4379715],[8.913012,45.4379624],[8.9128618,45.4379353],[8.9126285,45.4378946],[8.9124224,45.4378539],[8.9122563,45.4378178],[8.9120901,45.4377637],[8.9118873,45.437687],[8.9116781,45.4376103],[8.9114704,45.4375562],[8.911349,45.4375246],[8.9112675,45.4375065],[8.9111892,45.4374795],[8.9111237,45.4374614],[8.9111141,45.4374569],[8.9110581,45.4375469],[8.9109716,45.4376638],[8.9108995,45.4377808],[8.9108161,45.4379337],[8.9107568,45.4380372],[8.910696,45.4381137],[8.9106544,45.4381586],[8.9105202,45.438127],[8.9103381,45.4380819],[8.9101496,45.4380277],[8.9099371,45.4379646],[8.9097358,45.4379104],[8.909576,45.4378788],[8.9093955,45.4378381],[8.9092038,45.437793],[8.9090441,45.4377523],[8.9089003,45.4377162],[8.9087181,45.4376801],[8.9086111,45.437662],[8.908536,45.4376574],[8.9084545,45.4376664],[8.9083745,45.4377293],[8.908312,45.4378238],[8.9082782,45.4379498],[8.9082924,45.4380803],[8.9083162,45.4381793],[8.9083369,45.4382558],[8.9083782,45.4383819],[8.9084355,45.4385395],[8.9084928,45.438652],[8.9086092,45.4388456],[8.9086761,45.4389762],[8.9087064,45.4390302],[8.9087367,45.4390933],[8.9087797,45.4391698],[8.9088068,45.4392283],[8.9088274,45.4392914],[8.9088321,45.4393904],[8.9088207,45.4394804],[8.908803,45.4395974],[8.9087837,45.4396694],[8.9087467,45.4397774],[8.908713,45.4398628],[8.9086681,45.4399573],[8.9086184,45.4400518],[8.9085511,45.4401597],[8.9084758,45.4403037],[8.9083908,45.4404657],[8.9083075,45.4406186],[8.9082209,45.4408076],[8.9081327,45.440992],[8.9080493,45.441127],[8.9079708,45.4412529],[8.9079324,45.4413159],[8.9078794,45.4414509],[8.9078136,45.4415858],[8.9077752,45.4416713],[8.9077479,45.4417478],[8.9077318,45.4418063],[8.9077285,45.4418423],[8.9077301,45.4418738],[8.90773,45.4419008],[8.9077571,45.4419683],[8.9078257,45.4420269],[8.9079343,45.4420855],[8.9080748,45.4421531],[8.9081962,45.4421982],[8.9082969,45.4422253],[8.9084199,45.4422614],[8.9085909,45.442302],[8.9087762,45.4423292],[8.9089184,45.4423518],[8.9089967,45.4423699],[8.9091053,45.4424105],[8.9092203,45.4424826],[8.9092776,45.4426221],[8.909279,45.4427571],[8.9092869,45.4428472],[8.9093011,45.4429282],[8.909325,45.4430002],[8.9093872,45.4430678],[8.9094591,45.4430993],[8.9095805,45.4431264],[8.9097722,45.4431581],[8.9098953,45.4431762],[8.9099576,45.4431852],[8.9100551,45.4431988],[8.9102117,45.4432259],[8.9103123,45.443253],[8.9104849,45.4433026],[8.9106063,45.4433387],[8.9107101,45.4433658],[8.9108444,45.4433929],[8.910929,45.443411],[8.9110361,45.4434291],[8.9116816,45.4435511],[8.9117983,45.4435692],[8.9119053,45.4435873],[8.9120236,45.4436188],[8.9120731,45.4436459],[8.91222,45.4437585],[8.9122678,45.4438621],[8.9122852,45.4439746],[8.9122994,45.4440916],[8.9123072,45.4441906],[8.9123006,45.4443301],[8.9122636,45.4444831],[8.9122235,45.4445821],[8.9121754,45.4446856],[8.9121545,45.4447441],[8.9121512,45.4448161],[8.9121399,45.4448971],[8.9121157,45.4450006],[8.9120852,45.4450951],[8.9120403,45.4451941],[8.9119842,45.4453155],[8.9119377,45.4454235],[8.9118896,45.445518],[8.9118575,45.445572],[8.9118415,45.4455944],[8.9117568,45.4455899],[8.9115954,45.4455583],[8.9114245,45.4455086],[8.9112487,45.4454635],[8.9109947,45.4453778],[8.910763,45.4453056],[8.9106225,45.445256],[8.9104819,45.4452109],[8.9102374,45.4451432],[8.9100489,45.4450935],[8.9099179,45.4450664],[8.9098204,45.4450393],[8.9097166,45.4450123],[8.9096862,45.4450032],[8.9096236,45.4451472],[8.9095674,45.4453137],[8.9095145,45.4454262],[8.909444,45.4455521],[8.9093654,45.4457186],[8.9092996,45.445858],[8.9092531,45.4459795],[8.9092146,45.446065],[8.9091584,45.4462045],[8.9090927,45.4463394],[8.9090301,45.4464654],[8.9090109,45.4464834],[8.9089821,45.4465194],[8.908688100000001,45.4464426],[8.9085219,45.446411],[8.9083366,45.4463658],[8.9081864,45.4463207],[8.9080107,45.4462531],[8.9078206,45.4461944],[8.9076736,45.4461493],[8.9075378,45.4461132],[8.9074419,45.4460816],[8.9074196,45.4460771],[8.9073523,45.4461805],[8.9072801,45.44632],[8.907224,45.446437],[8.9071678,45.4465854],[8.9071276,45.4466979],[8.9070987,45.4467744],[8.9070795,45.4468104],[8.9070731,45.4468194],[8.9070124,45.4468013],[8.9069069,45.4467743],[8.9067695,45.4467336],[8.9066401,45.446702],[8.906549,45.4466795],[8.9064803,45.4466704],[8.9064484,45.4466659],[8.9063796,45.4467018],[8.9062947,45.4468278],[8.9062593,45.4469223],[8.9062192,45.4470437],[8.9061791,45.4471337],[8.9061406,45.4472057],[8.9061325,45.4472597],[8.906166,45.4473227],[8.9062378,45.4473723],[8.9064375,45.4474535],[8.9066228,45.4475031],[8.9068369,45.4475483],[8.9070878,45.4475935],[8.9072652,45.4476296],[8.9073978,45.4476658],[8.9075128,45.4477019],[8.9075975,45.4477109],[8.9080161,45.4478418],[8.9080354,45.4477653],[8.9080659,45.4477203],[8.9080947,45.4476708],[8.9081236,45.4476168],[8.9081492,45.4475718],[8.9081829,45.4475179],[8.9082053,45.4474954],[8.9082629,45.4474639],[8.9083061,45.447455],[8.9087184,45.4475138],[8.9096213,45.447654],[8.9102781,45.447758],[8.9107447,45.4478259],[8.910791,45.4478439],[8.9108326,45.447853],[8.9108709,45.447853],[8.9108981,45.4478395],[8.9109718,45.4477721],[8.9109957,45.4477766],[8.9110277,45.4477811],[8.911018,45.4478261],[8.9109826,45.4479926],[8.91092,45.4481816],[8.9108638,45.4483255],[8.9108077,45.4484425],[8.9107596,45.4485145],[8.9107212,45.4485505],[8.9105981,45.4485729],[8.9103935,45.4485502],[8.9101251,45.448496],[8.9099109,45.4484643],[8.9096153,45.4484146],[8.9093868,45.4483694],[8.9092046,45.4483333],[8.9089537,45.4482926],[8.9087124,45.4482609],[8.9085462,45.4482382],[8.9083864,45.4482066],[8.9082442,45.4481795],[8.9080971,45.4481524],[8.9079773,45.4481298],[8.9079405,45.4481252],[8.9078282,45.4483817],[8.907772,45.4485302],[8.9077495,45.4486157],[8.9077254,45.4487326],[8.9077027,45.4488766],[8.9076849,45.4490342],[8.9076735,45.4491602],[8.9076461,45.4492817],[8.9076043,45.4494661],[8.9075576,45.4496461],[8.9075046,45.4498081],[8.907434,45.4500106],[8.9073681,45.450222],[8.9073439,45.450312],[8.9073181,45.450501],[8.9072682,45.4506765],[8.9072216,45.450834],[8.9071733,45.451023],[8.9071203,45.451176],[8.9070577,45.4513559],[8.9070015,45.4515314],[8.9069789,45.4516304],[8.9069564,45.4517294],[8.9069098,45.4518734],[8.9068664,45.4520129],[8.9068101,45.4522288],[8.9067828,45.4523323],[8.9067426,45.4524583],[8.9067185,45.4525213],[8.9067024,45.4525933],[8.9066687,45.4526788],[8.9066558,45.4527598],[8.9066508,45.4528453],[8.9066555,45.4529128],[8.9066858,45.4529758],[8.9067816,45.4530389],[8.9069206,45.453084],[8.9070053,45.4530976],[8.9070996,45.4531112],[8.9072178,45.4531428],[8.9072706,45.4531698],[8.9073168,45.4532149],[8.9073135,45.4532869],[8.9072989,45.4534129],[8.9072763,45.4535659],[8.9072361,45.4537279],[8.9072119,45.4538359],[8.9071782,45.4539348],[8.9071846,45.4539484],[8.9071254,45.4539393],[8.9070247,45.4539392],[8.9068361,45.4539301],[8.906502,45.4538983],[8.9062223,45.4538711],[8.9060209,45.4538664],[8.9058802,45.4538618],[8.9057076,45.4538527],[8.9055238,45.4538435],[8.9054087,45.4538389],[8.9053447,45.4538389],[8.9053255,45.4538748],[8.9052981,45.4539918],[8.9052707,45.4541133],[8.9052338,45.4542168],[8.9051889,45.4543158],[8.9051519,45.4544238],[8.9051423,45.4544508],[8.9051486,45.4544778],[8.9051566,45.4544913],[8.9052221,45.4545273],[8.9053451,45.4545544],[8.9055641,45.4545861],[8.9058103,45.4545953],[8.9060836,45.4546091],[8.9061252,45.4546136],[8.906138,45.4546136],[8.9062722,45.4546362],[8.906504,45.4546679],[8.9066766,45.4546905],[8.906862,45.4547087],[8.9070042,45.4547268],[8.9071896,45.454763],[8.9072551,45.454781],[8.9073047,45.4548081],[8.9073222,45.4548621],[8.9072932,45.4549656],[8.907237,45.4551005],[8.9071744,45.455258],[8.9071343,45.455375],[8.9071276,45.4555235],[8.9071275,45.4555775],[8.9071355,45.4556315],[8.9071881,45.4556946],[8.9072312,45.4557126],[8.9072967,45.4557487],[8.9073351,45.4557712],[8.9073414,45.4557802],[8.9073174,45.4558477],[8.9072804,45.4559602],[8.9072466,45.4561132],[8.9072319,45.4562752],[8.9072124,45.4564867],[8.907193,45.4566352],[8.9071624,45.4567837],[8.9071349,45.4569277],[8.9071027,45.4570987],[8.9070801,45.4572067],[8.9070927,45.4573597],[8.9070862,45.4573957],[8.9070685,45.4574497],[8.907058899999999,45.4574812],[8.9070396,45.4575217],[8.90703,45.4575352],[8.9069964,45.4575891],[8.9069515,45.4576431],[8.9068458,45.457751],[8.9066793,45.4578994],[8.906492,45.4580298],[8.9064664,45.4580433],[8.90638,45.4581107],[8.9062743,45.4581961],[8.9061239,45.4583175],[8.905927,45.4584659],[8.9057413,45.4585873],[8.9055477,45.4587086],[8.905354,45.458821],[8.9052036,45.4589244],[8.9050483,45.4590322],[8.9048882,45.4591446],[8.9047538,45.459248],[8.9046113,45.4593559],[8.9044896,45.4594548],[8.9043712,45.4595448],[8.9042687,45.4596167],[8.9042271,45.4596391],[8.9040463,45.4597245],[8.9038783,45.4598189],[8.903731,45.4599223],[8.9035885,45.4600302],[8.9034573,45.4601201],[8.9033132,45.460228],[8.9031291,45.4603583],[8.9030107,45.4604437],[8.9030043,45.4604527],[8.9029114,45.4605022],[8.9026633,45.4606865],[8.9026089,45.4607269],[8.9025032,45.4608079],[8.9024232,45.4608753],[8.9023079,45.4609877],[8.9021797,45.4611181],[8.9020836,45.4612396],[8.9019634,45.461424],[8.9018672,45.4615679],[8.9017758,45.4617298],[8.9017004,45.4618648],[8.9015801,45.4620582],[8.9014615,45.4622336],[8.9013381,45.4624226],[8.9012675,45.462526],[8.9012307,45.462589],[8.9021459,45.4625937],[8.9022763,45.4625944],[8.9022742,45.4628959],[8.902266,45.4630219],[8.9022689,45.4631614],[8.9022672,45.4632649],[8.9022558,45.4633819],[8.9022557,45.4634135],[8.9022732,45.4634585],[8.9022827,45.463508],[8.9023003,45.463553],[8.9023178,45.46358],[8.9023833,45.4636341],[8.9025367,45.4636657],[8.9027445,45.4636704],[8.9029588,45.4636796],[8.9031506,45.4636842],[8.9033745,45.4636844],[8.9035567,45.4637026],[8.9036606,45.4637162],[8.9037166,45.4637207],[8.9034679,45.4642381],[8.9029994,45.4642377],[8.9029507,45.4646697],[8.9029551,45.4649217],[8.9029051,45.4651422],[8.9028536,45.4653582],[8.902855,45.4654527],[8.9028644,45.4656057],[8.9028657,45.4657542],[8.9028704,45.4658308],[8.9028735,45.4658488],[8.9029743,45.4658533],[8.9031181,45.465876],[8.9032908,45.4658941],[8.9034203,45.4659032],[8.9035706,45.4659078],[8.9037097,45.465908],[8.9038232,45.4659126],[8.9038792,45.4659126],[8.9038695,45.4658524],[8.9038618,45.4658046],[8.9038588,45.4656921],[8.9038749,45.4655886],[8.9039022,45.4655121],[8.9039151,45.4654896],[8.9039983,45.4654356],[8.9041902,45.4654178],[8.9044428,45.4654225],[8.9049561,45.4654229],[8.9050185,45.4654185],[8.9050872,45.465414],[8.9052039,45.4654186],[8.9053462,45.4654187],[8.9053766,45.4654413],[8.9054004,45.4655313],[8.9054336,45.4657924],[8.9054539,45.4660534],[8.9054567,45.4662874],[8.9054518,45.4663909],[8.9054418,45.4665845],[8.905443,45.4668275],[8.9054697,45.4671336],[8.9054855,45.4672686],[8.9054805,45.4673946],[8.9054594,45.4675611],[8.9054448,45.4676781],[8.9055077,45.4683127],[8.9055796,45.4683758],[8.9055859,45.4684073],[8.9056129,45.4685288],[8.9056255,45.4686594],[8.905638,45.4688439],[8.9056329,45.4690059],[8.9056199,45.4691184],[8.9055829,45.4692399],[8.9055845,45.4692714],[8.9056453,45.4692759],[8.9057892,45.4692716],[8.9060322,45.4692673],[8.906149,45.4692674],[8.9061553,45.4693034],[8.9061616,45.4693619],[8.9061854,45.4694969],[8.9061914,45.4697084],[8.9061848,45.4698525],[8.9061749,45.470019],[8.9061762,45.470217],[8.9061919,45.470379],[8.906182,45.470568],[8.9061657,45.470775],[8.9061702,45.4709596],[8.9061731,45.4711171],[8.9061731,45.4711351],[8.9061043,45.471135],[8.9059156,45.4711214],[8.905695,45.4711257],[8.9055878,45.4711346],[8.9055062,45.4711481],[8.9055141,45.4712156],[8.9054101,45.471229],[8.9052918,45.4712379],[8.9051143,45.4712557],[8.9049671,45.4712736],[8.9047816,45.4713005],[8.9047336,45.4713094],[8.9047209,45.4712599],[8.9047066,45.4711789],[8.9046972,45.4710934],[8.9046813,45.4709989],[8.9046528,45.4708773],[8.9046321,45.4707963],[8.9046519,45.4704093],[8.9048135,45.4704049],[8.9047515,45.4692302],[8.9044013,45.4692344],[8.9043372,45.4683118],[8.9043001,45.4675646],[8.904121,45.4675645],[8.9040171,45.4675689],[8.9038428,45.4675688],[8.9036509,45.4675731],[8.90345,45.4675659],[8.9033935,45.4675639],[8.9031473,45.4675457],[8.9028898,45.4675365],[8.9026788,45.4675318],[8.9025717,45.4675227],[8.9026119,45.4683103],[8.9026754,45.4685984],[8.9026657,45.4686614],[8.9026527,45.4687694],[8.9026493,45.4688864],[8.9026619,45.4689765],[8.9026874,45.4690305],[8.9027209,45.469053],[8.902812,45.4690801],[8.9029543,45.4691027],[8.9031046,45.4691208],[8.9032533,45.4691345],[8.903386,45.4691706],[8.9034482,45.4692291],[8.9034737,45.4692832],[8.9034849,45.4693102],[8.9034943,45.4693867],[8.9035005,45.4695262],[8.9035066,45.4696747],[8.9035208,45.4698188],[8.9035429,45.4699898],[8.903557,45.4701428],[8.9035535,45.4703049],[8.9035534,45.4703589],[8.903566,45.4705164],[8.9036025,45.4706694],[8.903647,45.4708495],[8.9036867,45.471016],[8.9037166,45.4712636],[8.90371,45.4713806],[8.9037036,45.4713851],[8.9036316,45.4713985],[8.9035533,45.471412],[8.9034493,45.4714299],[8.9033069,45.4714613],[8.9031614,45.4714837],[8.9031535,45.4714207],[8.9031408,45.4713261],[8.9031283,45.4711956],[8.9031219,45.4711641],[8.9028645,45.4711639],[8.9027253,45.4711683],[8.9025782,45.4711726],[8.9024135,45.4711905],[8.9022471,45.4712129],[8.90214,45.4712263],[8.902068,45.4712307],[8.9019449,45.4712306],[8.9019417,45.4712261],[8.9019353,45.4711901],[8.9019163,45.4711046],[8.9019052,45.4710146],[8.9019021,45.4709966],[8.9018926,45.4709245],[8.9018593,45.470749],[8.9018372,45.470587],[8.9018278,45.4704699],[8.9017945,45.4703079],[8.9017597,45.4700828],[8.9017614,45.4700198],[8.9017889,45.4698758],[8.9018115,45.4697273],[8.901823,45.4695653],[8.9018393,45.4693898],[8.9018524,45.4692143],[8.9018366,45.4690793],[8.9018207,45.4690343],[8.9016736,45.4690116],[8.9015378,45.468989],[8.9013331,45.4689618],[8.9011077,45.4689571],[8.9009462,45.4689525],[8.9009333,45.4690065],[8.9009235,45.4690965],[8.9009074,45.469182],[8.900872,45.469326],[8.9008125,45.4695015],[8.9007579,45.4696454],[8.9007353,45.4697579],[8.9007415,45.4698749],[8.9007414,45.4698974],[8.900722,45.4700549],[8.9006865,45.4702484],[8.9006446,45.4703879],[8.9006222,45.4704104],[8.9005854,45.4704149],[8.9005247,45.4704148],[8.9003359,45.4704327],[8.9001728,45.470446],[8.899861,45.4704458],[8.8996722,45.4704771],[8.8995554,45.470522],[8.8995649,45.470576],[8.8995792,45.470648],[8.899611,45.4707696],[8.8996474,45.4709316],[8.8996695,45.4711072],[8.8997028,45.4712872],[8.8997441,45.4714223],[8.8997614,45.4716293],[8.8998105,45.4718949],[8.8998485,45.4720974],[8.8998785,45.4723045],[8.8999117,45.4725295],[8.8999084,45.4725565],[8.8995885,45.4726013],[8.8993358,45.4726416],[8.8991054,45.4726819],[8.8989167,45.4727267],[8.8988478,45.4727581],[8.898851,45.4727807],[8.8988573,45.4728212],[8.8988779,45.4729202],[8.8989097,45.4730507],[8.8989399,45.4731768],[8.898978,45.4733253],[8.8990241,45.4734739],[8.8990362,45.4735142],[8.8990797,45.4736585],[8.8991258,45.473825],[8.8991639,45.4739871],[8.8991941,45.4740951],[8.899229,45.4742617],[8.8992624,45.4743742],[8.8992942,45.4744462],[8.899395,45.4744508],[8.8995085,45.4744419],[8.8996813,45.4744196],[8.8998572,45.4744017],[8.9000747,45.4743884],[8.9002507,45.4743705],[8.9004282,45.4743437],[8.9006826,45.4743034],[8.9009321,45.4742631],[8.9011529,45.4742273],[8.9011929,45.4742273],[8.9012056,45.4742588],[8.9012151,45.4743039],[8.9012373,45.4744164],[8.9012547,45.4745109],[8.9012738,45.4746054],[8.9012976,45.4747135],[8.9013197,45.4748395],[8.9013387,45.4749565],[8.9013449,45.4750691],[8.9013495,45.4751951],[8.9013621,45.4753211],[8.9013779,45.4754291],[8.9013982,45.4757217],[8.901379,45.4757172],[8.9013454,45.4757216],[8.9012158,45.475726],[8.9010175,45.4757349],[8.900752,45.4757526],[8.9006017,45.475757],[8.9005569,45.475757],[8.9003906,45.4757748],[8.9001794,45.4757972],[8.8999651,45.4758285],[8.8997763,45.4758643],[8.8995651,45.4758911],[8.8993923,45.4759315],[8.8992531,45.4759989],[8.8992403,45.4760124],[8.8992401,45.4760889],[8.8992527,45.4762104],[8.8992892,45.476368],[8.8993114,45.476467],[8.8993384,45.4765885],[8.8993573,45.4767371],[8.8993874,45.4769081],[8.8993999,45.4770926],[8.8994156,45.4772412],[8.8994489,45.4774302],[8.8994614,45.4776012],[8.899482,45.4777093],[8.8994819,45.4777183],[8.8996147,45.4777139],[8.899829,45.4776826],[8.9000594,45.4776603],[8.9002785,45.4776605],[8.9002849,45.477665],[8.9002976,45.477692],[8.9003167,45.477764],[8.9003229,45.477854],[8.9003324,45.477944],[8.9003625,45.4780836],[8.9003751,45.4782051],[8.9003893,45.4783221],[8.9004083,45.4784527],[8.9004304,45.4785652],[8.9004446,45.4787002],[8.900454,45.4788262],[8.9003564,45.4788352],[8.9002396,45.4788486],[8.9000765,45.4788529],[8.8999181,45.4788528],[8.8997838,45.4788572],[8.8996446,45.4788796],[8.8995566,45.47892],[8.89955,45.4790055],[8.899553,45.4791225],[8.899564,45.4792485],[8.8995861,45.4793971],[8.8996384,45.4796941],[8.8996415,45.4797166],[8.8996813,45.4798742],[8.8997401,45.4800678],[8.8997909,45.4802883],[8.8998209,45.4804774],[8.8998606,45.4806394],[8.8998733,45.480734],[8.899483,45.4807336],[8.8990864,45.4807153],[8.8987186,45.4807015],[8.8984291,45.4806742],[8.8982644,45.4806471],[8.8982581,45.4806245],[8.898247,45.480548],[8.8982408,45.4804535],[8.898225,45.4803185],[8.8981918,45.4800979],[8.898173,45.4798999],[8.8981238,45.4796748],[8.8980554,45.4794902],[8.8978801,45.479148],[8.8977893,45.4789319],[8.8977623,45.4788059],[8.8977561,45.4787114],[8.8977227,45.4785898],[8.8976304,45.4783512],[8.8975443,45.4782116],[8.8972996,45.4782159],[8.8970372,45.4782517],[8.8969589,45.4782651],[8.8968932,45.4782831],[8.8968644,45.4782921],[8.8968484,45.4782965],[8.896818,45.4783055],[8.8967828,45.478319],[8.8967508,45.4783235],[8.89673,45.4783324],[8.896698,45.4783414],[8.8966692,45.4783504],[8.89665,45.4783594],[8.8966292,45.4783729],[8.896594,45.4783863],[8.8965652,45.4783998],[8.8965284,45.4784133],[8.8964835,45.4784357],[8.8964339,45.4784582],[8.8963811,45.4784851],[8.8963203,45.4785076],[8.8962643,45.4785345],[8.896205,45.478566],[8.896173,45.478584],[8.8960786,45.4786379],[8.8960161,45.4786738],[8.8959665,45.4787008],[8.895912,45.4787368],[8.895856,45.4787682],[8.8957679,45.4788221],[8.8957151,45.4788536],[8.8956767,45.4788761],[8.8956142,45.478912],[8.8954541,45.4790289],[8.8953788,45.4790828],[8.8953324,45.4791098],[8.8952908,45.4791322],[8.8952444,45.4791502],[8.8952091,45.4791682],[8.8951435,45.4791906],[8.8950747,45.4792221],[8.8949867,45.4792625],[8.894937,45.4792939],[8.8948666,45.4793254],[8.8947977,45.4793658],[8.8947129,45.4794063],[8.8946505,45.4794422],[8.8945944,45.4794737],[8.8945464,45.4795051],[8.8944807,45.4795501],[8.8944471,45.479568],[8.8940051,45.4798962],[8.8939394,45.4799456],[8.8938881,45.4799906],[8.8938417,45.4800355],[8.8937856,45.4800895],[8.8937407,45.4801344],[8.8936381,45.4802604],[8.89355,45.4803368],[8.8935164,45.4803593],[8.8934684,45.4803952],[8.8934283,45.4804222],[8.8933867,45.4804492],[8.8933242,45.4804851],[8.8932842,45.4805076],[8.8932234,45.4805345],[8.8931994,45.4805525],[8.8930921,45.4805974],[8.8930297,45.4806199],[8.8929945,45.4806333],[8.8929129,45.4806648],[8.8928377,45.4806827],[8.8927624,45.4807051],[8.892596,45.480759],[8.8924952,45.4807769],[8.8923592,45.4808128],[8.8922424,45.4808397],[8.8919448,45.4809114],[8.8918056,45.4809473],[8.8917207,45.4809697],[8.8916071,45.4810056],[8.8914983,45.481037],[8.8914039,45.4810684],[8.8912966,45.4811043],[8.8912758,45.4811133],[8.8911734,45.4811402],[8.8910598,45.4811671],[8.8908278,45.4812164],[8.8906198,45.4812747],[8.8905382,45.4812971],[8.8904037,45.4813375],[8.8903093,45.4813644],[8.8901957,45.4814003],[8.8901173,45.4814227],[8.8900485,45.4814407],[8.8899717,45.4814631],[8.8898724,45.48149],[8.8897172,45.4815304],[8.8895636,45.4815707],[8.8894004,45.4816201],[8.8892899,45.481647],[8.8892179,45.4816649],[8.8891235,45.4816828],[8.8890067,45.4817007],[8.8888771,45.4817231],[8.8887683,45.4817455],[8.8886739,45.4817634],[8.8883459,45.4818216],[8.8877044,45.4819065],[8.8875428,45.4819243],[8.8871429,45.4819824],[8.8869077,45.4820227],[8.8867445,45.4820541],[8.8866565,45.482072],[8.8865269,45.4820944],[8.8864197,45.4821122],[8.8863189,45.4821257],[8.8861621,45.482157],[8.8860997,45.4821704],[8.884119,45.482443],[8.8837223,45.4824876],[8.8834935,45.4825189],[8.8833895,45.4825323],[8.8832919,45.4825412],[8.8832279,45.4825546],[8.8831463,45.4825636],[8.8830679,45.482577],[8.8829735,45.4825904],[8.8828823,45.4826038],[8.8828103,45.4826127],[8.8827191,45.4826261],[8.882596,45.4826395],[8.882444,45.4826709],[8.8822935,45.4827112],[8.8822151,45.4827336],[8.8820007,45.4827919],[8.8818886,45.4828188],[8.8818054,45.4828367],[8.8816966,45.4828636],[8.8816198,45.482877],[8.8815574,45.4828905],[8.881183,45.4829756],[8.8794516,45.4825778],[8.8805642,45.4798246],[8.8801038,45.4797206],[8.8802179,45.4794462],[8.8786226,45.479071],[8.8788825,45.4786752],[8.8770915,45.4778317],[8.8774317,45.4773055],[8.8757261,45.4769032],[8.8756846,45.4768941],[8.8754832,45.4768489],[8.8753473,45.4768308],[8.8752753,45.4768217],[8.8751922,45.4768036],[8.8750915,45.4767855],[8.8750131,45.4767719],[8.8738654,45.4765276],[8.8740105,45.4760012],[8.8717255,45.4758457],[8.8718259,45.4739016],[8.8700092,45.4738951],[8.8699293,45.473877],[8.869851,45.4738589],[8.869803,45.4738498],[8.8697407,45.4738362],[8.8696767,45.4738182],[8.8693459,45.4737503],[8.8692675,45.4737367],[8.8691956,45.4737276],[8.8690949,45.4737185],[8.8689877,45.4737184],[8.8689046,45.4737138],[8.8664211,45.473702],[8.8655989,45.473791],[8.8654326,45.4737908],[8.8652742,45.4737951],[8.8650471,45.4737949],[8.8649096,45.4737857],[8.8631457,45.4738151],[8.8633011,45.4716731],[8.8626423,45.4716678],[8.8625726,45.4720593],[8.8619458,45.4720135],[8.8531288,45.4717866],[8.8528988,45.4698331],[8.8509998,45.4695325],[8.8508352,45.4695064],[8.8511953,45.4730578],[8.8506819,45.4730751],[8.8507253,45.4742048],[8.8504391,45.4741865],[8.8503895,45.4741954],[8.8503111,45.4742088],[8.8502439,45.4742222],[8.8501335,45.4742491],[8.8500839,45.474258],[8.850064,45.4742627],[8.8500455,45.474267],[8.8498103,45.4743072],[8.8497559,45.4743161],[8.8496151,45.4743294],[8.8495736,45.4743338],[8.8495208,45.4743428],[8.84946,45.4743472],[8.8493944,45.4743561],[8.849332,45.4743605],[8.8492568,45.4743649],[8.8477855,45.47439],[8.8476901,45.4759786],[8.8474998,45.4759648],[8.84726,45.4789033],[8.8470489,45.4789121],[8.8468602,45.4788983],[8.8468282,45.4788983],[8.8467562,45.4788937],[8.846494,45.4788933],[8.8464348,45.4788887],[8.8463772,45.4788842],[8.8463117,45.4788796],[8.8462493,45.4788705],[8.8461726,45.4788614],[8.8460974,45.4788523],[8.8460351,45.4788432],[8.8459775,45.4788386],[8.8459344,45.4788296],[8.8450855,45.4786934],[8.8395315,45.4779478],[8.8393117,45.4793246],[8.8383918,45.4816008],[8.8318907,45.4809657],[8.8307783,45.4827962],[8.8305518,45.483169],[8.8290761,45.4856241],[8.829052,45.4856691],[8.829039,45.4857231],[8.8290389,45.4857591],[8.8290453,45.4857861],[8.8290516,45.4858041],[8.8290675,45.4858222],[8.8290803,45.4858357],[8.8291027,45.4858447],[8.8291346,45.4858583],[8.8292001,45.4858854],[8.8311943,45.4865814],[8.8329328,45.4871645],[8.8330255,45.4872006],[8.8331166,45.4872367],[8.8331885,45.4872683],[8.8332651,45.4873135],[8.8333274,45.4873496],[8.8334008,45.4873992],[8.8334823,45.4874488],[8.8335844,45.4875209],[8.8336754,45.4875976],[8.8337743,45.4876877],[8.8338118,45.4877197],[8.8338748,45.4877734],[8.833945,45.4878455],[8.83402,45.4879176],[8.8341954,45.4880844],[8.8342959,45.48817],[8.8343821,45.4882467],[8.8344667,45.4883188],[8.8345337,45.4883864],[8.8346118,45.488463],[8.8346852,45.4885396],[8.8347713,45.4886253],[8.8348303,45.4886974],[8.8348749,45.4887424],[8.8349323,45.488801],[8.8350329,45.4888912],[8.8351126,45.4889678],[8.8351541,45.4890039],[8.8352674,45.489103],[8.8350982,45.48967],[8.8342254,45.4925939],[8.8361148,45.4931097],[8.836131,45.493297],[8.8366138,45.493406],[8.836308,45.4946056],[8.8366675,45.4946845],[8.8362361,45.4959857],[8.836377,45.4964764],[8.8363865,45.4965125],[8.8363897,45.496544],[8.8363928,45.496562],[8.8363943,45.4966025],[8.8363942,45.4966205],[8.8361877,45.4988794],[8.835536,45.499072],[8.8353671,45.4999449],[8.8309658,45.4988404],[8.8310187,45.4993266],[8.8310346,45.4993716],[8.8310537,45.4994166],[8.8310727,45.4994526],[8.8310983,45.4994797],[8.8311461,45.4995203],[8.8311845,45.4995473],[8.8312339,45.4995879],[8.8313887,45.4997186],[8.8314429,45.4997817],[8.831494,45.4998448],[8.8315481,45.4999124],[8.8316055,45.5000025],[8.8316532,45.500106100000004],[8.8316722,45.5001691],[8.8316848,45.5002186],[8.8317164,45.5003537],[8.8317433,45.5004707],[8.8317919,45.5007948],[8.8318013,45.5008669],[8.8318012,45.5008894],[8.8318074,45.5009839],[8.8318057,45.5010109],[8.8318054,45.5011054],[8.8317989,45.5011414],[8.8317956,45.5011684],[8.8317908,45.5011864],[8.8317713,45.5012719],[8.8316245,45.5015391],[8.8328224,45.502394],[8.833698,45.5031766],[8.8323308,45.5068353],[8.832921,45.5069397],[8.8316864,45.5099262],[8.8278443,45.5092878],[8.8272049,45.5091815],[8.8264739,45.5111651],[8.8259157,45.5110788],[8.8262725,45.5100397],[8.8256902,45.5099893],[8.8254425,45.510916],[8.8248748,45.5108026],[8.8246959,45.5111849],[8.8244976,45.5111576],[8.8239832,45.512426],[8.8255189,45.5126128],[8.8253057,45.5132246],[8.8251402,45.5134718],[8.8235379,45.5132495],[8.8233881,45.5148958],[8.8223659,45.5147817],[8.8217235,45.5164909],[8.8211955,45.5179797],[8.8211938,45.5179978],[8.8211936,45.5180698],[8.821219,45.5181328],[8.82127,45.5182004],[8.8213178,45.518268],[8.8213528,45.5183355],[8.8213526,45.5184165],[8.8213315,45.518493],[8.8211266,45.5192414],[8.8208121,45.5197838],[8.8207942,45.5198783],[8.8207826,45.5199908],[8.8207982,45.5201214],[8.820809,45.5202339],[8.8208088,45.5203239],[8.820794,45.5204274],[8.8207632,45.5205534],[8.8207292,45.5206883],[8.8206887,45.5208323],[8.8206418,45.5210032],[8.8206092,45.5211877],[8.8205976,45.5213092],[8.8205602,45.5214981],[8.8205227,45.5216961],[8.820487,45.5218626],[8.8204432,45.522038],[8.820393,45.522209],[8.820354,45.5224114],[8.8203101,45.5226094],[8.820268,45.5227668],[8.8201904,45.5230052],[8.8200503,45.5232705],[8.8199055,45.5235223],[8.8220475,45.5244258],[8.8217257,45.5249473],[8.8217225,45.5249518],[8.8217046,45.5250373],[8.8217043,45.5251228],[8.8217168,45.5252218],[8.8217309,45.5253209],[8.8217626,45.5254289],[8.8218102,45.525555],[8.8218594,45.5257036],[8.8218911,45.5257982],[8.8219195,45.5259332],[8.8214843,45.5263691],[8.8213964,45.5263465],[8.8213324,45.5263284],[8.8212604,45.5263012],[8.8211725,45.5262831],[8.8211053,45.5262695],[8.8202566,45.5258586],[8.8185086,45.5248793],[8.817592,45.5266825],[8.8159073,45.5264323],[8.8159991,45.527229],[8.8157509,45.5272556],[8.8156885,45.5272645],[8.8155188,45.5272688],[8.8153732,45.527255],[8.8151684,45.5272322],[8.8149347,45.5272093],[8.8147459,45.5271955],[8.8145923,45.5271818],[8.8136271,45.5271712],[8.8138528,45.5291068],[8.8133003,45.5291689],[8.8126806,45.5292399],[8.8121826,45.5292841],[8.8115662,45.529319],[8.8111371,45.5293363],[8.8107753,45.5293537],[8.8105607,45.5293714],[8.8100323,45.529402],[8.8100518,45.528862],[8.8077788,45.5288267],[8.8077685,45.5280796],[8.8068163,45.5280015],[8.8067326,45.5288608],[8.8023923,45.5297266],[8.8024223,45.5293622],[8.8024278,45.5291731],[8.8024524,45.5290067],[8.802477,45.5288447],[8.8025046,45.5287142],[8.8025323,45.5285883],[8.8025664,45.5284533],[8.8026068,45.5283544],[8.8026535,45.5282689],[8.8027065,45.528206],[8.8027338,45.5281791],[8.8037281,45.5271952],[8.8017061,45.5272862],[8.8017863,45.5281594],[8.8003183,45.5281794],[8.8002411,45.5273692],[8.7988805,45.5273713],[8.7987879,45.5259625],[8.7979874,45.5259971],[8.7980615,45.5267578],[8.7962442,45.5268896],[8.7961725,45.5263539],[8.7947671,45.5267924],[8.7943428,45.5268187],[8.7944166,45.5276514],[8.7944166,45.5276649],[8.7944037,45.5276964],[8.7943747,45.5277413],[8.7938332,45.5282984],[8.7947603,45.5286646],[8.7949267,45.5287009],[8.7949986,45.5287235],[8.795069,45.5287507],[8.7951569,45.5287778],[8.7952545,45.528805],[8.7953904,45.5288413],[8.7955199,45.528873],[8.7956559,45.5288957],[8.7958159,45.5289275],[8.7960142,45.5289774],[8.79639,45.5290816],[8.7966139,45.5291315],[8.7967915,45.5291768],[8.7970058,45.5292312],[8.7971817,45.5292765],[8.7973496,45.5293173],[8.7975896,45.5293672],[8.7978694,45.5294487],[8.79817,45.5295573],[8.7976806,45.5306579],[8.7980561,45.5307856],[8.7984182,45.5309228],[8.7995211,45.5313373],[8.8004674,45.5316387],[8.8004804,45.5316765],[8.8004643,45.531717],[8.80044,45.531789],[8.8003997,45.5318879],[8.8003464,45.5320183],[8.8002819,45.5321487],[8.8002191,45.5322521],[8.8001225,45.5324005],[8.8000308,45.5325173],[8.7999054,45.5326656],[8.7998155,45.5327555],[8.7997046,45.5328633],[8.7996115,45.5329531],[8.7995424,45.5330205],[8.799454,45.5331104],[8.7993977,45.5331913],[8.7993542,45.5332632],[8.7992882,45.5333621],[8.7992319,45.533452],[8.7991481,45.5336139],[8.798403,45.5333471],[8.7968782,45.5353381],[8.7977911,45.5356727],[8.7963224,45.5376323],[8.7950821,45.5392638],[8.7970268,45.5398748],[8.7966996,45.5404773],[8.7977569,45.5407582],[8.797398,45.5417387],[8.796601,45.5416293],[8.7965181,45.5419891],[8.7948097,45.5417191],[8.7942433,45.5421663],[8.7949909,45.542342],[8.7947093,45.542724],[8.7947079,45.543111],[8.7963544,45.5434065],[8.7964603,45.5437982],[8.7964964,45.5439963],[8.7965799,45.5443745],[8.7966856,45.5452748],[8.7976337,45.545227],[8.7977617,45.5461318],[8.7984283,45.5460114],[8.7983944,45.5474425],[8.7989211,45.5474705],[8.7989051,45.5506073],[8.7998861,45.550798],[8.8002461,45.5508751],[8.8005679,45.5509117],[8.8008865,45.5509212],[8.8014004,45.5509626],[8.8020502,45.5510673],[8.8019033,45.5518591],[8.8034885,45.5519293],[8.8033475,45.5533422],[8.8020874,45.5532681],[8.8019689,45.5541815],[8.802526,45.5542274],[8.8027098,45.5561719],[8.803056,45.5561005],[8.8030714,45.5576577],[8.8049818,45.557733],[8.8050059,45.5581966],[8.805211,45.559097],[8.8060927,45.5593145],[8.8067003,45.5581994],[8.8067956,45.5579836],[8.8078167,45.5582013],[8.8071874,45.5595459],[8.8098552,45.5601849],[8.8095857,45.5607965],[8.809252,45.561426],[8.8082468,45.5612488],[8.8074561,45.56109],[8.807312,45.5610493],[8.8069247,45.5609586],[8.8067519,45.5609223],[8.8065807,45.560877],[8.8063935,45.5608227],[8.8061439,45.5607368],[8.8059231,45.5606644],[8.8057247,45.560601],[8.8056463,45.5605739],[8.8055999,45.5605558],[8.8054223,45.5605015],[8.8052031,45.5604336],[8.8049888,45.5603658],[8.8047584,45.5602934],[8.8045584,45.5602255],[8.8043504,45.5601577],[8.8041633,45.5600898],[8.8039745,45.5600265],[8.8037938,45.5599497],[8.8036482,45.5598999],[8.8035362,45.5598637],[8.8034561,45.5607817],[8.8025128,45.5607756],[8.8017119,45.5607742],[8.8018734,45.5599419],[8.8005724,45.5600656],[8.7993822,45.5601086],[8.7979745,45.5600881],[8.7975356,45.5600828],[8.7975756,45.561001],[8.7987176,45.5610075],[8.7986726,45.56193],[8.7989304,45.5619484],[8.7989288,45.562871],[8.7989269,45.5629385],[8.7989395,45.5630016],[8.7989409,45.5630691],[8.7989502,45.5631411],[8.7989499,45.5632311],[8.7974666,45.563242],[8.7966161,45.5632495],[8.7957318,45.5632794],[8.7948076,45.5632868],[8.7948666,45.5637864],[8.7946329,45.5637545],[8.7922663,45.5635342],[8.7922479,45.5641777],[8.7905133,45.5641521],[8.7904844,45.5650431],[8.7893086,45.565068],[8.7883441,45.5651247],[8.7873743,45.5648844],[8.7874398,45.5666352],[8.7870393,45.5666434],[8.7869992,45.5662293],[8.7824386,45.5662707],[8.7828401,45.5704772],[8.7828442,45.570713],[8.7835974,45.5718464],[8.7857836,45.5750282],[8.7879915,45.578235],[8.7885461,45.5789858],[8.7889366,45.5793609],[8.7895777,45.579825],[8.791879,45.5810541],[8.79398,45.5821115],[8.7939716,45.5822134],[8.7942816,45.5832498],[8.7945582,45.5842854],[8.7946947,45.5846637],[8.7951218,45.5861856],[8.7956647,45.5880452],[8.795826,45.5886171],[8.7959922,45.5891979],[8.7964498,45.5907334],[8.7968673,45.5922545],[8.7968848,45.5923183],[8.7963888,45.5923446],[8.7962276,45.5923532],[8.7962446,45.5929563],[8.7961002,45.593001],[8.7960884,45.593163],[8.795857699999999,45.5931626],[8.7958495,45.5932076],[8.7958381,45.5932661],[8.7958199,45.5934145],[8.7958177,45.5935676],[8.7958189,45.5936936],[8.7958118,45.5938736],[8.7958147,45.5939591],[8.7958192,45.5940626],[8.7958234,45.5942246],[8.79581,45.5943866],[8.7957853,45.5945666],[8.7957672,45.5946926],[8.7957063,45.59512],[8.795905,45.5951339],[8.7969766,45.5957478],[8.797671,45.595632],[8.7987064,45.5990956],[8.7983847,45.5999492],[8.7989827,45.6021735],[8.7990982,45.6021467],[8.7992634,45.6021065],[8.7994607,45.6020798],[8.7996098,45.6020621],[8.7997653,45.6020444],[8.7999994,45.6020178],[8.8000265,45.6020145],[8.8001838,45.6019956],[8.8003138,45.6019733],[8.8005287,45.6019332],[8.8007388,45.601902],[8.8008975,45.6018933],[8.8010434,45.6018846],[8.8011716,45.6018803],[8.8012453,45.6018759],[8.8014185,45.6018627],[8.8016365,45.6018541],[8.801776,45.6018498],[8.8019844,45.6018502],[8.8020981,45.6018549],[8.8021767,45.601855],[8.8024603,45.6018645],[8.8026991,45.6018784],[8.802917,45.6019013],[8.8030228,45.601915],[8.80326,45.6019244],[8.8037136,45.6019252],[8.8039347,45.6019301],[8.80418,45.601935],[8.8044572,45.6019444],[8.8046278,45.6019519],[8.804672,45.6019538],[8.8048739,45.6019632],[8.8050838,45.601986],[8.805377,45.602018],[8.8055886,45.6020229],[8.805821,45.6020143],[8.8059893,45.6020191],[8.8060293,45.6020191],[8.8062678,45.6020073],[8.8060483,45.6026936],[8.8058569,45.6031317],[8.8058398,45.6031803],[8.8055679,45.6040216],[8.8055481,45.6042408],[8.8052831,45.605306],[8.8049423,45.6062702],[8.804787899999999,45.606891],[8.8052752,45.6069098],[8.8051863,45.6075622],[8.8053297,45.607828],[8.8053321,45.6080575],[8.8054797,45.6089444],[8.8056077,45.6099527],[8.8057296,45.61088],[8.8056869,45.6111544],[8.8056128,45.6118904],[8.805594,45.6120769],[8.8054656,45.6130352],[8.8054622,45.6130937],[8.8054683,45.6131973],[8.8054873,45.6132558],[8.805506,45.6134178],[8.8055197,45.6136339],[8.8068643,45.6137667],[8.8070723,45.6143431],[8.8071204,45.6143342],[8.8072969,45.6143074],[8.8074557,45.6142807],[8.8075937,45.6142494],[8.8078055,45.6141958],[8.8079836,45.6141601],[8.8082515,45.6141065],[8.8085115,45.614017],[8.8088743,45.6138871],[8.8093835,45.614527],[8.8094137,45.6145945],[8.8094711,45.6147026],[8.8095524,45.6148333],[8.8096051,45.6149144],[8.8096528,45.615018],[8.8096957,45.6151215],[8.8097179,45.6152071],[8.8097353,45.6152746],[8.8097478,45.6153736],[8.8097539,45.6154637],[8.8097499,45.6157067],[8.809251099999999,45.6157554],[8.8094203,45.6164765],[8.8098662,45.6163954],[8.8100046,45.6171787],[8.8100237,45.6172418],[8.8100536,45.6173993],[8.8101107,45.6175885],[8.8101601,45.617683],[8.8102447,45.6177957],[8.8103356,45.6179264],[8.8104074,45.618039],[8.810471100000001,45.6181696],[8.8105237,45.6182597],[8.8105857,45.6183993],[8.8106398,45.6185254],[8.8106987,45.6186515],[8.8107988,45.6189172],[8.811787,45.6187613],[8.8120173,45.6194188],[8.8126028,45.6193252],[8.812846,45.6204507],[8.8128284,45.6204507],[8.8127546,45.6204596],[8.8126471,45.6204684],[8.8124257,45.620504],[8.812145,45.6205486],[8.8123583,45.6215075],[8.8123741,45.6215571],[8.8123901,45.6215796],[8.8124253,45.6215977],[8.812459,45.6216022],[8.8125071,45.6216023],[8.8125793,45.6215934],[8.8127284,45.6215891],[8.8129961,45.6215941],[8.8135257,45.621568],[8.8141796,45.621479],[8.8154884,45.6213157],[8.8156108,45.6216841],[8.8158827,45.621647],[8.8159041,45.6218336],[8.8160109,45.6225061],[8.8143713,45.6227255],[8.8145379,45.6231915],[8.8147284,45.6237511],[8.8143054,45.6237744],[8.8146349,45.6247215],[8.8146799,45.6247039],[8.8147497,45.6246797],[8.8148829,45.6246574],[8.815053,45.6246262],[8.815223,45.6245995],[8.8153079,45.6245845],[8.8154354,45.624572],[8.8155737,45.6250828],[8.8156804,45.6254823],[8.8162864,45.6255013],[8.8167321,45.6255155],[8.816778,45.6257181],[8.8167673,45.6260556],[8.8176663,45.6262371],[8.817571,45.6269255],[8.8174134,45.6275598],[8.8185631,45.6275886],[8.8185663,45.6275931],[8.8185597,45.6276561],[8.8185465,45.6277506],[8.8185301,45.6278766],[8.8185105,45.6279891],[8.818494,45.6281195],[8.8184872,45.628259],[8.8184708,45.6283535],[8.818448,45.628466],[8.8184349,45.6285515],[8.8184249,45.628682],[8.8184278,45.6287765],[8.8184339,45.6288755],[8.8184399,45.629006],[8.8184459,45.6291321],[8.8184661,45.6293346],[8.8185206,45.6293257],[8.8186185,45.6293169],[8.8187756,45.6293126],[8.8189184,45.6292903],[8.819058,45.629268],[8.8192024,45.6292458],[8.8194046,45.6292191],[8.8196035,45.6292014],[8.8198728,45.6292153],[8.8201149,45.6292292],[8.8193827,45.6300426],[8.8201898,45.6303859],[8.8202321,45.6303995],[8.8208051,45.6305836],[8.8199547,45.6308055],[8.8196186,45.6309202],[8.819424,45.6309907],[8.819155,45.6310984],[8.8189363,45.6311911],[8.8199834,45.6320897],[8.8199123,45.6321402],[8.8205115,45.6326051],[8.8209413,45.6329837],[8.8209982,45.6329059],[8.8213188,45.633421],[8.8221604,45.6345384],[8.8231588,45.6358181],[8.8239433,45.6367509],[8.8245713,45.6374944],[8.825186,45.6382495],[8.8253516,45.6381681],[8.8256833,45.6383692],[8.8259699,45.6385316],[8.8260676,45.6385903],[8.8266183,45.6389151],[8.8280981,45.6395037],[8.8281667,45.6394372],[8.8286176,45.6397012],[8.8299259,45.6401259],[8.829598,45.6406616],[8.830745,45.6408073],[8.8315559,45.6407254],[8.8322804,45.6408521],[8.8315537,45.641723],[8.8320455,45.6419488],[8.8324362,45.6421563],[8.8312351,45.6434764],[8.8307529,45.6432732],[8.8302417,45.6431014],[8.8290174,45.6448233],[8.8280926,45.646154],[8.8278864,45.6464507],[8.8274475,45.6473096],[8.8269827,45.6471649],[8.8260186,45.6481986],[8.8266946,45.648473],[8.8269752,45.6485319],[8.8267031,45.648842],[8.8257005,45.6485845],[8.8252198,45.6492369],[8.8246523,45.6504051],[8.823971,45.6502375],[8.8236534,45.6507411],[8.8228008,45.6506242],[8.8219658,45.651584],[8.8223958,45.6515667],[8.8220745,45.6521033],[8.8216001,45.6534752],[8.8212873,45.6544693],[8.8208634,45.6545902],[8.8204495,45.654585],[8.8200526,45.6552685],[8.8197399,45.655736],[8.8192818,45.6564914],[8.8207547,45.6569797],[8.820619,45.6572585],[8.8199984,45.6581756],[8.8199887,45.6581891],[8.8199404,45.6582656],[8.8198792,45.658333],[8.8198019,45.6584093],[8.8197296,45.6584632],[8.8196684,45.6585171],[8.8195671,45.658598],[8.8194577,45.6586923],[8.8187616,45.6596183],[8.8179992,45.6606927],[8.8175912,45.6613221],[8.8168869,45.6622795],[8.8162405,45.6631876],[8.815842,45.663844],[8.8153837,45.6646218],[8.8150527,45.6652739],[8.8146908,45.6659933],[8.8141905,45.6668836],[8.8136064,45.6678502],[8.8131048,45.668592],[8.8135169,45.6687007],[8.8129587,45.6695998],[8.8127549,45.669577],[8.8127131,45.670081],[8.8127497,45.670171],[8.8127957,45.6703421],[8.8127764,45.6703556],[8.8127056,45.670414],[8.8126204,45.6704588],[8.8124805,45.6705306],[8.8123279,45.6705934],[8.8120826,45.6709845],[8.8112973,45.6711497],[8.8114735,45.6717531],[8.8113291,45.6717962],[8.811165,45.6718426],[8.8110474,45.6719819],[8.8110088,45.6719998],[8.8109477,45.6720357],[8.8108914,45.6720716],[8.8108206,45.6721255],[8.8107659,45.6721839],[8.8107336,45.6722244],[8.8106934,45.6722783],[8.8106546,45.6723413],[8.8106288,45.6723952],[8.8105948,45.6724672],[8.8105431,45.6725841],[8.810514,45.6726471],[8.8104655,45.672737],[8.8104201,45.6728899],[8.8101845,45.6732541],[8.8097173,45.6737933],[8.8092583,45.6742651],[8.8092342,45.6742786],[8.8091183,45.6743774],[8.8090137,45.6744492],[8.808914,45.6745255],[8.8087998,45.6746064],[8.8087225,45.6746602],[8.8085987,45.67475],[8.8084651,45.6748398],[8.8083943,45.6748982],[8.8083315,45.6749746],[8.8082895,45.675042],[8.8082652,45.675105],[8.80822,45.6751994],[8.8081715,45.6753074],[8.8081228,45.6754423],[8.8080548,45.6756222],[8.8077162,45.6756036],[8.8054064,45.6766348],[8.805506,45.677067],[8.8055578,45.6773911],[8.8056855,45.6780799],[8.8050547,45.6785469],[8.8050546,45.6785604],[8.8050514,45.6785694],[8.8050464,45.6786099],[8.8050399,45.6786504],[8.8050268,45.6787088],[8.8050073,45.6787943],[8.804999,45.6788708],[8.8049956,45.6789383],[8.8050193,45.6790283],[8.8050544,45.6790869],[8.8051105,45.6791275],[8.8051633,45.6791546],[8.805229,45.6791817],[8.8053061,45.6791864],[8.8054008,45.6791775],[8.8055148,45.6791597],[8.8055839,45.6791553],[8.80564,45.6791734],[8.8056848,45.679205],[8.8057055,45.67925],[8.8057054,45.679295],[8.8057195,45.6793716],[8.8057323,45.6793941],[8.8057611,45.6794211],[8.8058107,45.6794662],[8.8058699,45.6795113],[8.8059292,45.6795429],[8.805974,45.6795745],[8.8060108,45.6796286],[8.8060282,45.6797096],[8.8060215,45.6797861],[8.8060083,45.6798761],[8.8060192,45.6799796],[8.8060462,45.6800517],[8.8060958,45.6801013],[8.8061775,45.6801464],[8.8062689,45.6801871],[8.8063441,45.6802367],[8.8063826,45.6802683],[8.8064097,45.6803178],[8.8064224,45.6803448],[8.8064319,45.6803854],[8.8064494,45.6804439],[8.8064459,45.6805069],[8.806444,45.6806059],[8.8064471,45.6806329],[8.806471,45.6806915],[8.8065029,45.6807545],[8.8065396,45.6808041],[8.8065891,45.6808717],[8.8066418,45.6809528],[8.8067072,45.6810654],[8.8067599,45.681151],[8.806835,45.6812501],[8.8068909,45.6813402],[8.8069211,45.6814348],[8.806932,45.6815248],[8.8069189,45.6815968],[8.8069138,45.6816778],[8.8069168,45.6817363],[8.8069567,45.6818219],[8.8070062,45.6818985],[8.8070381,45.681957],[8.8070715,45.6820381],[8.8070793,45.6821056],[8.8070693,45.6821956],[8.8070562,45.6822766],[8.8070511,45.6823801],[8.8070444,45.6824611],[8.8070618,45.6825286],[8.8071017,45.6825917],[8.8071433,45.6826323],[8.8071961,45.6826863],[8.8072392,45.6827359],[8.807268,45.6827855],[8.8072885,45.68288],[8.8072576,45.682997],[8.807209,45.6831184],[8.8071605,45.6832218],[8.8071216,45.6833388],[8.80711,45.6834378],[8.8071161,45.6835278],[8.8071271,45.6836223],[8.8071364,45.6837078],[8.8071378,45.6837663],[8.8071216,45.6838248],[8.8070956,45.6838968],[8.807044,45.6839777],[8.8070182,45.6840137],[8.8069763,45.6840586],[8.8069168,45.684099],[8.8068556,45.6841484],[8.8068073,45.6841753],[8.8066607,45.6843416],[8.8066138,45.684342],[8.8050667,45.6843569],[8.8048586,45.684172],[8.8027189,45.6841728],[8.8029033,45.6856133],[8.8025612,45.6856712],[8.8025643,45.6856892],[8.802569,45.6857387],[8.8025783,45.6858152],[8.8025989,45.6859008],[8.8026483,45.6859999],[8.8027808,45.6862161],[8.802784,45.6862206],[8.8004674,45.6867341],[8.8004737,45.6867836],[8.8004975,45.6868422],[8.8005326,45.6869233],[8.8005852,45.6870224],[8.8006458,45.687126],[8.8007145,45.6872161],[8.8007897,45.6873017],[8.8008584,45.6873919],[8.8009143,45.6874685],[8.8009572,45.6875856],[8.8009681,45.6876981],[8.8009468,45.6878196],[8.8009013,45.68795],[8.8008497,45.6880399],[8.8007109,45.6882332],[8.7996711,45.6885644],[8.7996325,45.6885778],[8.7994927,45.6886316],[8.7993786,45.6886674],[8.7992838,45.6886942],[8.7991536,45.6887435],[8.7990041,45.6887927],[8.7988835,45.6888375],[8.7987437,45.6888913],[8.7985572,45.688972],[8.7982903,45.689084],[8.7978289,45.6892632],[8.7978556,45.6894208],[8.7973456,45.6897439],[8.7967829,45.6890768],[8.7959384,45.6895479],[8.7954146,45.6892409],[8.7950013,45.6889881],[8.7945676,45.6890504],[8.7941759,45.6890542],[8.7935417,45.68908],[8.7934772,45.6891789],[8.7933953,45.6891833],[8.7932973,45.6891876],[8.7932202,45.6891964],[8.7930886,45.6892052],[8.7929746,45.689205],[8.7928541,45.6892228],[8.7928042,45.6892587],[8.7927414,45.6893261],[8.7926945,45.6894025],[8.7926864,45.6894295],[8.7926381,45.6894789],[8.7925928,45.6895778],[8.7926085,45.6896499],[8.7926468,45.6897129],[8.7926883,45.6897805],[8.792749,45.6898616],[8.7927937,45.6899337],[8.7928704,45.6900329],[8.7928879,45.6900869],[8.7928782,45.6901094],[8.7928621,45.6901184],[8.7927721,45.6901452],[8.7926981,45.6901676],[8.7925921,45.6902034],[8.792449,45.6902481],[8.7922883,45.6902838],[8.7921084,45.690315],[8.7919205,45.6903372],[8.7917422,45.6903594],[8.7915671,45.6903905],[8.7914402,45.6904128],[8.791323,45.6904216],[8.7912379,45.6904304],[8.7912251,45.6904304],[8.7911271,45.6904347],[8.7909859,45.6904255],[8.7908752,45.6904028],[8.7908126,45.6903847],[8.7906989,45.6903259],[8.7905867,45.6902672],[8.7904794,45.6902085],[8.7903208,45.6901227],[8.7902103,45.690055],[8.7900965,45.6899828],[8.7899861,45.6898926],[8.7898645,45.6897889],[8.7897219,45.6897031],[8.7895857,45.6896353],[8.7894222,45.6895675],[8.78927,45.6895043],[8.7891338,45.6894275],[8.789121,45.6894185],[8.7889447,45.6893506],[8.7888694,45.68931],[8.7887989,45.6892649],[8.7887236,45.6892377],[8.788677,45.6892376],[8.7886288,45.6892556],[8.7885837,45.6892825],[8.7885483,45.6893004],[8.7885274,45.6893229],[8.7884887,45.6893633],[8.7884161,45.6894532],[8.7883565,45.6895161],[8.7882551,45.6895879],[8.7881586,45.6896282],[8.7880686,45.689664],[8.7879046,45.6897267],[8.7877648,45.6897715],[8.7876265,45.6898297],[8.7874882,45.689879],[8.7873339,45.6899372],[8.7871651,45.6899999],[8.7870333,45.6900401],[8.7869272,45.6900715],[8.7868597,45.6900983],[8.7867713,45.6901252],[8.7866284,45.690129399999996],[8.7864791,45.6901381],[8.7863957,45.6901155],[8.7863717,45.6900839],[8.7863464,45.6900029],[8.7863178,45.6899083],[8.7862956,45.6898318],[8.7862719,45.6897417],[8.7862624,45.6897102],[8.7861872,45.6896335],[8.786051,45.6895658],[8.7858619,45.6894889],[8.7857465,45.6894392],[8.7855813,45.6893984],[8.7855187,45.6893848],[8.7853872,45.689353],[8.7852654,45.6893168],[8.7851804,45.6892896],[8.7850666,45.6892354],[8.7849672,45.6892037],[8.7848918,45.6891901],[8.784818,45.6891899],[8.7847264,45.6891943],[8.7846124,45.689203],[8.7844727,45.6892253],[8.7843137,45.689243],[8.7842286,45.6892473],[8.7841403,45.6892427],[8.7840842,45.6892291],[8.7840617,45.68922],[8.7840137,45.6891974],[8.7839576,45.6891568],[8.7838679,45.6891071],[8.7837589,45.6890709],[8.7836642,45.6890572],[8.7835359,45.6890435],[8.7833657,45.6890342],[8.7832678,45.689025],[8.7831845,45.6889888],[8.7831749,45.6889843],[8.7830852,45.6889211],[8.7830068,45.688858],[8.7829332,45.6887903],[8.7828341,45.6886866],[8.7826966,45.6885559],[8.7825654,45.6884431],[8.7824517,45.6883574],[8.7823812,45.6883122],[8.782314,45.6882716],[8.7822659,45.6882535],[8.7821793,45.6882264],[8.7820799,45.6882037],[8.7819691,45.6881945],[8.7818391,45.6881987],[8.781754,45.6882075],[8.7816271,45.6882163],[8.7815227,45.6882341],[8.7814007,45.6882474],[8.7812673,45.6882651],[8.781118,45.6882873],[8.780967,45.6883005],[8.780906,45.6883049],[8.7808964,45.6883049],[8.7807294,45.6883181],[8.7805736,45.6883313],[8.7804531,45.6883491],[8.7803487,45.6883624],[8.7801945,45.6883891],[8.7800772,45.6884158],[8.7799053,45.6884515],[8.7797848,45.6884738],[8.7796948,45.6884961],[8.7796081,45.6885229],[8.7794875,45.6885542],[8.77933,45.6885989],[8.7791806,45.6886436],[8.7790263,45.6886883],[8.778954,45.6887107],[8.7789347,45.6887152],[8.778774,45.6887554],[8.7785427,45.6887954],[8.778239,45.6888668],[8.7780413,45.6889114],[8.7778887,45.6889517],[8.7777601,45.6889964],[8.7776829,45.6890368],[8.7776511,45.6890635],[8.7775492,45.689149],[8.7774814,45.6892344],[8.7774313,45.6893333],[8.777431,45.6894008],[8.7774341,45.6894278],[8.7774403,45.6894773],[8.7774545,45.6895404],[8.7774768,45.6895989],[8.7775118,45.6896665],[8.7775597,45.6897341],[8.7776237,45.6897972],[8.7777277,45.6898784],[8.777835,45.6899551],[8.777899,45.6899958],[8.7780544,45.6900771],[8.7781505,45.6901268],[8.7782611,45.690181],[8.7784101,45.6902488],[8.7785592,45.6903031],[8.7787035,45.6903573],[8.778859,45.6904072],[8.77909,45.6904616],[8.7792922,45.6904845],[8.7795056,45.6905029],[8.7796757,45.6905122],[8.7797961,45.6905215],[8.7799727,45.6905218],[8.780199,45.6905312],[8.7804173,45.6905407],[8.7806436,45.6905501],[8.7808683,45.690555],[8.7810385,45.6905644],[8.781051,45.6906499],[8.7810554,45.6907624],[8.7810564,45.6909109],[8.7810573,45.6910999],[8.781063,45.6912845],[8.7810687,45.69146],[8.7810842,45.6916175],[8.7810982,45.6917256],[8.7810929,45.6918426],[8.7810667,45.6919685],[8.7810376,45.692036],[8.7809925,45.6920584],[8.780917,45.6920853],[8.7808109,45.6921121],[8.7806952,45.6921478],[8.7806083,45.6921882],[8.7805214,45.692242],[8.780515,45.6922555],[8.7804892,45.6922689],[8.7804103,45.6923273],[8.7803427,45.6923812],[8.7802766,45.6924396],[8.780188,45.6925294],[8.780117,45.6926193],[8.7800298,45.6927451],[8.7799813,45.6928395],[8.7799327,45.6929474],[8.7798618,45.6930058],[8.7798167,45.6930417],[8.7795947,45.6931628],[8.7794812,45.6934461],[8.7793937,45.6936664],[8.7793692,45.6937654],[8.7793414,45.6938914],[8.7793312,45.6940264],[8.7793292,45.6941254],[8.779316,45.6942333],[8.779314,45.6943413],[8.7793152,45.6944314],[8.7793258,45.6945979],[8.7793258,45.6946069],[8.7793301,45.6947239],[8.7793424,45.6948679],[8.779342,45.694976],[8.7793432,45.6950795],[8.7793652,45.6951875],[8.7794032,45.6953271],[8.7794587,45.6955162],[8.779487,45.6956603],[8.7795871,45.6959305],[8.7796316,45.6960431],[8.7796554,45.6961196],[8.7797555,45.6963809],[8.7797619,45.6963989],[8.7797794,45.6964394],[8.7798638,45.6966151],[8.7799386,45.6967817],[8.7799991,45.6968989],[8.7800469,45.696998],[8.7801235,45.6971196],[8.7802113,45.6972593],[8.7803087,45.697381],[8.78056,45.6975795],[8.7807089,45.6976968],[8.7807761,45.6977419],[8.7811378,45.6973519],[8.7806751,45.6981378],[8.7803477,45.6985152],[8.7802382,45.6985735],[8.7797761,45.6985006],[8.7797628,45.6986221],[8.7799183,45.6990994],[8.7790035,45.7002182],[8.780471,45.7010536],[8.7805814,45.7011708],[8.78056,45.7012968],[8.7802502,45.7016787],[8.7796956,45.7026542],[8.7792308,45.7032609],[8.7789619,45.7034449],[8.7780644,45.7038212],[8.7770541,45.7043142],[8.7767647,45.7043947],[8.776135,45.7044565],[8.775953,45.7048508],[8.7769222,45.7052053],[8.777232,45.7053916],[8.7781612,45.7061525],[8.7792108,45.7067676],[8.7797105,45.7070608],[8.7795396,45.7072353],[8.778914,45.7078911],[8.7788328,45.7081025],[8.7788468,45.7082285],[8.779472,45.7093323],[8.7807446,45.7107974],[8.7798624,45.7113447],[8.7794322,45.7116949],[8.7795764,45.7117897],[8.7789774,45.7130301],[8.7800065,45.7134881],[8.7805026,45.7139362],[8.7794716,45.7144363],[8.7795526,45.7145311],[8.7790395,45.7147914],[8.7785846,45.7146856],[8.7781422,45.7146607],[8.7772772,45.7148735],[8.7770173,45.7148699],[8.777153,45.7150467],[8.7772007,45.7152362],[8.7771036,45.7152913],[8.7765937,45.7154494],[8.7759465,45.7151129],[8.7758333,45.7151216],[8.7757576,45.7151466],[8.7754287,45.7155426],[8.7753802,45.7155152],[8.7748021,45.7156754],[8.7747058,45.7153807],[8.7746375,45.7153337],[8.7740613,45.7155242],[8.7738822,45.7152214],[8.7737648,45.7151858],[8.7736895,45.715212],[8.77361,45.7151365],[8.7734943,45.7151077],[8.7729826,45.7151729],[8.7725097,45.7150771],[8.7722186,45.7151313],[8.7719951,45.7153317],[8.7718966,45.7153479],[8.7716206,45.7152622],[8.7715488,45.7154402],[8.7713309,45.7154368],[8.7705397,45.7152957],[8.7702259,45.715274],[8.7701088,45.7153615],[8.7699926,45.7153607],[8.7689612,45.7152546],[8.76894,45.7154714],[8.7686196,45.7155066],[8.7679166,45.7155588],[8.7678586,45.715614],[8.7677572,45.7156678],[8.7676392,45.7156988],[8.7671851,45.7157226],[8.7670451,45.7157439],[8.7669413,45.7157872],[8.7667179,45.7156561],[8.7657332,45.7154926],[8.7651396,45.7152522],[8.7648835,45.7151992],[8.7646236,45.7152341],[8.7644744,45.7150933],[8.7635141,45.7151552],[8.7632603,45.7151238],[8.7621701,45.7151738],[8.7606953,45.7146413],[8.7603515,45.7147592],[8.7597664,45.7148161],[8.7587408,45.7148053],[8.7585183,45.7149753],[8.7579217,45.7156557],[8.7573323,45.7161794],[8.7572865,45.7162543],[8.7573195,45.7164062],[8.7570656,45.7164924],[8.7574416,45.7168835],[8.757001,45.7172739],[8.757356,45.7174094],[8.7568406,45.7177529],[8.7565211,45.717872],[8.755729,45.7180333],[8.7556837,45.7180425],[8.7546884,45.7181874],[8.7538465,45.7177721],[8.7536346,45.7166421],[8.7534411,45.7160881],[8.7534716,45.7149901],[8.7531351,45.7148094],[8.7529767,45.7143095],[8.752717,45.7142009],[8.7513131,45.7138918],[8.7515995,45.7130374],[8.7505225,45.7129135],[8.7496885,45.7126507],[8.7494416,45.7125511],[8.7492191,45.7123796],[8.7490296,45.7120192],[8.7487295,45.7122337],[8.7479758,45.7120348],[8.7476754,45.7121017],[8.747329,45.7119655],[8.7471225,45.7116937],[8.7467025,45.7111409],[8.7465422,45.7108208],[8.7447918,45.7106362],[8.744138,45.7105672],[8.7439492,45.7115278],[8.7424756,45.7112754],[8.7410698,45.7111071],[8.7409372,45.711754],[8.7409159,45.7121037],[8.7410027,45.7123859],[8.7414474,45.7129437],[8.7313517,45.7165693],[8.7264828,45.7183894],[8.7263671,45.7183891],[8.7267131,45.7189075],[8.724184,45.720418],[8.7239066,45.7206604],[8.7236271,45.7213213],[8.7235544,45.7214021],[8.7235591,45.7214201],[8.7244011,45.7223357],[8.7249875,45.7226431],[8.7253441,45.722977],[8.7254547,45.7230223],[8.725699,45.7229869],[8.7257551,45.723014],[8.7261133,45.7236719],[8.7268904,45.7240788],[8.7269795,45.7242545],[8.7269168,45.7245964],[8.7269512,45.7247855],[8.7272433,45.7251777],[8.7276132,45.7254126],[8.7284872,45.7257297],[8.7288589,45.7259241],[8.7292476,45.7262671],[8.7293879,45.7264834],[8.729433,45.7267896],[8.7293662,45.7273249],[8.7292619,45.7273112],[8.7291309,45.7274819],[8.728909,45.7275309],[8.7287265,45.7277194],[8.7283079,45.727921],[8.7281511,45.7281141],[8.7280522,45.7283525],[8.727893,45.7285963],[8.7277111,45.7287431],[8.7275202,45.7290307],[8.727108,45.7292277],[8.7269576,45.7294208],[8.7269616,45.7302579],[8.7271406,45.7304474],[8.7272018,45.73074],[8.7273392,45.7309069],[8.7274154,45.7314336],[8.7292563,45.7324595],[8.730623,45.7328948],[8.7307527,45.7329941],[8.7309968,45.7333457],[8.7311361,45.7334406],[8.7323966,45.733583],[8.7328074,45.7336875],[8.7331869,45.7339629],[8.733999,45.7348289],[8.7343961,45.7351043],[8.7348273,45.7353123],[8.7355539,45.735566],[8.7360246,45.7355716],[8.7360234,45.7358281],[8.7360793,45.7359183],[8.7366023,45.7360815],[8.7367783,45.7362349],[8.7361454,45.736895],[8.7359055,45.7369889],[8.7357409,45.7371461],[8.7356383,45.7374383],[8.7355047,45.737621],[8.7354494,45.7376404],[8.7342786,45.7385378],[8.733791,45.7383746],[8.7334384,45.7385223],[8.7320449,45.7382895],[8.730821,45.7381966],[8.7305227,45.7380699],[8.7304291,45.7381507],[8.7300531,45.7388249],[8.7299955,45.7391263],[8.7300362,45.7393514],[8.7294384,45.7393545],[8.7291954,45.7411135],[8.7282947,45.7416154],[8.7270418,45.7411984],[8.7264577,45.742034],[8.725797,45.7427435],[8.7258171,45.7429101],[8.7261753,45.7432575],[8.7253324,45.7434579],[8.7247818,45.7436591],[8.724338,45.743406],[8.7234579,45.7433094],[8.7231881,45.7435923],[8.7239481,45.7445842],[8.7220193,45.745016],[8.7222445,45.7456106],[8.7216008,45.7457936],[8.7210113,45.7460756],[8.7208222,45.7469527],[8.7202212,45.7475948],[8.7195387,45.7478182],[8.7184363,45.7478199],[8.7179738,45.7480663],[8.7177901,45.7488129],[8.7180536,45.7491466],[8.7177738,45.750127],[8.7176368,45.7502121],[8.7175197,45.7501758],[8.7169085,45.7515424],[8.7162289,45.7524543],[8.7159033,45.753277],[8.7162864,45.7551028],[8.716563,45.7556818],[8.716741,45.7567129],[8.71693,45.7571634],[8.7170708,45.7579423],[8.7176859,45.759234],[8.7178517,45.7595823],[8.7180715,45.7603119],[8.7183895,45.7606907],[8.7182838,45.7609289],[8.7166098,45.7610733],[8.7163258,45.7606406],[8.7161802,45.7601947],[8.7159227,45.7599465],[8.7157155,45.7595905],[8.7150399,45.7600073],[8.7148186,45.7599213],[8.714357,45.7606087],[8.7142317,45.7605814],[8.7135528,45.7613357],[8.7133276,45.7619967],[8.7133854,45.7626314],[8.7141841,45.765203],[8.714252,45.7658732],[8.7117126,45.7650438],[8.7095572,45.7643633],[8.7095435,45.7642283],[8.709625,45.763999],[8.7096755,45.7638686],[8.7097277,45.7637202],[8.7097654,45.7635763],[8.7097885,45.7634728],[8.7098212,45.7633604],[8.7098473,45.7632975],[8.7098717,45.7632255],[8.7099565,45.7630052],[8.7100312,45.7628524],[8.710093,45.7627131],[8.710119,45.7626546],[8.7101223,45.7626501],[8.7098359,45.7623929],[8.70985,45.7621364],[8.7094162,45.7621038],[8.7095516,45.7617171],[8.7095958,45.7615597],[8.7096046,45.7614247],[8.709589,45.7613257],[8.7095816,45.7612087],[8.7095934,45.7610962],[8.7096034,45.7610287],[8.7096689,45.7604843],[8.7073679,45.760645],[8.7069603,45.7595909],[8.7068509,45.7593116],[8.7067616,45.7591673],[8.7066497,45.759041],[8.7065618,45.7589463],[8.7065013,45.7588471],[8.7064618,45.758721],[8.7064287,45.7585949],[8.7063986,45.7585003],[8.7063526,45.7583832],[8.7062938,45.7582526],[8.7062365,45.7581444],[8.7061776,45.7580362],[8.7060948,45.757901],[8.7060231,45.7577748],[8.7059691,45.7576442],[8.7059232,45.7575181],[8.7059026,45.757455],[8.7058774,45.7573559],[8.7058537,45.7572704],[8.7058174,45.7571488],[8.7057969,45.7570722],[8.7057444,45.7569821],[8.7056981,45.7569144],[8.7056742,45.7568739],[8.7054762,45.7569229],[8.7053743,45.7570441],[8.7053033,45.7571069],[8.7052243,45.7571562],[8.7051146,45.7572234],[8.705013,45.7572952],[8.704921,45.757367],[8.7048564,45.7574298],[8.7047917,45.7575016],[8.7047529,45.757551],[8.704571,45.7579061],[8.7041733,45.7574325],[8.7041462,45.757383],[8.7041436,45.7572704],[8.7041523,45.7571535],[8.7041396,45.7571219],[8.7041219,45.7571084],[8.7038373,45.7568376],[8.7031184,45.7572228],[8.703166,45.7573354],[8.7021532,45.7576883],[8.701885,45.7576471],[8.7017115,45.7576331],[8.7014733,45.757682],[8.7012142,45.7577398],[8.7010082,45.7577933],[8.7008426,45.7578154],[8.7007252,45.7578241],[8.7006496,45.7578239],[8.7005934,45.7578282],[8.6998918,45.7580804],[8.6997562,45.758087],[8.6998765,45.7590369],[8.700051,45.7597664],[8.6996832,45.7603235],[8.6910359,45.7617091],[8.6898352,45.7602432],[8.6880911,45.7579568],[8.6872292,45.7568609],[8.6861304,45.7556203],[8.6802897,45.7496862],[8.6795582,45.7483161],[8.679266,45.7477122],[8.679154,45.7473429],[8.6783659,45.7457746],[8.6780152,45.745283],[8.6780433,45.7451436],[8.6783251,45.7447574],[8.6784085,45.7445191],[8.6783892,45.74424],[8.678247,45.7438031],[8.6779242,45.7435148],[8.676868,45.7430348],[8.6775167,45.7424451],[8.678065,45.7426288],[8.6783649,45.7425838],[8.6784955,45.7425122],[8.6785136,45.7424312],[8.6783348,45.7422237],[8.6787455,45.7417793],[8.6787895,45.7416715],[8.6780634,45.7410799],[8.6780273,45.7409223],[8.6780997,45.7406255],[8.6780852,45.7403599],[8.6779659,45.740157],[8.6777181,45.7399268],[8.6783747,45.7383536],[8.67831,45.7381374],[8.677537,45.7381667],[8.6773421,45.736582],[8.6771299,45.7365949],[8.6751211,45.7358653],[8.6737323,45.7359988],[8.6718073,45.7364377],[8.6713862,45.7365561],[8.6708895,45.7365996],[8.6688028,45.7362516],[8.6672415,45.7361841],[8.6660626,45.7360634],[8.6657058,45.7366141],[8.6651189,45.7375775],[8.6655042,45.7378891],[8.6653822,45.7381408],[8.6650813,45.7384819],[8.6648261,45.7389807],[8.664654,45.7390162],[8.663646,45.7380367],[8.662797,45.7386732],[8.6627658,45.7387766],[8.6628791,45.738921],[8.6620033,45.7391929],[8.6624149,45.7402202],[8.6623616,45.7402695],[8.6622862,45.7402603],[8.6616445,45.7398174],[8.6615105,45.739925],[8.6615417,45.7403481],[8.6622044,45.7415607],[8.6608853,45.7436674],[8.6605926,45.7445171],[8.6599954,45.7444253],[8.660016,45.7442049],[8.659859,45.7441234],[8.6596325,45.7441182],[8.6581524,45.7443928],[8.658565,45.7449971],[8.6583817,45.7450055],[8.658747,45.7459832],[8.6579151,45.7469483],[8.6576543,45.747024],[8.6574924,45.746965],[8.6570749,45.7463877],[8.6569385,45.7463513],[8.6556088,45.7464733],[8.6551146,45.7466113],[8.6556525,45.7474635],[8.6554448,45.7475304],[8.6558774,45.7488008],[8.6550894,45.7488884],[8.6542755,45.749786],[8.6550195,45.7503193],[8.6572254,45.7530666],[8.6566966,45.7554322],[8.6561752,45.7563262],[8.6558887,45.7566584],[8.6551824,45.7572908],[8.6550688,45.7574794],[8.6550566,45.7576369],[8.6551456,45.7577947],[8.6564434,45.7587212],[8.6579239,45.7595042],[8.6580421,45.759626],[8.6586998,45.7606225],[8.6587889,45.7610503],[8.6587225,45.7613877],[8.6583098,45.7615934],[8.6593084,45.7625775],[8.6598829,45.7632767],[8.6599905,45.7635606],[8.6599578,45.7639115],[8.6611692,45.7645496],[8.6614632,45.7648475],[8.6614781,45.7650411],[8.6612511,45.7653689],[8.6611361,45.7657781],[8.661115,45.7660706],[8.661257,45.7662555],[8.6614666,45.7664092],[8.6616747,45.7673593],[8.6617935,45.7681832],[8.6618237,45.7693084],[8.6615895,45.7705678],[8.6614914,45.7724396],[8.6614711,45.7726061],[8.6614552,45.7726735],[8.6614575,45.772723],[8.6614427,45.7727815],[8.6614343,45.7728445],[8.6614287,45.7729705],[8.661444,45.7730965],[8.6618372,45.7740157],[8.6618562,45.7740698],[8.6618736,45.7741149],[8.661891,45.7741554],[8.661942,45.7742321],[8.6623123,45.7746742],[8.661568,45.7753854],[8.6611964,45.7754989],[8.6610899,45.7755571],[8.6610174,45.7755884],[8.6608112,45.7756598],[8.6607226,45.775682],[8.6606566,45.7756953],[8.6605874,45.7757041],[8.6605118,45.7757084],[8.6604298,45.7757082],[8.6603623,45.7757035],[8.6602482,45.7756896],[8.6611486,45.7775517],[8.6588409,45.7776206],[8.658701,45.7776246],[8.6585758,45.77763],[8.6585048,45.7776331],[8.6582748,45.7776504],[8.6580979,45.7776589],[8.6579402,45.7776674],[8.6577891,45.7776759],[8.6576507,45.7776935],[8.6575204,45.7777066],[8.6573981,45.7777108],[8.6571377,45.7777055],[8.6565673,45.7776318],[8.6564373,45.7775954],[8.6563604,45.7775591],[8.6563027,45.777523],[8.6562515,45.7774778],[8.6559125,45.7771843],[8.6558227,45.777139],[8.6557344,45.7771207],[8.6555415,45.7771156],[8.654805,45.7771314],[8.6546184,45.7771354],[8.6544576,45.7771439],[8.6543207,45.7771399],[8.6542872,45.7771389],[8.6541795,45.7771295],[8.654088,45.7771158],[8.6538583,45.7770836],[8.6536092,45.7770558],[8.6532796,45.7770593],[8.6532423,45.7771087],[8.6532245,45.7771266],[8.6532066,45.7771581],[8.6531791,45.777194],[8.6531482,45.7772389],[8.6531175,45.7772748],[8.6530737,45.7773242],[8.6530236,45.777369],[8.6529687,45.7774094],[8.6529284,45.7774318],[8.6528929,45.7774452],[8.6528527,45.7774495],[8.6527851,45.7774538],[8.646335,45.777905],[8.6456292,45.7769856],[8.6452822,45.7770831],[8.6424255,45.7721746],[8.6419224,45.7711604],[8.6417965,45.7707325],[8.6417949,45.770476],[8.6419894,45.769716],[8.6417097,45.7682076],[8.6412208,45.7682375],[8.6407868,45.7684792],[8.6402851,45.7682481],[8.6407732,45.7675836],[8.640946,45.7672196],[8.6411659,45.7651358],[8.6421146,45.7619264],[8.6420865,45.7618003],[8.6420499,45.7617372],[8.6419552,45.7617234],[8.6391436,45.7617551],[8.6390283,45.7606971],[8.638267,45.7598442],[8.6383303,45.7582558],[8.6379631,45.7568685],[8.6381369,45.7565945],[8.6373747,45.7563941],[8.637066,45.7561591],[8.6363648,45.7540012],[8.6366019,45.753867],[8.6368417,45.7538182],[8.6360694,45.7524522],[8.6331611,45.7511333],[8.6284576,45.7478914],[8.6276065,45.7487085],[8.6273163,45.7489527],[8.6271809,45.7490708],[8.6270436,45.7491798],[8.6260685,45.7502373],[8.6245112,45.7507227],[8.6242091,45.7509467],[8.6220548,45.7501116],[8.621552,45.7500874],[8.6207743,45.7495853],[8.620113,45.7489846],[8.6199172,45.7489569],[8.6194814,45.748996],[8.6191586,45.7489589],[8.6188896,45.7488185],[8.618644,45.7485476],[8.6185494,45.7485113],[8.6175173,45.7485709],[8.6115737,45.7484428],[8.6107262,45.7494615],[8.6108058,45.7504969],[8.6106752,45.7507889],[8.6102985,45.7513412],[8.6090043,45.7509542],[8.6082645,45.7514873],[8.6060328,45.7516371],[8.6060303,45.7522266],[8.605877,45.7523116],[8.6037844,45.7528422],[8.6030582,45.7527474],[8.6027203,45.7527323],[8.6024614,45.7528218],[8.6024779,45.7539064],[8.6017044,45.7546463],[8.6012539,45.7547077],[8.6006773,45.7551152],[8.6006382,45.7552872],[8.6001574,45.7556625],[8.5999908,45.7558104],[8.5999568,45.7558553],[8.5999162,45.7559136],[8.5998577,45.7559989],[8.5998089,45.7560798],[8.5997666,45.7561516],[8.5997276,45.756219],[8.5996852,45.7562954],[8.5995893,45.7564435],[8.5982292,45.7565018],[8.5980492,45.7564921],[8.597839,45.7564554],[8.5977571,45.7564416],[8.5941443,45.7559473],[8.5940964,45.7559111],[8.5940917,45.7558931],[8.5940873,45.7558346],[8.5940876,45.7557896],[8.5940915,45.7556996],[8.5940659,45.755677],[8.5940467,45.7556634],[8.5940051,45.7556408],[8.5939538,45.7556271],[8.5938591,45.7556043],[8.5937451,45.7555859],[8.5936119,45.7555584],[8.5934947,45.75554],[8.5933824,45.7555171],[8.5932845,45.7554942],[8.5931674,45.7554578],[8.5930905,45.755426],[8.592868,45.7554221],[8.5926775,45.7553956],[8.592358,45.7553427],[8.5920692,45.7552944],[8.5919832,45.7552768],[8.5919156,45.7552637],[8.5918857,45.7551473],[8.5918496,45.7550352],[8.591801,45.7549532],[8.5918017,45.7548628],[8.5916671,45.754759],[8.5915754,45.7546768],[8.591374,45.7544608],[8.5910497,45.7542228],[8.5909645,45.7540933],[8.5909421,45.7537961],[8.5910657,45.753604],[8.5910578,45.7536006],[8.5882293,45.7524834],[8.5862486,45.7517157],[8.5824264,45.7491693],[8.5829106,45.7486715],[8.583703,45.7475313],[8.5844579,45.746283],[8.5853809,45.7448372],[8.5860062,45.7437234],[8.5866688,45.7427267],[8.5875284,45.7412087],[8.5881947,45.73969],[8.5886935,45.7382787],[8.5892416,45.7371106],[8.5897781,45.7358164],[8.5903776,45.7346304],[8.5910288,45.7334627],[8.591597,45.7326458],[8.5918597,45.7322686],[8.592848,45.731183],[8.5930253,45.7309901],[8.5937501,45.7304115],[8.5945506,45.7297714],[8.5959831,45.7288944],[8.5978009,45.7280458],[8.6001347,45.7269199],[8.6021431,45.7263059],[8.604715,45.7260088],[8.6060792,45.7259169],[8.6061883,45.7259095],[8.6070032,45.7258546],[8.6090343,45.7257086],[8.6094069,45.7257189],[8.6110384,45.7257424],[8.6130815,45.7257224],[8.6151902,45.7254955],[8.6176077,45.7252156],[8.6196783,45.7249255],[8.620901,45.7246505],[8.623038,45.7240185],[8.6249575,45.7232598],[8.6264132,45.7226615],[8.6268883,45.7225079],[8.6270528,45.7224547],[8.6271573,45.7224209],[8.6272364,45.7224051],[8.6281762,45.7222172],[8.6293718,45.7220771],[8.6313494,45.7222815],[8.6332357,45.7226296],[8.6346158,45.7228407],[8.6347311,45.7228586],[8.6353407,45.7229514],[8.6365219,45.7230541],[8.6378964,45.7231305],[8.6390772,45.7232873],[8.6400653,45.7234974],[8.6413116,45.7234653],[8.6428681,45.7231552],[8.6442851,45.7226105],[8.6459607,45.7217607],[8.6468766,45.7211335],[8.6473964,45.7207436],[8.6476222,45.7205738],[8.6478449,45.7204074],[8.648775,45.7195552],[8.6496297,45.7184867],[8.6507172,45.7171309],[8.6517903,45.7159911],[8.6518516,45.715915],[8.6519323,45.715816],[8.652606,45.7149855],[8.6534342,45.7139709],[8.6536166,45.7135575],[8.6538645,45.7129462],[8.6540216,45.7124696],[8.6542166,45.7120472],[8.6545269,45.7113936],[8.6546722,45.7110877],[8.6546904,45.7102147],[8.6546335,45.7090264],[8.6543579,45.7078825],[8.6533649,45.7064034],[8.6522153,45.7053378],[8.6512569,45.7045248],[8.6504283,45.7035322],[8.649769,45.7021441],[8.6493675,45.7006149],[8.6490291,45.6992638],[8.6484851,45.69793],[8.6482715,45.6971823],[8.6478908,45.6964341],[8.6474484,45.6952986],[8.6468665,45.6938837],[8.646142,45.6926753],[8.6452383,45.6913854],[8.6443855,45.6901677],[8.6437994,45.6894368],[8.6434678,45.6890667],[8.6432385,45.688805],[8.6425112,45.6882084],[8.6420113,45.6877578],[8.6414406,45.6872465],[8.6411827,45.6870164],[8.640879,45.6863044],[8.6405137,45.6851961],[8.6404329,45.6847188],[8.6404116,45.6845927],[8.6403657,45.6842416],[8.6403768,45.6838366],[8.6403466,45.6833999],[8.6404171,45.6825451],[8.6403595,45.6818878],[8.6404107,45.6814245],[8.6403558,45.6809652],[8.6403881,45.6803128],[8.6404155,45.6799123],[8.6406202,45.6793504],[8.6407756,45.6787704],[8.6408359,45.6783745],[8.6407574,45.6779738],[8.6407601,45.6775552],[8.6408042,45.6771818],[8.6407993,45.6768083],[8.6409018,45.6765341],[8.6413065,45.6763148],[8.6417918,45.6760238],[8.6420827,45.6758312],[8.6425313,45.6757422],[8.6427496,45.6756983],[8.6434235,45.6754754],[8.6442947,45.6754016],[8.6447678,45.6753941],[8.6453461,45.6753734],[8.6458509,45.6753074],[8.6467946,45.6751663],[8.6474618,45.6750514],[8.6479748,45.6750124],[8.648635,45.674992],[8.6493105,45.6748951],[8.649732,45.6748387],[8.650173,45.6747807],[8.650955,45.6747201],[8.6518101,45.6746372],[8.6526163,45.6745676],[8.6534313,45.6745431],[8.6540342,45.6745089],[8.6549142,45.6744891],[8.6556645,45.6744868],[8.6564554,45.6744802],[8.6574333,45.6744517],[8.6582419,45.6745621],[8.6590589,45.6746905],[8.6597442,45.6747466],[8.6605593,45.674722],[8.6614635,45.6746797],[8.6623597,45.6746283],[8.6630035,45.6745987],[8.6636805,45.6745467],[8.6641937,45.6745752],[8.6646675,45.6746441],[8.6653445,45.6746956],[8.6662102,45.6747927],[8.6668714,45.6748576],[8.6674514,45.6749538],[8.6681225,45.6751223],[8.6686625,45.6752723],[8.6695716,45.6755585],[8.6702501,45.6757],[8.6704165,45.6757587],[8.6707882,45.67589],[8.6709055,45.6759314],[8.6718815,45.6763797],[8.6726783,45.6768095],[8.6732203,45.6770946],[8.6737781,45.6773572],[8.6743758,45.67753],[8.6751031,45.6776355],[8.6757143,45.6776193],[8.6761703,45.6775891],[8.6766672,45.677559],[8.6771155,45.6775422],[8.6776375,45.6775437],[8.6781589,45.6775092],[8.6787854,45.6774209],[8.6792968,45.6772469],[8.679726,45.67705],[8.6801893,45.6769388],[8.6807344,45.6768368],[8.6810088,45.6766351],[8.6812011,45.6764016],[8.6811738,45.67619],[8.6812925,45.6759248],[8.6814413,45.6754977],[8.6815856,45.6750729],[8.6816137,45.6749318],[8.6816205,45.6747642],[8.6816472,45.6742641],[8.6816014,45.6737168],[8.6814692,45.6734516],[8.6813444,45.6732328],[8.6810235,45.6728069],[8.6806449,45.6724414],[8.6813228,45.6709089],[8.6814882,45.6703308],[8.6809617,45.669934],[8.6806334,45.6697024],[8.6796372,45.6691031],[8.6793313,45.6690098],[8.6788569,45.6689699],[8.6763836,45.6688158],[8.6752333,45.6681495],[8.6747953,45.6675805],[8.673658,45.6668073],[8.6731246,45.6664715],[8.6728293,45.666299],[8.6725163,45.6661326],[8.671952,45.6658184],[8.6714066,45.6654378],[8.6711409,45.66523],[8.6708546,45.664956],[8.6703265,45.6641743],[8.6697875,45.6628635],[8.6698345,45.6614235],[8.6704447,45.6602372],[8.6713496,45.6591507],[8.6723962,45.6579656],[8.6734543,45.6570055],[8.6735372,45.6569336],[8.6735897,45.6568881],[8.6741252,45.6564224],[8.6743702,45.656216],[8.6757374,45.6550588],[8.676989,45.6539103],[8.678265,45.6529688],[8.6796441,45.6519466],[8.6799413,45.6517253],[8.6806758,45.6511786],[8.680933,45.6509871],[8.6820294,45.650009],[8.6834111,45.6485007],[8.6846651,45.646884],[8.6859968,45.6450965],[8.686053,45.6450029],[8.6867999,45.6437576],[8.6871098,45.6432272],[8.6880177,45.6416728],[8.6885538,45.6398741],[8.6886143,45.6382091],[8.6881849,45.6369928],[8.6871008,45.6358107],[8.6863221,45.6350975],[8.6854273,45.63451],[8.685203,45.6344006],[8.6850562,45.6343289],[8.684083,45.6339932],[8.6824943,45.6335928],[8.6803012,45.6334517],[8.6786452,45.633627],[8.6770257,45.6341265],[8.6756748,45.6347707],[8.6745151,45.6356315],[8.6740829,45.6361169],[8.6735078,45.6367628],[8.6729624,45.6378863],[8.6726475,45.6390735],[8.6722301,45.6402424],[8.6708755,45.6414897],[8.6697925,45.6419868],[8.6688683,45.6424109],[8.6675466,45.6427209],[8.6671207,45.6428199],[8.6656575,45.6428786],[8.6636688,45.6428368],[8.6617326,45.642597],[8.660364,45.6418639],[8.6602549,45.6416924],[8.6597924,45.6409626],[8.659398,45.6403399],[8.6590602,45.6389078],[8.658939,45.6377463],[8.65932,45.6368649],[8.6602723,45.6358061],[8.6612277,45.6348098],[8.6614598,45.6346215],[8.6616464,45.6344736],[8.6625814,45.6337337],[8.6638085,45.6327211],[8.6638965,45.6326485],[8.6651989,45.6315452],[8.6659374,45.6303233],[8.6659438,45.6292522],[8.665529,45.6278198],[8.6647401,45.6267194],[8.6636316,45.625456],[8.6629077,45.6242388],[8.6626948,45.6233741],[8.6627095,45.6230591],[8.662782,45.6228627],[8.662877,45.622605],[8.6630877,45.6220341],[8.6642348,45.6211104],[8.6662124,45.6207471],[8.6684309,45.6208436],[8.6696547,45.6209273],[8.6699235,45.6209455],[8.6706491,45.620994],[8.6733931,45.6211549],[8.6758025,45.6215218],[8.6766049,45.621514],[8.6779576,45.6215009],[8.6803591,45.6210126],[8.682133,45.6203425],[8.6834941,45.6194666],[8.683665,45.6193567],[8.6846827,45.6185764],[8.6856243,45.6176249],[8.6862293,45.6166193],[8.6866082,45.6159894],[8.6873349,45.6144793],[8.6881868,45.6135005],[8.6896235,45.6125],[8.6897962,45.6123798],[8.6911346,45.6115283],[8.6924735,45.6105958],[8.6938638,45.6096455],[8.693559,45.6094802],[8.6934802,45.6094374],[8.6929428,45.609211],[8.6921107,45.6089297],[8.6887803,45.6082276],[8.6887313,45.6078044],[8.6889909,45.6072561],[8.6895715,45.6066006],[8.6902294,45.6059093],[8.6907193,45.6054336],[8.6910934,45.6050206],[8.6914679,45.6045535],[8.691855,45.6041045],[8.6922543,45.6037906],[8.6928588,45.6034502],[8.693636,45.6031244],[8.6939898,45.6029761],[8.6945671,45.6027561],[8.6953262,45.6024667],[8.6971275,45.6021217],[8.6973738,45.6020746],[8.6989862,45.6017658],[8.6992668,45.601712],[8.6991353,45.6023417],[8.699082,45.6027016],[8.6987759,45.6032968],[8.699829,45.6044948],[8.7001007,45.6040365],[8.7002297,45.6037942],[8.7004116,45.6034522],[8.7007919,45.6029232],[8.7008638,45.6028233],[8.701965,45.6017596],[8.7020088,45.601695],[8.7021901,45.6014269],[8.7025926,45.6008297],[8.703148,45.600057],[8.7034882,45.5987618],[8.7035042,45.5986822],[8.7038042,45.5971874],[8.7043239,45.5959016],[8.7047556,45.5942466],[8.7047613,45.5941771],[8.7048927,45.5925638],[8.7048507,45.5917831],[8.7048109,45.5910424],[8.7046956,45.5895812],[8.7046873,45.5894765],[8.7046666,45.5892148],[8.7044406,45.5883142],[8.7041363,45.5876833],[8.7037857,45.587323],[8.7035879,45.5871418],[8.7029747,45.5867352],[8.7027383,45.5866217],[8.7022586,45.5863913],[8.7019635,45.5862195],[8.7008651,45.5856856],[8.7002001,45.5853868],[8.6994714,45.5850068],[8.699245,45.5848762],[8.6991651,45.5848301],[8.6989858,45.5847265],[8.6985515,45.5844374],[8.6981381,45.5840627],[8.6974023,45.5835973],[8.6968281,45.5831097],[8.6960371,45.5824235],[8.6956203,45.5820263],[8.6954122,45.5818278],[8.6948897,45.5812593],[8.6942913,45.5805106],[8.6942415,45.5804321],[8.6940709,45.5801632],[8.6938338,45.5797893],[8.6933903,45.578843],[8.6933815,45.5786373],[8.6933449,45.5777808],[8.693502,45.5771602],[8.693816,45.5767154],[8.6938508,45.576666],[8.6944183,45.5760015],[8.6951012,45.575456],[8.6954739,45.5751582],[8.6965675,45.5743781],[8.697738,45.5735891],[8.6988476,45.5727813],[8.698896,45.572746],[8.699873,45.5721906],[8.7005801,45.5717784],[8.7012229,45.571402],[8.701506,45.5711777],[8.7019643,45.5709269],[8.7022924,45.5709143],[8.7024045,45.5709101],[8.7033672,45.5706155],[8.7048574,45.5699353],[8.7055279,45.569154],[8.7058165,45.5678856],[8.705951,45.5666618],[8.7060229,45.5651588],[8.7061319,45.5639259],[8.7064708,45.5628197],[8.70667,45.5614791],[8.7069628,45.5593736],[8.7068786,45.5583143],[8.706843,45.5577666],[8.7065688,45.5562987],[8.7065271,45.5560821],[8.7065064,45.5559746],[8.7064122,45.5554522],[8.706357,45.5551461],[8.7061415,45.5538598],[8.7060961,45.5535882],[8.7061643,45.5527873],[8.7067119,45.5509525],[8.7067459,45.5508265],[8.7072214,45.5490636],[8.7076514,45.5478162],[8.7077546,45.5475168],[8.7082803,45.5460983],[8.7085211,45.5454486],[8.7091056,45.5439019],[8.7092012,45.5437485],[8.7094543,45.5433447],[8.7100198,45.5426093],[8.710312,45.5422294],[8.7110017,45.5413309],[8.7112594,45.541045],[8.711495,45.5406304],[8.711673,45.540317],[8.7122797,45.5393914],[8.7126169,45.5385641],[8.7128904,45.5376917],[8.7134853,45.5365501],[8.7147203,45.5354731],[8.7165053,45.5345414],[8.717224,45.5341706],[8.717738,45.5339054],[8.7185742,45.5331514],[8.7188391,45.5326295],[8.7189622,45.5323872],[8.7192217,45.5317128],[8.7194043,45.5310547],[8.7180257,45.5301527],[8.7169531,45.52952],[8.7159698,45.5289453],[8.715855,45.5288782],[8.71533,45.5285727],[8.7149229,45.5283358],[8.714413,45.5278754],[8.7140451,45.5271905],[8.7137674,45.5263887],[8.7137037,45.5262494],[8.7134128,45.5256137],[8.7129691,45.5250651],[8.7128147,45.5248741],[8.7125614,45.5243334],[8.7124244,45.523577],[8.7122914,45.5220285],[8.7125646,45.521174],[8.7130693,45.5201312],[8.7131964,45.5199321],[8.713572599999999,45.5193494],[8.7140117,45.5186214],[8.7143868,45.5178752],[8.715006,45.5169497],[8.7158156,45.5163576],[8.7169201,45.5156853],[8.7183866,45.5148602],[8.7192955,45.514305],[8.7196321,45.5135587],[8.7197649,45.5125959],[8.7197322,45.5114347],[8.7198534,45.5102379],[8.7199852,45.5094731],[8.7201661,45.5092726],[8.7204037,45.5090094],[8.7214723,45.5084163],[8.7220017,45.5081279],[8.7222844,45.5079125],[8.7228362,45.5076423],[8.7229154,45.507149],[8.7229263,45.5068572],[8.7229302,45.506753],[8.722727,45.5064104],[8.7228441,45.5060237],[8.7235133,45.5053142],[8.7244901,45.5044975],[8.7255559,45.503807],[8.7267625,45.5031258],[8.7272584,45.502807],[8.7278924,45.5023994],[8.7290586,45.5020961],[8.7302872,45.502153],[8.7310423,45.5021728],[8.7319526,45.5018509],[8.7349474,45.5007463],[8.7355819,45.5003742],[8.7363265,45.4999079],[8.737405,45.4991993],[8.7385347,45.4984638],[8.7393427,45.4981056],[8.7407136,45.4978117],[8.7419044,45.4976973],[8.7428383,45.4977985],[8.7441948,45.4978375],[8.7456668,45.4978228],[8.7466647,45.497915],[8.748187,45.4980894],[8.749235,45.4984518],[8.7505652,45.4986527],[8.7515512,45.4985558],[8.7531515,45.4984603],[8.7549565,45.4984012],[8.7562112,45.4983138],[8.7570826,45.4980622],[8.7574037,45.4977943],[8.7581989,45.497418],[8.7592626,45.4970962],[8.7603515,45.4968464],[8.761662,45.49567],[8.7626406,45.4942679],[8.7634912,45.4928565],[8.7651749,45.4911318],[8.7669465,45.4897762],[8.7687461,45.4878266],[8.7701718,45.4865334],[8.7717497,45.4855824],[8.7734935,45.4847038],[8.7752607,45.4843652],[8.7773589,45.4844503],[8.7795976,45.4846077],[8.781349,45.4850521],[8.7826224,45.4858959],[8.783562,45.4864446],[8.7836979,45.4865238],[8.7846437,45.4867956],[8.7859104,45.486861],[8.7867812,45.4866736],[8.7874867,45.4862324],[8.7882587,45.4851282],[8.7889759,45.4840985],[8.7893535,45.4831949],[8.7900366,45.481864],[8.7905802,45.4802088],[8.7908031,45.4787421],[8.7908492,45.4780647],[8.7909249,45.4769511],[8.7909053,45.4761987],[8.7908801,45.4752318],[8.7908113,45.4730894],[8.790894,45.4714693],[8.7910061,45.4709748],[8.7911544,45.4703511],[8.7912048,45.4700986],[8.7914413,45.46877],[8.7913663,45.4681203],[8.7912801,45.4673745],[8.7901968,45.4663014],[8.7888321,45.4652098],[8.7881691,45.4642225],[8.7881241,45.4641553],[8.7881107,45.4631652],[8.7883745,45.4625086],[8.7893482,45.4619819],[8.78983,45.4617192],[8.791252,45.4611367],[8.7913609,45.461069],[8.7925084,45.4603559],[8.7929265,45.459798],[8.7933695,45.4592053],[8.794127,45.4584326],[8.7950859,45.4581033],[8.7955613,45.4579401],[8.7974296,45.4576644],[8.7986199,45.4574235],[8.799198,45.4567134],[8.7999685,45.4558221],[8.8003031,45.4552571],[8.8009968,45.4543672],[8.8022035,45.4530822],[8.8035384,45.4516983],[8.804287,45.4508307],[8.8043266,45.4507848],[8.8044237,45.4506722],[8.8047078,45.4503429],[8.804771,45.4502692],[8.8048403,45.4501751],[8.8056447,45.4490826],[8.8066832,45.4483102],[8.8078234,45.4477001],[8.8086821,45.4471344],[8.8100697,45.4459788],[8.8105434,45.4449863],[8.8105487,45.4434201],[8.81104,45.4418097],[8.8118248,45.4403618],[8.8119828,45.4389669],[8.8115132,45.43794],[8.8100191,45.4373794],[8.8088323,45.4367204],[8.8080173,45.4357649],[8.8076382,45.434459],[8.8081023,45.4333347],[8.8090631,45.4327332],[8.8099877,45.4325516],[8.8112498,45.4325748],[8.8125911,45.4328921],[8.8134126,45.4332332],[8.8135486,45.4332897],[8.8150295,45.4339402],[8.8160798,45.4342179],[8.8165368,45.4343387],[8.8176009,45.4346132],[8.8180058,45.4347176],[8.8184017,45.4348637],[8.8194618,45.4351984],[8.8212767,45.4353723],[8.8231434,45.4353212],[8.8243203,45.435116],[8.8249478,45.4347749],[8.8258325,45.4339482],[8.8263353,45.4325898],[8.8258399,45.4315449],[8.825267,45.4307609],[8.8243742,45.4301114],[8.8228678,45.429434],[8.82154,45.4288829],[8.8203783,45.428404],[8.8202385,45.4281247],[8.8207519,45.4274955],[8.8217254,45.4268579],[8.8228264,45.4263105],[8.8238894,45.4256911],[8.8243903,45.4249268],[8.8244962,45.4237388],[8.8243086,45.4224063],[8.8242482,45.4212631],[8.8242491,45.4209815],[8.8242512,45.420318],[8.8242778,45.4202412],[8.824322,45.4194157],[8.8244203,45.4192121],[8.8244131,45.4189971],[8.8243011,45.418797],[8.824098,45.418636],[8.82394,45.418519],[8.8236664,45.4182612],[8.8235568,45.417976],[8.8235001,45.4176833],[8.8234973,45.4173879],[8.8233927,45.4163297],[8.8234074,45.4151641],[8.823334,45.4146374],[8.8233809,45.4139263],[8.8234935,45.4131704],[8.8236794,45.4124371],[8.8240698,45.4117446],[8.8242108,45.4115828],[8.8252087,45.4107202],[8.8262389,45.4096956],[8.8271036,45.4090083],[8.8279628,45.4085415],[8.8286681,45.4082545],[8.8292293,45.4080618],[8.8303402,45.4078159],[8.8309379,45.4077178],[8.8328469,45.4076441],[8.8334845,45.4075595],[8.8343775,45.4075157],[8.8349768,45.4074221],[8.8358609,45.4071398],[8.8371066,45.406642],[8.8373452,45.4064533],[8.8375695,45.4061971],[8.8384789,45.4048797],[8.8395659,45.403423],[8.8413235,45.4002975],[8.8415483,45.3998522],[8.8416981,45.3994203],[8.8417796,45.3992854],[8.8418894,45.3991512],[8.8420353,45.3990342],[8.8421921,45.3989468],[8.8414778,45.3985422],[8.8407513,45.3978931],[8.8406638,45.3972179],[8.8411267,45.3961564],[8.8417043,45.3951941],[8.842563,45.3942141],[8.8428962,45.393838],[8.8415814,45.3934477],[8.8409947,45.3931048],[8.840063,45.3927885],[8.8386836,45.3926785],[8.8367418,45.3926577],[8.8355546,45.39235],[8.834585,45.3918985],[8.8331685,45.3913744],[8.8318505,45.3909891],[8.8309731,45.3907321],[8.8295181,45.3902709],[8.8269735,45.3902715],[8.8267323,45.3905547],[8.8263875,45.3911983],[8.8260771,45.3917779],[8.8247611,45.3918209],[8.8237133,45.3919003],[8.8232907,45.3922237],[8.8227784,45.3926279],[8.8222028,45.3928521],[8.8210824,45.392414],[8.8209779,45.3923731],[8.8217652,45.3914544],[8.8177342,45.3904255],[8.8173092,45.3903762],[8.8141634,45.3900669],[8.8129387,45.3895788],[8.8117394,45.3892481],[8.8112284,45.3891079],[8.8105353,45.3887923],[8.8106575,45.3879278],[8.8109811,45.3866502],[8.8115355,45.3851119],[8.8120252,45.3838345],[8.8118993,45.3832672],[8.8108408,45.3827614],[8.8101015,45.3822921],[8.8088122,45.382065],[8.8070633,45.381783],[8.8064379,45.3816379],[8.8069257,45.3809186],[8.8040555,45.3798786],[8.8028687,45.3795615],[8.8015417,45.3791811],[8.8011817,45.3798826],[8.8007437,45.3798374],[8.7977599,45.3795346],[8.7959334,45.3795403],[8.7947348,45.3789891],[8.793381,45.3789597],[8.792268,45.3794527],[8.7914233,45.3799282],[8.7903118,45.3800162],[8.7894564,45.3799066],[8.7893099,45.3800557],[8.7884051,45.3809758],[8.7875092,45.3814692],[8.7865416,45.3817236],[8.7859365,45.3830006],[8.7846039,45.382994],[8.7841728,45.3821561],[8.7824339,45.3826208],[8.780827,45.3830539],[8.7791359,45.3832716],[8.7768215,45.3838972],[8.7760695,45.384247],[8.7759192,45.3843278],[8.7747739,45.3848743],[8.7733268,45.3857896],[8.7724552,45.3865349],[8.7721668,45.386363],[8.7719327,45.3862279],[8.769053,45.3876083],[8.7672609,45.3884867],[8.76634,45.3887729],[8.7654315,45.3889398],[8.7649525,45.3875909],[8.7647942,45.3857093],[8.7643018,45.3843311],[8.7642985,45.3842473],[8.7642671,45.3834489],[8.7626201,45.3832835],[8.7615432,45.3830404],[8.7610505,45.3829292],[8.7620109,45.3823371],[8.7628688,45.3818438],[8.7629734,45.3812679],[8.7627224,45.3802053],[8.7632253,45.3790631],[8.7637144,45.378146],[8.7639015,45.377636],[8.7640245,45.3773006],[8.760886,45.3764839],[8.759737,45.3763825],[8.759517,45.3768077],[8.7581273,45.3794935],[8.7563791,45.3791118],[8.7577403,45.3762454],[8.7577968,45.3761263],[8.7564825,45.3758625],[8.75564,45.3757437],[8.7548479,45.375805],[8.7545266,45.3762904],[8.7550476,45.3768946],[8.7548422,45.3771372],[8.7540634,45.3770725],[8.7525457,45.3765832],[8.7511557,45.3761031],[8.7514908,45.3754017],[8.7494888,45.3746952],[8.7482897,45.3743775],[8.746854,45.3755625],[8.7456749,45.3764871],[8.7443321,45.3768711],[8.7433868,45.376923],[8.742123,45.3767941],[8.741676,45.3767841],[8.741138,45.377134],[8.7407162,45.377205],[8.7404728,45.3771456],[8.7402697,45.377096],[8.7407839,45.376368],[8.7394697,45.376077],[8.7377716,45.3759651],[8.7361762,45.3757364],[8.735564,45.375564],[8.7348228,45.3756613],[8.7345166,45.3756411],[8.7334056,45.375568],[8.7327175,45.3752423],[8.7320543,45.3750337],[8.7314412,45.3750503],[8.730835,45.3755278],[8.7307968,45.3755372],[8.7307312,45.3755424],[8.7299698,45.3756229],[8.7297159,45.3755948],[8.7295725,45.3755789],[8.7289741,45.3755125],[8.7280805,45.3754384],[8.7279662,45.3754623],[8.7277444,45.3755064],[8.7271345,45.3756252],[8.7267365,45.3757621],[8.7265667,45.3758204],[8.7263286,45.3759023],[8.7256112,45.3763506],[8.7253373,45.3765716],[8.7248547,45.3769609],[8.7240591,45.3777241],[8.7239271,45.3779034],[8.7235963,45.378353],[8.7233255,45.3788834],[8.7231496,45.3791254],[8.722914,45.3794495],[8.722568,45.3796917],[8.7220951,45.3797446],[8.7209996,45.3791478],[8.7192919,45.3783785],[8.7190763,45.3780795],[8.7188869,45.3776304],[8.7186973,45.3772339],[8.7184695,45.3768193],[8.7184839,45.3764863],[8.7188827,45.3759202],[8.719472,45.3755526],[8.7197814,45.375429],[8.7199199,45.3753737],[8.7202912,45.3751675],[8.7204075,45.3747494],[8.7204472,45.3746098],[8.7203593,45.3743216],[8.7201839,45.3736191],[8.7200535,45.3733635],[8.7198804,45.3730242],[8.7199352,45.3722683],[8.7203479,45.3714412],[8.7204421,45.3704602],[8.7207039,45.3704361],[8.7207826,45.3704288],[8.7210937,45.3703988],[8.7222422,45.3705817],[8.7237097,45.3708012],[8.7244519,45.370488],[8.7249134,45.370129],[8.7253363,45.369824],[8.7261693,45.3692049],[8.7272285,45.3693515],[8.7276123,45.3692174],[8.7279985,45.3685612],[8.7283961,45.3682111],[8.7294052,45.3681505],[8.7305924,45.3682343],[8.7311698,45.3676416],[8.7317899,45.3661308],[8.7320222,45.3656262],[8.7322278,45.3652282],[8.7330215,45.3649095],[8.7344153,45.3644897],[8.7352898,45.3631686],[8.7357301,45.3623888],[8.7358176,45.3622337],[8.7367342,45.3617985],[8.7380117,45.3614806],[8.7396942,45.3605503],[8.7397957,45.3604795],[8.7414622,45.3592401],[8.74323,45.3579479],[8.743631,45.3570424],[8.7432176,45.3558781],[8.7432585,45.3554051],[8.7441789,45.3553766],[8.7449032,45.3549543],[8.7455115,45.3543895],[8.7461284,45.354521],[8.7463959,45.3551916],[8.7464199,45.3558267],[8.7466937,45.3562905],[8.747489,45.3562922],[8.7492251,45.356341],[8.7508201,45.3565426],[8.7518401,45.3568598],[8.7533714,45.3570432],[8.7560901,45.357211],[8.7570571,45.3569453],[8.7572277,45.3568984],[8.7574068,45.3566987],[8.7575741,45.3565121],[8.7584799,45.3561633],[8.7585971,45.3561182],[8.760662,45.3556965],[8.761694,45.3558641],[8.7618137,45.3558824],[8.7619301,45.3558961],[8.7629534,45.3561908],[8.7632643,45.3562635],[8.7634573,45.3563044],[8.7636709,45.3563498],[8.7638798,45.3563907],[8.7641477,45.3564498],[8.7644156,45.3565044],[8.764642,45.3565588],[8.7650182,45.3566496],[8.7652318,45.3567131],[8.7652892,45.3567312],[8.7653673,45.3567493],[8.7654853,45.3567856],[8.7655825,45.3568218],[8.7656876,45.3568715],[8.765764,45.3569167],[8.7658229,45.3569528],[8.7658961,45.3569935],[8.7659885,45.3570387],[8.7661239,45.3571064],[8.766229,45.3571517],[8.7663373,45.3572059],[8.7664727,45.3572692],[8.7666368,45.3573415],[8.7668424,45.3574185],[8.7669507,45.3574637],[8.7669732,45.3574722],[8.7670702,45.3575089],[8.7671563,45.3575406],[8.7672089,45.3575542],[8.7672504,45.3575633],[8.7672854,45.3575724],[8.7673141,45.3575814],[8.767350800000001,45.357586],[8.7673827,45.3575951],[8.7673891,45.3575996],[8.7672867,45.3588191],[8.7670573,45.3606729],[8.767049,45.3607629],[8.7670326,45.3608664],[8.7670148,45.3609293],[8.7669888,45.3610373],[8.7669612,45.3611498],[8.7669467,45.3611992],[8.7669288,45.3612802],[8.7669174,45.3613342],[8.7669028,45.3613927],[8.7668849,45.3614782],[8.7668622,45.3615501],[8.7668443,45.3616491],[8.7668296,45.3617256],[8.7668069,45.3618065],[8.766789,45.3618965],[8.7667128,45.3621889],[8.7666801,45.3623689],[8.7666719,45.3624364],[8.7666572,45.3624993],[8.7666394,45.3625623],[8.7665702,45.3627107],[8.7665396,45.3627781],[8.7665122,45.3628546],[8.7664799,45.3629401],[8.766446,45.3630255],[8.766417,45.3630929],[8.766396,45.3631649],[8.7663814,45.3632234],[8.7663603,45.3632999],[8.766331,45.3634438],[8.7663163,45.3635113],[8.7663049,45.3635698],[8.7662967,45.3636328],[8.7662885,45.3636823],[8.7662851,45.3637363],[8.7662802,45.3637723],[8.7662815,45.3638218],[8.7662878,45.3638578],[8.7662973,45.3638803],[8.7663099,45.3639028],[8.766345,45.3639254],[8.7664023,45.363948],[8.7664629,45.3639662],[8.7665315,45.3639888],[8.7666239,45.364016],[8.7667371,45.3640522],[8.7668503,45.364084],[8.7670624,45.3641339],[8.7671883,45.3641612],[8.7674404,45.3642022],[8.7675759,45.364225],[8.7677147,45.3642613],[8.7678246,45.364302],[8.767976,45.3643608],[8.7681194,45.3644241],[8.7682166,45.3644693],[8.7683281,45.364519],[8.7708065,45.3654152],[8.771122,45.3655418],[8.7712081,45.3655825],[8.7713021,45.3656232],[8.7713977,45.3656684],[8.7714853,45.3657045],[8.7715586,45.3657452],[8.771619,45.3657858],[8.7716859,45.365831],[8.7717463,45.3658851],[8.7717845,45.3659302],[8.771805,45.3659752],[8.7718272,45.3660203],[8.7718446,45.3660653],[8.7718636,45.3661014],[8.7718699,45.3661104],[8.7718763,45.3661149],[8.7759801,45.3673382],[8.7761075,45.3673924],[8.7761697,45.3674105],[8.7762367,45.3674287],[8.7763181,45.3674378],[8.776425,45.3674515],[8.7766515,45.36747],[8.7768303,45.3674793],[8.7770825,45.3674798],[8.7771926,45.3674755],[8.7775311,45.3674672],[8.7783373,45.3674283],[8.7784379,45.3674195],[8.7786822,45.3673839],[8.7786412,45.3664522],[8.7800812,45.3659599],[8.7814347,45.3655664],[8.7816137,45.3655083],[8.7817255,45.3654725],[8.7819716,45.3653919],[8.7822066,45.3653114],[8.7823632,45.3652531],[8.7825007,45.3652039],[8.7826398,45.3651502],[8.7828284,45.3650785],[8.782977,45.3650203],[8.7839347,45.36459],[8.7841842,45.3644645],[8.7843761,45.3643703],[8.7845824,45.3642717],[8.7847662,45.3641955],[8.7849661,45.3641104],[8.785201,45.3640388],[8.7853352,45.3640031],[8.7856099,45.3639406],[8.7857297,45.3639183],[8.7858862,45.3638916],[8.7865778,45.3637758],[8.7866257,45.3637669],[8.7867439,45.3637491],[8.7868317,45.3637313],[8.7868813,45.3637179],[8.7869228,45.3637045],[8.7869756,45.3636776],[8.7870061,45.3636371],[8.7870334,45.3635922],[8.7870671,45.3635382],[8.7872954,45.3630751],[8.7874014,45.3628997],[8.7875573,45.3626255],[8.7878854,45.361951],[8.7879303,45.3618926],[8.7880392,45.3617848],[8.7883514,45.3615378],[8.7884474,45.3614615],[8.7885499,45.3613716],[8.7886315,45.3613088],[8.7886987,45.3612549],[8.7887852,45.361192],[8.7888891,45.3611337],[8.7889979,45.3610709],[8.7891962,45.3609678],[8.7893049,45.360905],[8.7900391,45.3604697],[8.7902262,45.3603711],[8.7905317,45.3602006],[8.79069,45.3601199],[8.7908482,45.3600436],[8.7909857,45.3599854],[8.7911136,45.3599181],[8.7912383,45.3598598],[8.7913439,45.359806],[8.7914654,45.3597297],[8.7916334,45.359613],[8.7918191,45.3594738],[8.7919311,45.3593885],[8.7920079,45.3593346],[8.7920831,45.3592808],[8.7921759,45.3592179],[8.7922783,45.3591416],[8.7923807,45.3590698],[8.7924672,45.3590024],[8.7926241,45.3588587],[8.7926898,45.3587868],[8.7927571,45.3587194],[8.7928227,45.358652],[8.7931541,45.3583871],[8.7932469,45.3583197],[8.7933157,45.3582658],[8.7934053,45.358203],[8.7934981,45.3581402],[8.7935797,45.3580818],[8.7936693,45.3580189],[8.7937493,45.3579606],[8.7937989,45.3579112],[8.7938486,45.3578572],[8.7938855,45.3577988],[8.7939401,45.3576999],[8.794019,45.3575245],[8.7940479,45.357457],[8.7940609,45.3573986],[8.7940835,45.3573266],[8.7941046,45.3572366],[8.7941149,45.3565885],[8.7941238,45.3563275],[8.7941581,45.3561295],[8.794184,45.3560036],[8.7942163,45.3559091],[8.7945649,45.3543885],[8.7947709,45.3543394],[8.7948578,45.3541505],[8.7948851,45.3540875],[8.7949335,45.3539526],[8.7949641,45.3538581],[8.7949868,45.3537817],[8.7950642,45.3535478],[8.7950948,45.3534623],[8.7951527,45.3533364],[8.7951833,45.3532734],[8.7952186,45.353215],[8.7952587,45.3531431],[8.7952989,45.3530621],[8.7953893,45.3527652],[8.7955296,45.3528015],[8.7955838,45.3528196],[8.7956046,45.3528241],[8.7956429,45.3528242],[8.7957021,45.3527748],[8.7957503,45.3526804],[8.7958113,45.3525679],[8.7958868,45.3524421],[8.7959542,45.3523432],[8.7960184,45.3522263],[8.7960762,45.3521184],[8.7961341,45.3520149],[8.7961983,45.3518935],[8.7962465,45.3518126],[8.7962931,45.3517272],[8.796338,45.3516552],[8.7963845,45.3515878],[8.7964182,45.3515294],[8.7964487,45.3514844],[8.7964616,45.3514664],[8.7962959,45.3513896],[8.7962863,45.3513806],[8.7962609,45.3513581],[8.7962418,45.3513355],[8.7962323,45.351313],[8.7962372,45.351277],[8.7962678,45.3512096],[8.7963128,45.3511106],[8.7963642,45.3510117],[8.7964012,45.3509352],[8.7964718,45.3508319],[8.7965615,45.350724],[8.796648,45.3506476],[8.7967249,45.3505668],[8.796869,45.3504185],[8.796981,45.3503377],[8.7970546,45.3502703],[8.7971922,45.350167],[8.7973219,45.3500547],[8.797461,45.3499605],[8.7976098,45.3498617],[8.7977601,45.3497765],[8.797912,45.3496912],[8.7979711,45.3496643],[8.7980239,45.3496374],[8.7982109,45.3495522],[8.7983579,45.3494805],[8.7985912,45.3493819],[8.7987478,45.3493236],[8.7989588,45.3492385],[8.7991026,45.3491757],[8.7993055,45.3490906],[8.799574,45.3489785],[8.7998425,45.348871],[8.8000422,45.3487993],[8.800234,45.3486961],[8.80025,45.3486917],[8.8003442,45.3486648],[8.8004816,45.3486336],[8.8006125,45.3485933],[8.8007499,45.3485485],[8.8009033,45.3484813],[8.8010152,45.3484365],[8.8011781,45.3483872],[8.8013155,45.3483515],[8.8014401,45.3483202],[8.8015311,45.3482888],[8.8016813,45.3482441],[8.8018713,45.3481859],[8.8020183,45.3481321],[8.8021589,45.3480874],[8.8023027,45.3480471],[8.8024081,45.3480158],[8.8024863,45.3479934],[8.8025614,45.3479756],[8.8026093,45.3479576],[8.8026988,45.3479218],[8.8028172,45.3478365],[8.8029195,45.3477736],[8.8030443,45.3476928],[8.803121,45.347639],[8.803193,45.3475806],[8.8033291,45.3474638],[8.8034123,45.3473874],[8.8034619,45.347338],[8.8035228,45.3472841],[8.8035292,45.3472796],[8.8036124,45.3471987],[8.803718,45.3471179],[8.8038076,45.347046],[8.8038828,45.3469922],[8.8039883,45.3469383],[8.8041479,45.3469071],[8.8042916,45.3468984],[8.8043714,45.346894],[8.8044687,45.3468987],[8.8045963,45.3469034],[8.8047415,45.3469036],[8.8048867,45.3469084],[8.8050718,45.3469042],[8.805225,45.3469089],[8.8053702,45.3469092],[8.8054579,45.3469183],[8.8054771,45.3469184],[8.8055552,45.346923],[8.8056589,45.3469322],[8.805694,45.3469367],[8.8061152,45.346951],[8.8061902,45.3469511],[8.806329,45.3469603],[8.8064391,45.346965],[8.8065428,45.3469742],[8.8066305,45.3469833],[8.8066991,45.3469924],[8.8067565,45.3469925],[8.8068283,45.3470017],[8.8069357,45.3468533],[8.8069854,45.3467904],[8.8070704,45.3466645],[8.8071441,45.3465566],[8.8072355,45.3464218],[8.8072949,45.3463318],[8.807375,45.3462375],[8.8074582,45.3461611],[8.8075158,45.3461117],[8.8075654,45.3460758],[8.807607,45.3460443],[8.8076789,45.3460174],[8.8078161,45.3460222],[8.8079452,45.3460449],[8.8081413,45.3460902],[8.8083677,45.3461446],[8.8085765,45.3462215],[8.8087454,45.3462983],[8.8088968,45.346357],[8.8089908,45.3463887],[8.8090992,45.3464339],[8.8092155,45.3464791],[8.8093207,45.3465018],[8.8093957,45.3465064],[8.8094707,45.3464975],[8.8095826,45.3464482],[8.8096754,45.3463763],[8.8097554,45.3462954],[8.8098642,45.3462011],[8.809963399999999,45.3461158],[8.8100658,45.3460349],[8.8102641,45.3459002],[8.8104193,45.345788],[8.8105424,45.3456982],[8.8106576,45.3456038],[8.8107745,45.345496],[8.8108097,45.3454646],[8.8108241,45.3454511],[8.8109361,45.3453522],[8.8110161,45.3452894],[8.8111345,45.3451905],[8.8111489,45.3451816],[8.8112832,45.3450783],[8.8113952,45.3450064],[8.8114879,45.3449481],[8.8115678,45.3448987],[8.8116302,45.3448493],[8.8116862,45.3448089],[8.8117518,45.3447595],[8.811795,45.3447146],[8.8118063,45.3446876],[8.8118095,45.3446831],[8.8117714,45.3446155],[8.8116776,45.3445073],[8.8115871,45.3443812],[8.8114966,45.3442505],[8.8113949,45.3441243],[8.8112788,45.3440026],[8.8111961,45.343917],[8.811096,45.3438043],[8.811007,45.3436916],[8.8109609,45.343633],[8.8109355,45.3436015],[8.8109348,45.3434762],[8.8108909,45.3434419],[8.8108646,45.3433828],[8.8108554,45.3432905],[8.8108625,45.3431524],[8.8108692,45.3429919],[8.8108761,45.3429064],[8.8108931,45.3426338],[8.8109268,45.3420486],[8.8109415,45.3417143],[8.8109513,45.3415984],[8.8109624,45.3415028],[8.810991,45.3414008],[8.8110216,45.3413231],[8.8110751,45.3412239],[8.8112312,45.3410141],[8.8114442,45.3407714],[8.8115611,45.340641],[8.8116582,45.3405155],[8.8116793,45.3404645],[8.8116856,45.3404035],[8.8116762,45.3403521],[8.8116589,45.3403054],[8.8116465,45.3402542],[8.8115164,45.340205],[8.8114369,45.3401641],[8.8113756,45.340096],[8.8112874,45.3399295],[8.8112102,45.3397916],[8.8110258,45.3394865],[8.810932,45.3393465],[8.8106095,45.338768],[8.8099807,45.337699],[8.8099015,45.3375466],[8.8095254,45.3369129],[8.8093711,45.3366988],[8.8090426,45.3363299],[8.8085819,45.3357963],[8.8076946,45.3349656],[8.8073982,45.3346459],[8.8066288,45.3338422],[8.806574,45.333786],[8.806504,45.3338996],[8.8064176,45.3339669],[8.806312,45.3340523],[8.8062384,45.3341242],[8.8061392,45.3342005],[8.8060304,45.3342993],[8.8058881,45.3344071],[8.8057234,45.3345104],[8.8055619,45.3346181],[8.8054563,45.3346989],[8.8054163,45.3347394],[8.8053491,45.3347978],[8.8052739,45.3348606],[8.8052148,45.3349056],[8.8051972,45.334914499999996],[8.8051285,45.3349414],[8.805087,45.3349503],[8.8050152,45.3349547],[8.8049243,45.3349456],[8.8047792,45.3349273],[8.8045878,45.3349135],[8.80439,45.3348907],[8.8042513,45.3348679],[8.8040552,45.3348451],[8.8039165,45.3348268],[8.8038606,45.3348222],[8.8037633,45.3348176],[8.8036501,45.3347994],[8.8035832,45.3347858],[8.8034923,45.3347676],[8.8034094,45.3347495],[8.8033345,45.3347268],[8.8032803,45.3347087],[8.8032358,45.3346726],[8.8032136,45.3346456],[8.8031946,45.3346006],[8.8031771,45.3345645],[8.8031517,45.3345375],[8.8030067,45.3344832],[8.8028617,45.334447],[8.8027708,45.3344288],[8.8026784,45.3344061],[8.8025971,45.334388],[8.8025014,45.3343653],[8.8023564,45.3343336],[8.802224,45.3343108],[8.8020949,45.3342791],[8.8019945,45.3342564],[8.8019164,45.3342428],[8.8018367,45.3342247],[8.8018016,45.3342111],[8.8017857,45.3342066],[8.8008767,45.334124],[8.8008623,45.334124],[8.8007012,45.3341372],[8.8004506,45.3341593],[8.8001363,45.3341677],[8.7998507,45.3341807],[8.7993179,45.3341798],[8.7990133,45.3341658],[8.7988219,45.3341609],[8.798715,45.3341607],[8.798557,45.334165],[8.7983496,45.3341691],[8.7981343,45.3341732],[8.79793,45.3341774],[8.7977003,45.3341814],[8.7974148,45.3341764],[8.7972552,45.3341807],[8.7970159,45.3341892],[8.796834,45.3341934],[8.7966522,45.3341886],[8.7964656,45.3341748],[8.7962342,45.3341879],[8.796046,45.334192],[8.7954606,45.3341775],[8.7948123,45.3343338],[8.7937137,45.3346379],[8.7927172,45.3349197],[8.7910723,45.3354163],[8.7901221,45.3356801],[8.7890552,45.3360112],[8.7890011,45.3359616],[8.7889251,45.3358264],[8.7889424,45.3354394],[8.7892125,45.3344407],[8.7899241,45.330963],[8.7906016,45.3280343],[8.7907497,45.3275788],[8.790821,45.3273596],[8.7910747,45.3269055],[8.7911121,45.3266985],[8.7911659,45.3263836],[8.7912724,45.3260417],[8.7914732,45.3252364],[8.7915664,45.3248526],[8.7914362,45.3248718],[8.7911983,45.3249344],[8.790884,45.3249743],[8.7899948,45.3251797],[8.7896325,45.3252466],[8.7892541,45.3253449],[8.7889125,45.3254208],[8.7885534,45.3254831],[8.7882628,45.3255636],[8.7880456,45.3256307],[8.788145,45.3255004],[8.7882347,45.325406],[8.7883309,45.3252712],[8.7884781,45.325141],[8.7886445,45.3249972],[8.7887982,45.3248355],[8.7889024,45.3242551],[8.7888448,45.3238724],[8.7888017,45.3234718],[8.7887361,45.3230801],[8.7886929,45.322693],[8.7886398,45.3223958],[8.788555,45.3220446],[8.7884874,45.32177],[8.788641,45.3216307],[8.7888809,45.3214511],[8.789084,45.321303],[8.7893128,45.3211234],[8.7895623,45.3209258],[8.7898423,45.3206923],[8.7901238,45.3204543],[8.7904582,45.3201848],[8.7906804,45.3200232],[8.7909107,45.3198571],[8.7910946,45.3197179],[8.7912258,45.3196146],[8.7913633,45.3195069],[8.7915088,45.3194036],[8.7916208,45.3193183],[8.7917679,45.3192016],[8.7918879,45.3191163],[8.7919616,45.3190174],[8.7920225,45.3189455],[8.7921458,45.3188062],[8.7922866,45.3186624],[8.7925635,45.3184064],[8.7927076,45.3182491],[8.7928245,45.3181143],[8.7929013,45.3180289],[8.7930021,45.3179526],[8.7930853,45.3178852],[8.7932165,45.317764],[8.7932933,45.3177011],[8.7933989,45.3176068],[8.7934693,45.3175349],[8.7935269,45.3174945],[8.7936053,45.3174226],[8.793687,45.3173192],[8.7937671,45.3172204],[8.7938694,45.3171395],[8.7940309,45.3170138],[8.7941686,45.316888],[8.7942998,45.3167577],[8.7944502,45.3166185],[8.7945925,45.3165152],[8.7947204,45.3164255],[8.7948259,45.3163581],[8.7949842,45.3162369],[8.7951409,45.3161427],[8.7953056,45.3160169],[8.7955263,45.3158463],[8.7957706,45.3157387],[8.795996,45.3156086],[8.7964006,45.3152943],[8.7964741,45.3152449],[8.796546,45.3151955],[8.7965828,45.3151686],[8.7963391,45.3150826],[8.7963232,45.3150781],[8.7961751,45.3150238],[8.7958632,45.3148207],[8.7955308,45.3145771],[8.795416,45.3145724],[8.7952998,45.3145182],[8.7951327,45.3144099],[8.7948971,45.3142924],[8.794711,45.3141751],[8.7944595,45.3140441],[8.7941731,45.3138636],[8.793963,45.3137552],[8.7936956,45.3136197],[8.7934488,45.3134887],[8.7932548,45.3133578],[8.7929652,45.3131728],[8.7926532,45.3130102],[8.7923763,45.3128657],[8.7921535,45.3127483],[8.792023,45.3126625],[8.7918941,45.3126038],[8.7917461,45.3125225],[8.7915806,45.3124142],[8.7913213,45.3122472],[8.7910889,45.3121387],[8.7909027,45.3120394],[8.7906862,45.3119265],[8.7904809,45.3118226],[8.7903091,45.3117097],[8.7901038,45.3115969],[8.7898683,45.3114524],[8.7897442,45.3113667],[8.7895851,45.3112854],[8.7891252,45.3110325],[8.7888291,45.3108789],[8.7886127,45.3107525],[8.7884011,45.3106306],[8.788234,45.3105313],[8.7879698,45.3103912],[8.7877615,45.3102558],[8.7876454,45.3101656],[8.7876552,45.3101071],[8.7876044,45.310044],[8.7875042,45.3099808],[8.7874055,45.3099221],[8.7872337,45.3098183],[8.7872707,45.3097374],[8.78733,45.3096519],[8.7873413,45.309631],[8.7874006,45.3095216],[8.787694,45.30909],[8.7877693,45.3089957],[8.7878064,45.3088787],[8.7878659,45.3087528],[8.787938,45.3086584],[8.7880742,45.3084876],[8.7881495,45.3083933],[8.7882314,45.3082404],[8.7882796,45.308128],[8.7883423,45.3080066],[8.7885921,45.307701],[8.7887139,45.3075437],[8.7888356,45.3074089],[8.7889894,45.3072066],[8.7890006,45.3071886],[8.7891161,45.3070133],[8.789161,45.3069369],[8.7892442,45.306874],[8.7893161,45.3068157],[8.7893833,45.3067663],[8.7894392,45.3067304],[8.7895238,45.3067125],[8.7895829,45.3066766],[8.7896547,45.3066633],[8.7897266,45.3066229],[8.7898208,45.3065916],[8.7899088,45.3065242],[8.7900271,45.3064299],[8.790112,45.3063085],[8.7902,45.3062277],[8.790253,45.3061288],[8.7903235,45.3060389],[8.790354,45.3059984],[8.7903956,45.3059445],[8.7905268,45.3058187],[8.7906468,45.3056974],[8.7907749,45.3055716],[8.7909429,45.3054099],[8.7910965,45.3052572],[8.7912741,45.3050775],[8.7913524,45.3050371],[8.7914211,45.3049967],[8.7915713,45.304916],[8.7916911,45.3048442],[8.7917935,45.3047544],[8.7918256,45.3047004],[8.7918689,45.304642],[8.7919089,45.3045881],[8.7919442,45.3045341],[8.791962,45.3044711],[8.7919989,45.3044037],[8.7920183,45.3043182],[8.7920712,45.3042373],[8.7921082,45.3041518],[8.7921645,45.3040304],[8.7922673,45.3038101],[8.7923158,45.3036301],[8.7923719,45.3035492],[8.7924263,45.3034953],[8.7926788,45.3033247],[8.7928505,45.303037],[8.7929087,45.3028211],[8.7930149,45.3025557],[8.793124,45.3023489],[8.7932235,45.3021871],[8.7932911,45.3020071],[8.7933779,45.3017958],[8.7934933,45.3016295],[8.7935625,45.3014675],[8.7935838,45.3013011],[8.7936082,45.3011661],[8.7936519,45.3009951],[8.7937132,45.3008017],[8.7937938,45.3005453],[8.7938361,45.3003114],[8.7938863,45.3000954],[8.7939381,45.2998885],[8.7940059,45.2996456],[8.7940529,45.2994341],[8.7941143,45.2992137],[8.7941756,45.2990113],[8.794229,45.2987773],[8.7942544,45.2983723],[8.7942484,45.2982643],[8.7942154,45.2981382],[8.7941521,45.2979941],[8.7940956,45.2977464],[8.7940088,45.2975122],[8.7939489,45.2973321],[8.7939097,45.297134],[8.7938148,45.2969403],[8.7937519,45.2967016],[8.7936904,45.2965035],[8.7936445,45.2963923],[8.7936272,45.2963504],[8.7936192,45.2962996],[8.7936047,45.2962068],[8.7935611,45.2961162],[8.7935695,45.2959992],[8.7935556,45.2958777],[8.7935676,45.2956346],[8.7935064,45.2953735],[8.7935279,45.2951485],[8.7934986,45.2948919],[8.7934978,45.2946489],[8.7934988,45.2943833],[8.7934772,45.2941762],[8.7934847,45.2938702],[8.7935379,45.2937218],[8.7935337,45.2935508],[8.793579,45.2933528],[8.7936134,45.2931143],[8.7936242,45.2927723],[8.7936328,45.2926013],[8.793651,45.2924213],[8.793703,45.2921243],[8.7937424,45.2918274],[8.7937412,45.2917013],[8.7937607,45.291593399999996],[8.7937933,45.2913999],[8.7938421,45.2911299],[8.7938603,45.2909634],[8.793885,45.2907249],[8.793924,45.2905135],[8.7939617,45.290239],[8.7939733,45.2901175],[8.7940165,45.2900771],[8.7940548,45.2900681],[8.7942363,45.290127],[8.7944718,45.2902264],[8.7947185,45.2903394],[8.79497,45.2904478],[8.7952803,45.2905924],[8.7956162,45.290719],[8.7964616,45.2910131],[8.7962181,45.2904636],[8.7959831,45.2897475],[8.7958326,45.2890452],[8.7957636,45.2887165],[8.795721,45.2881448],[8.7957199,45.2880278],[8.7957202,45.2879333],[8.7959108,45.2876771],[8.7962812,45.2870656],[8.7963404,45.2869982],[8.7967277,45.2865623],[8.7967421,45.2865444],[8.7970033,45.2861488],[8.7970097,45.2861398],[8.7971776,45.2859961],[8.7981838,45.2863084],[8.7982978,45.28607],[8.7985824,45.2853774],[8.7988091,45.284903],[8.7988939,45.2847254],[8.7993561,45.2838305],[8.7997975,45.2829402],[8.7999583,45.2825354],[8.8000868,45.2822701],[8.8001076,45.2822251],[8.8001493,45.2821712],[8.8001876,45.2821397],[8.8003388,45.282203],[8.8003647,45.282095],[8.8005074,45.2818612],[8.8007923,45.2815152],[8.8009767,45.2811914],[8.8016184,45.280891],[8.8023956,45.2805908],[8.8031598,45.2803626],[8.803224,45.2802412],[8.8032294,45.2800521],[8.8031821,45.2785308],[8.8031861,45.2778287],[8.8022054,45.2770619],[8.8016594,45.2768854],[8.8013301,45.2767093],[8.8011584,45.2766055],[8.8009485,45.2764791],[8.8007641,45.2763483],[8.8006337,45.276249],[8.8004746,45.2761723],[8.8003298,45.2761045],[8.7999269,45.2760183],[8.7995161,45.275923],[8.7991787,45.2757874],[8.7989848,45.2756521],[8.7987558,45.2755031],[8.7985541,45.2753183],[8.798397,45.275138],[8.79827,45.2749982],[8.7981414,45.2748675],[8.7980115,45.2746377],[8.7979293,45.274444],[8.7978454,45.2742999],[8.7977345,45.2741061],[8.7975638,45.2737053],[8.7974289,45.2735475],[8.7973404,45.2733448],[8.7972164,45.2732546],[8.7970162,45.2731012],[8.7968121,45.2726778],[8.7965629,45.2723893],[8.7963376,45.2721233],[8.7960675,45.2718978],[8.796058,45.2718888],[8.7956844,45.2716361],[8.7956337,45.271555],[8.7955718,45.2714829],[8.7954765,45.2714107],[8.7953701,45.2713115],[8.7952479,45.2711717],[8.7952066,45.2711132],[8.7951256,45.271041],[8.7950446,45.2709733],[8.7949842,45.2709192],[8.7949462,45.2708697],[8.7949017,45.2708381],[8.7948683,45.270811],[8.7948365,45.2707794],[8.7947984,45.2707434],[8.794746,45.2707028],[8.7946792,45.2706756],[8.7946203,45.2706575],[8.7945916,45.270644],[8.7945694,45.2706349],[8.7944882,45.2705988],[8.794431,45.2705672],[8.7943466,45.27054],[8.7942687,45.2705039],[8.7942739,45.2703824],[8.7942836,45.2703239],[8.7942934,45.2702744],[8.7943,45.2702114],[8.7943113,45.2701754],[8.7943177,45.2701484],[8.7943307,45.2700989],[8.7943307,45.2700809],[8.7943404,45.2700449],[8.7943501,45.2699999],[8.7943582,45.2699685],[8.7943775,45.269919],[8.7943808,45.269892],[8.7943905,45.2698425],[8.794397,45.269829],[8.7944082,45.2697975],[8.794418,45.2697435],[8.7944181,45.2697255],[8.7944213,45.269703],[8.7944278,45.269676],[8.7944279,45.2696445],[8.7944312,45.269622],[8.7944313,45.2695905],[8.7944394,45.2695545],[8.7944523,45.2695186],[8.7944651,45.2694871],[8.7944715,45.2694736],[8.7944844,45.2694511],[8.7944876,45.2694331],[8.7944908,45.2694241],[8.794499,45.2693836],[8.7945086,45.2693611],[8.7945119,45.2693386],[8.7945247,45.2693026],[8.7945536,45.2692532],[8.7944804,45.2692351],[8.7944549,45.269217],[8.7944487,45.26919],[8.7944424,45.2691495],[8.7944298,45.2691179],[8.7943964,45.2690954],[8.7943455,45.269072799999996],[8.7943232,45.2690637],[8.7942707,45.2690501],[8.7942325,45.2690276],[8.7942886,45.2689377],[8.7943271,45.2688837],[8.7943512,45.2688253],[8.79438,45.2687983],[8.794412,45.2687624],[8.7944455,45.2687309],[8.7944744,45.268686],[8.794484,45.2686725],[8.794508,45.2686455],[8.7945272,45.268623],[8.79454,45.2686096],[8.7945704,45.2685646],[8.7945737,45.2685286],[8.7945738,45.2685061],[8.7945708,45.2684701],[8.7945708,45.2684476],[8.7945678,45.2684116],[8.7945711,45.2683621],[8.7945776,45.2683351],[8.7945746,45.2682991],[8.7945769,45.2680785],[8.7945774,45.267966],[8.7945807,45.267912],[8.794584,45.2678895],[8.7945921,45.2678535],[8.7945922,45.267831],[8.7945892,45.267777],[8.7945925,45.2677455],[8.7945925,45.2677275],[8.7946055,45.2676735],[8.7946025,45.2676195],[8.7946042,45.267588],[8.794598,45.267552],[8.7945948,45.2675385],[8.7945949,45.2675025],[8.7945982,45.267489],[8.7946015,45.2674575],[8.7946047,45.2674395],[8.794605,45.267363],[8.7946035,45.267354],[8.7945987,45.267336],[8.7945925,45.2672954],[8.794599,45.2672594],[8.7945959,45.2672414],[8.7946137,45.267165],[8.7946106,45.2671334],[8.7946106,45.2671244],[8.7946076,45.2670974],[8.7946109,45.2670479],[8.7946111,45.2669939],[8.794624,45.2669489],[8.794629,45.2668994],[8.7946324,45.2668409],[8.7946389,45.2668049],[8.7946422,45.2667779],[8.7946263,45.2667689],[8.7945006,45.2667102],[8.7944163,45.2666695],[8.7943718,45.2666469],[8.79434,45.2666289],[8.7942525,45.2665927],[8.7942431,45.2665432],[8.7942306,45.2664757],[8.7942436,45.2663947],[8.7942471,45.2663092],[8.794275,45.2660842],[8.7942831,45.2660437],[8.7942835,45.2659492],[8.7942773,45.2658906],[8.7942742,45.2658636],[8.7942744,45.2658141],[8.7942777,45.2657781],[8.7942746,45.2657556],[8.7942748,45.2656926],[8.7942559,45.2656341],[8.7942433,45.2656025],[8.7942243,45.2655575],[8.794218,45.265535],[8.7941927,45.2654899],[8.7941864,45.2654674],[8.7941706,45.2654269],[8.7941612,45.2653864],[8.7941581,45.2653548],[8.794155,45.2653413],[8.7941488,45.2652963],[8.7941553,45.2652648],[8.7941553,45.2652513],[8.7941634,45.2652153],[8.7941667,45.2651973],[8.7941668,45.2651703],[8.79417,45.2651523],[8.7941765,45.2651208],[8.7941766,45.2651028],[8.7941799,45.2650578],[8.7941801,45.2650128],[8.7941833,45.2649993],[8.7941881,45.2649813],[8.794201,45.2649409],[8.7942203,45.2649004],[8.7942267,45.2648824],[8.7942397,45.2648104],[8.7942479,45.2647699],[8.794248,45.2647429],[8.7942512,45.2647204],[8.7942545,45.2646844],[8.7942483,45.2646529],[8.794258,45.2646124],[8.7942612,45.2645944],[8.7942709,45.2645629],[8.7942854,45.2645224],[8.7942887,45.2644774],[8.7943016,45.264446],[8.7943081,45.2644145],[8.7943114,45.264374],[8.7943115,45.2643605],[8.7943084,45.264338],[8.7943101,45.2643019],[8.7943133,45.264284],[8.7943103,45.2642479],[8.7943199,45.2642345],[8.79432,45.2642074],[8.7943232,45.264194],[8.7943329,45.264167],[8.7943329,45.264149],[8.7943362,45.2641175],[8.7943395,45.264095],[8.7943476,45.26405],[8.7943766,45.2639645],[8.7943833,45.263879],[8.7943979,45.263816],[8.7944044,45.26378],[8.7944077,45.2637485],[8.7944046,45.2637125],[8.7944047,45.263681],[8.7944113,45.263627],[8.7944227,45.2635595],[8.7944356,45.2635235],[8.7944486,45.2634426],[8.79446,45.2633841],[8.7944665,45.2633436],[8.7944635,45.2632761],[8.7944668,45.2632491],[8.7944701,45.2632266],[8.7944799,45.2631681],[8.794488,45.2631276],[8.7945041,45.2630871],[8.7945138,45.2630376],[8.7945235,45.2629971],[8.7945268,45.2629791],[8.7945381,45.2629341],[8.794551,45.2628846],[8.7945638,45.2628622],[8.7945736,45.2628037],[8.7945881,45.2627497],[8.7945979,45.2626957],[8.7946011,45.2626822],[8.7946076,45.2626507],[8.7946173,45.2626237],[8.7946206,45.2625697],[8.7946207,45.2625427],[8.7946256,45.2625157],[8.7946418,45.2624302],[8.794645300000001,45.2623672],[8.7946485,45.2623582],[8.7946486,45.2623177],[8.7946567,45.2622817],[8.7946601,45.2622232],[8.7946698,45.2621872],[8.7946859,45.2621513],[8.7946956,45.2621153],[8.7947068,45.2620883],[8.7947133,45.2620568],[8.7947198,45.2620298],[8.794723,45.2620028],[8.7947231,45.2619893],[8.7947327,45.2619623],[8.7947425,45.2619083],[8.7947571,45.2618228],[8.7947572,45.2618003],[8.7947638,45.2617373],[8.7947768,45.2616654],[8.7947786,45.2616203],[8.7947788,45.2615528],[8.7947759,45.2614898],[8.7947727,45.2614763],[8.7947888,45.2614493],[8.7947857,45.2614043],[8.794789,45.2613863],[8.7947922,45.2613728],[8.7947955,45.2613413],[8.7948325,45.2612334],[8.7948201,45.2611523],[8.794833,45.2610984],[8.7948443,45.2610759],[8.7948508,45.2610399],[8.7948573,45.2609859],[8.7948671,45.2609274],[8.7948736,45.2608824],[8.7948786,45.2608284],[8.7948915,45.2607879],[8.7948918,45.2607159],[8.7948982,45.2606934],[8.7949015,45.2606709],[8.7949096,45.2606304],[8.7949193,45.2605944],[8.7949258,45.2605494],[8.7949325,45.2604639],[8.794939,45.2604369],[8.7949535,45.260392],[8.7949631,45.2603605],[8.7949791,45.260338],[8.7949888,45.260311],[8.7949985,45.260275],[8.7950194,45.260212],[8.7950227,45.260185],[8.7950229,45.2601355],[8.7951424,45.2601358],[8.7951519,45.2601403],[8.7952045,45.2601359],[8.79523,45.2601359],[8.7952619,45.2601315],[8.7953241,45.2601181],[8.7953687,45.2601092],[8.7954086,45.2601047],[8.7954707,45.2600913],[8.7955218,45.2600779],[8.7955536,45.2600735],[8.7955808,45.2600645],[8.7956031,45.2600556],[8.7956382,45.2600511],[8.7957258,45.2600468],[8.7960527,45.2599663],[8.7971641,45.2597073],[8.7972486,45.2592258],[8.7972169,45.2591763],[8.7971325,45.2591716],[8.796656,45.2592068],[8.7962401,45.2592511],[8.7960998,45.2592553],[8.7957285,45.2592862],[8.7956122,45.259286],[8.7955055,45.2592903],[8.7953142,45.2593079],[8.7952042,45.2593257],[8.7949844,45.2593253],[8.7949127,45.2593207],[8.7948283,45.2593116],[8.7947312,45.2592934],[8.7946022,45.2592661],[8.7946805,45.2592033],[8.794687,45.2591628],[8.794708,45.2590908],[8.7947241,45.2590413],[8.7947675,45.2589469],[8.7947771,45.2589199],[8.7947804,45.2588974],[8.7947836,45.2588794],[8.7947965,45.2588389],[8.794803,45.2588164],[8.7948142,45.2587894],[8.7948239,45.258758],[8.7948272,45.258731],[8.79484,45.2586995],[8.7948434,45.258659],[8.7948498,45.2586365],[8.7948643,45.258596],[8.7948644,45.258578],[8.794874,45.2585555],[8.7948837,45.258515],[8.7948934,45.2584925],[8.7948967,45.258452],[8.7949031,45.2584385],[8.7949112,45.2584161],[8.7949112,45.2584026],[8.7949177,45.2583666],[8.7949241,45.2583486],[8.7949242,45.2583261],[8.7949339,45.2582856],[8.794934,45.2582631],[8.7949405,45.2582361],[8.7949469,45.2582181],[8.7949518,45.2582001],[8.794955,45.2581776],[8.7949615,45.2581596],[8.7949679,45.2581281],[8.7949712,45.2581056],[8.7949777,45.2580786],[8.7949937,45.2580471],[8.795005,45.2580202],[8.7950082,45.2580022],[8.7950084,45.2579527],[8.7950148,45.2579437],[8.7950213,45.2578987],[8.7950278,45.2578852],[8.7950906,45.2577008],[8.7950907,45.2576693],[8.7950956,45.2576378],[8.7951116,45.2575973],[8.7951149,45.2575793],[8.7951119,45.2575298],[8.7951151,45.2575253],[8.7951247,45.2574983],[8.7951408,45.2574578],[8.7951521,45.2574308],[8.7951618,45.2573948],[8.7951682,45.2573768],[8.7951747,45.2573364],[8.7951811,45.2573184],[8.7951845,45.2572779],[8.7951846,45.2572374],[8.7951863,45.2572194],[8.7951959,45.2571879],[8.7951992,45.2571744],[8.7952024,45.2571564],[8.7952184,45.2571384],[8.7952217,45.2571069],[8.795225,45.2570844],[8.7952394,45.2570619],[8.7952523,45.2570349],[8.7952683,45.256999],[8.7952716,45.2569855],[8.7952812,45.2569585],[8.7952813,45.2569405],[8.7952846,45.2569],[8.7952959,45.2568685],[8.7953055,45.256846],[8.7953056,45.2568055],[8.7953121,45.2567875],[8.7953218,45.256747],[8.7953283,45.2567155],[8.7953379,45.2566975],[8.7953428,45.256675],[8.795346,45.2566615],[8.7953524,45.2566436],[8.7953588,45.2566301],[8.7953685,45.2566121],[8.7953781,45.2565986],[8.7953973,45.2565761],[8.7954005,45.2565671],[8.7954309,45.2565267],[8.7954629,45.2564817],[8.7954694,45.2564682],[8.7954934,45.2564368],[8.7955062,45.2564233],[8.7955221,45.2564053],[8.7955318,45.2563873],[8.7955478,45.2563559],[8.7955526,45.2563514],[8.7955591,45.2563154],[8.7955624,45.2562929],[8.7955656,45.2562749],[8.7955753,45.2562389],[8.7956027,45.2561579],[8.7955965,45.2561084],[8.7956065,45.2559824],[8.7956097,45.2559644],[8.795613,45.2559419],[8.7956036,45.2558969],[8.7956037,45.2558879],[8.7956006,45.2558564],[8.7956055,45.2558204],[8.7956055,45.2558114],[8.7956248,45.2557574],[8.7956346,45.2557079],[8.7956318,45.2555864],[8.7956529,45.2554784],[8.7956627,45.2554019],[8.7956647,45.2552939],[8.7956746,45.2552039],[8.795675,45.2550914],[8.7956785,45.2549969],[8.79569,45.2549024],[8.7956968,45.2547989],[8.7956939,45.2546953],[8.795683,45.2546233],[8.7956866,45.2545153],[8.7957061,45.2544253],[8.7957177,45.2542948],[8.7957308,45.2541958],[8.795747,45.2541238],[8.7958999,45.2523328],[8.7959608,45.2517748],[8.7960463,45.2510279],[8.7961199,45.2504834],[8.7961301,45.2503124],[8.7960788,45.2499522],[8.7960722,45.2495877],[8.7960857,45.2493717],[8.796105,45.2488811],[8.7961206,45.2485166],[8.7961709,45.2482466],[8.7963199,45.2480039],[8.7964053,45.247734],[8.7965087,45.2473381],[8.7966181,45.2470322],[8.7967225,45.2467714],[8.7967198,45.2466453],[8.7965864,45.2465281],[8.7964912,45.2464289],[8.796354,45.2460506],[8.796114,45.2454606],[8.7959943,45.2450643],[8.7962523,45.2450962],[8.7965164,45.2451687],[8.7967171,45.2451736],[8.7971202,45.2451203],[8.7972383,45.245071],[8.7975443,45.245013],[8.7983008,45.2450369],[8.7993056,45.2450836],[8.8001737,45.2450986],[8.8011672,45.2451994],[8.8018677,45.2452771],[8.8025143,45.2453007],[8.8028983,45.2452789],[8.8030392,45.2445815],[8.8031992,45.2439337],[8.8032768,45.2435828],[8.8031787,45.2433891],[8.8030171,45.2431502],[8.8026217,45.2423439],[8.8018558,45.2409204],[8.8014126,45.2401095],[8.8011848,45.2396815],[8.80093,45.2396811],[8.8008364,45.2395594],[8.8006891,45.2393476],[8.8002088,45.2386806],[8.7999107,45.2383021],[8.7997951,45.2381398],[8.7993873,45.237707],[8.7988542,45.2371435],[8.7986242,45.2368641],[8.7984992,45.2366523],[8.7984614,45.2365217],[8.7983895,45.236148],[8.7983199,45.2359904],[8.7982645,45.2359093],[8.7981517,45.2358371],[8.7980502,45.2357019],[8.7979491,45.2354676],[8.7983143,45.2353288],[8.7982401,45.2351621],[8.7981965,45.234883],[8.7981629,45.2344554],[8.7979954,45.234095],[8.7978582,45.2337077],[8.7975903,45.2333697],[8.7975365,45.233266],[8.7976149,45.2331717],[8.7978496,45.2329921],[8.7981385,45.2328125],[8.798789,45.2325706],[8.7994191,45.2322747],[8.8004669,45.2318264],[8.8014444,45.2314186],[8.8024158,45.2309387],[8.8030409,45.2307012],[8.8037885,45.2304684],[8.8049813,45.2299709],[8.805485,45.2298232],[8.8059548,45.2296473],[8.8060435,45.2296137],[8.8060701,45.2296037],[8.8060924,45.2295992],[8.8070422,45.2293668],[8.807887,45.2291072],[8.8088575,45.2288747],[8.8099557,45.228575],[8.8116531,45.2280647],[8.8121013,45.2278359],[8.8121412,45.227818],[8.8131214,45.227518],[8.8142005,45.2271912],[8.8141771,45.2275332],[8.8142485,45.228087],[8.8142286,45.2288251],[8.8153277,45.2287008],[8.8159666,45.2285893],[8.8166243,45.2285589],[8.8179402,45.2283584],[8.8194488,45.2281268],[8.8198296,45.2280644],[8.8198706,45.2281769],[8.8208764,45.2278455],[8.8246843,45.2265911],[8.8249848,45.2272577],[8.8250404,45.2278069],[8.8251169,45.2283021],[8.8256788,45.2283614],[8.8263681,45.2284165],[8.8274172,45.2284991],[8.8283978,45.2285951],[8.8294058,45.2285786],[8.8293898,45.22807],[8.8300474,45.2280665],[8.8309852,45.2280859],[8.8320377,45.2280874],[8.8321583,45.2287942],[8.8321342,45.2294018],[8.8323906,45.2293931],[8.8328061,45.2294298],[8.8328554,45.2294347],[8.8329875,45.229448],[8.8333584,45.2294891],[8.8339029,45.2295349],[8.8346924,45.229644],[8.8350299,45.229676],[8.8352432,45.2296943],[8.8363256,45.2298399],[8.8372281,45.2299492],[8.8385335,45.2300681],[8.8395124,45.230227],[8.8405281,45.2303184],[8.8414133,45.2303647],[8.8427695,45.2305466],[8.8426508,45.2308525],[8.8426177,45.231334],[8.8425811,45.2318695],[8.8431432,45.2318883],[8.8442195,45.2319483],[8.8452959,45.2319812],[8.8462942,45.2320501],[8.8474423,45.2320471],[8.8487241,45.2320894],[8.8498786,45.2320954],[8.8513244,45.2321468],[8.8524279,45.2321437],[8.8538038,45.23215],[8.853894499999999,45.2321501],[8.8546462,45.2321285],[8.8555125,45.2321161],[8.8564233,45.2321533],[8.8564727,45.2321488],[8.8584524,45.2320028],[8.8590768,45.231954],[8.8596578,45.2320538],[8.8605811,45.2321539],[8.8614342,45.232335],[8.861708,45.2323803],[8.8619754,45.2324257],[8.8622198,45.2321379],[8.8624866,45.2317467],[8.8627981,45.231333],[8.8629644,45.2310676],[8.8629759,45.2309056],[8.8629841,45.2308066],[8.8630074,45.2303791],[8.8629527,45.2299604],[8.8679226,45.2306009],[8.8684765,45.2306825],[8.8682887,45.2313304],[8.8681906,45.2317894],[8.86891,45.2319342],[8.869752,45.2321062],[8.8701323,45.2322192],[8.8701089,45.2327322],[8.8701354,45.2329528],[8.8707018,45.23321],[8.8714336,45.2335394],[8.8719681,45.2337875],[8.8720953,45.233859699999996],[8.8721681,45.2340578],[8.8724575,45.2342606],[8.8730332,45.2345943],[8.873348,45.2348422],[8.8739282,45.2353109],[8.8745801,45.2357842],[8.8751669,45.2361854],[8.8770291,45.2374026],[8.8775877,45.2376148],[8.8779884,45.2371291],[8.8786188,45.2364997],[8.8793896,45.2357759],[8.8801765,45.2349216],[8.8811116,45.2340089],[8.8815902,45.2335548],[8.8823531,45.232741],[8.8830345,45.2320396],[8.8838037,45.2312302],[8.8844675,45.2305783],[8.885152,45.2298903],[8.8857184,45.2293193],[8.886379,45.2286494],[8.886813,45.2282042],[8.8870395,45.2279614],[8.8872271,45.2281371],[8.8875031,45.2286955],[8.8878219,45.2293349],[8.8880692,45.2298842],[8.8881391,45.2299743],[8.8881836,45.2300149],[8.8882679,45.2300735],[8.8883792,45.2301636],[8.8885574,45.2302358],[8.889027,45.2302902],[8.8897595,45.2302999],[8.8910429,45.2303372],[8.8917021,45.2303468],[8.8918756,45.2303785],[8.8920325,45.2307657],[8.8923197,45.2313015],[8.8925942,45.2318239],[8.8931913,45.231874],[8.894134,45.2318613],[8.894121,45.2311772],[8.8940916,45.2306776],[8.8940442,45.230511],[8.8940516,45.2299529],[8.8941151,45.2291879],[8.894034,45.2282561],[8.8940338,45.2274955],[8.8940331,45.2270049],[8.8931829,45.2269996],[8.8931666,45.226338],[8.8931173,45.2254468],[8.8931006,45.2250192],[8.8936928,45.2250513],[8.8943949,45.225115],[8.8951208,45.2251966],[8.8959836,45.2253054],[8.8968177,45.2254187],[8.8969801,45.2254369],[8.8977522,45.2255141],[8.8977524,45.225397],[8.8979736,45.2254333],[8.8982841,45.2254605],[8.8988349,45.225506],[8.8994717,45.2255471],[8.8998953,45.2255475],[8.90108,45.2254675],[8.9018874,45.2254007],[8.9019366,45.2245501],[8.9020226,45.223632],[8.9019625,45.2234204],[8.9020334,45.2228939],[8.9020443,45.2220973],[8.9021028,45.2214492],[8.9021664,45.2205671],[8.9018034,45.2205353],[8.9017771,45.2200717],[8.9017974,45.2194011],[8.9017945,45.2192211],[8.9009826,45.2191844],[8.8992522,45.2190883],[8.8977637,45.2190555],[8.8972512,45.2190055],[8.8967497,45.2190006],[8.8972694,45.218614],[8.8977651,45.2183039],[8.8981908,45.2179127],[8.8986007,45.2174765],[8.8988593,45.2170852],[8.8989813,45.2165407],[8.8990233,45.2161671],[8.8991206,45.2160907],[8.899246399999999,45.2160503],[8.8998816,45.2160689],[8.900208,45.2160647],[8.9002733,45.2160152],[8.90037,45.2153537],[8.900356,45.2151421],[8.8986208,45.2151361],[8.8986379,45.2150732],[8.8987698,45.2145872],[8.8989784,45.2136557],[8.8988049,45.213633],[8.8977734,45.2136321],[8.8975363,45.2135689],[8.8975024,45.2138614],[8.8965015,45.213613],[8.895779,45.2134593],[8.8956727,45.2132972],[8.8955795,45.2128785],[8.8955614,45.2123294],[8.8955365,45.2120368],[8.8955345,45.2113572],[8.8955115,45.2108756],[8.896209,45.2107412],[8.8968333,45.2105572],[8.897636,45.2103194],[8.8977798,45.2100675],[8.8978982,45.2097166],[8.8980453,45.2093611],[8.8981638,45.2089427],[8.8982903,45.2085197],[8.8977825,45.2085148],[8.8976408,45.2085281],[8.8976168,45.2077405],[8.8971123,45.207704],[8.8971656,45.207245],[8.8971346,45.2067949],[8.8971911,45.2063584],[8.8966102,45.2063173],[8.8965812,45.2056287],[8.8965059,45.2049985],[8.8965087,45.2043369],[8.8964745,45.2039003],[8.8964345,45.2031486],[8.8960224,45.2030402],[8.8950979,45.2029224],[8.8945935,45.2028319],[8.8946831,45.2025799],[8.8946465,45.2025754],[8.8937206,45.2023765],[8.8927772,45.2021596],[8.8918226,45.2019472],[8.8912148,45.2018431],[8.8913905,45.2015507],[8.8915486,45.2012448],[8.8916476,45.2010964],[8.8919327,45.2009931],[8.8921976,45.2006063],[8.8924962,45.2000755],[8.8927164,45.1996555],[8.8927278,45.1996346],[8.8921568,45.1994226],[8.8916224,45.1992465],[8.8911436,45.199156],[8.8912346,45.1989671],[8.8903836,45.1987412],[8.8891969,45.1984836],[8.8885224,45.1982984],[8.8880402,45.1982979],[8.8877531,45.1986352],[8.8869528,45.1985084],[8.8862384,45.1984176],[8.8862626,45.1982556],[8.8865408,45.1976078],[8.8868619,45.196996],[8.8868955,45.196888],[8.8869404,45.196708],[8.8871766,45.1963752],[8.8873221,45.1960378],[8.8878024,45.1962003],[8.8882111,45.1963447],[8.8884517,45.1962189],[8.8886365,45.1961021],[8.8885906,45.195967],[8.8883557,45.1956743],[8.8877824,45.1950436],[8.8872154,45.1944804],[8.8868866,45.1941336],[8.8863704,45.193647],[8.8859923,45.193318],[8.8855602,45.1929485],[8.8854238,45.1927279],[8.8852318,45.1924801],[8.884957,45.1922278],[8.8847246,45.1922456],[8.8845273,45.1922409],[8.8844717,45.1921733],[8.8848147,45.1917551],[8.8852151,45.1912514],[8.8855358,45.1908286],[8.8857974,45.1905184],[8.8856829,45.1904597],[8.8849688,45.1902745],[8.8840799,45.190008],[8.8832767,45.1897912],[8.8829237,45.1897008],[8.8825161,45.1897769],[8.8815028,45.1896363],[8.8806804,45.1895049],[8.8801269,45.1894099],[8.8800814,45.1890812],[8.8802278,45.1883208],[8.8804299,45.187809],[8.8804837,45.1876729],[8.8804905,45.1876595],[8.8807985,45.1870566],[8.8809539,45.1865572],[8.8810019,45.1864223],[8.880886,45.1863051],[8.8793447,45.1860244],[8.8786004,45.1858706],[8.8776762,45.1857571],[8.8769271,45.1856303],[8.8764531,45.1855263],[8.8767395,45.1848155],[8.877045,45.1840371],[8.8771969,45.1836862],[8.8771687,45.1835017],[8.8773104,45.1834523],[8.877509,45.1828359],[8.8777059,45.18226],[8.8771622,45.1820929],[8.8776186,45.1814498],[8.878016,45.1808696],[8.8779557,45.1807706],[8.8773277,45.1805899],[8.8775974,45.1801761],[8.8778097,45.1798567],[8.8774028,45.1796808],[8.8779581,45.1789027],[8.8785228,45.1781787],[8.8788627,45.177693],[8.8789471,45.1776751],[8.8797085,45.1779684],[8.879799,45.1780495],[8.8798673,45.1781306],[8.8799101,45.1781982],[8.8799402,45.1782387],[8.8800133,45.1782793],[8.8800849,45.1782704],[8.8802904,45.1781536],[8.8806689,45.1774653],[8.8810759,45.1768132],[8.8815565,45.175963],[8.8822032,45.1748205],[8.8824888,45.1743797],[8.8826253,45.1745284],[8.8825882,45.1747939],[8.8823519,45.1752212],[8.8819002,45.1759409],[8.881557,45.1765076],[8.8810045,45.1774792],[8.8806325,45.1781404],[8.8805315,45.1784959],[8.8808765,45.1786178],[8.8813712,45.1778756],[8.8819058,45.1771021],[8.8823558,45.1764229],[8.8834128,45.1768831],[8.8828321,45.1776701],[8.8823151,45.1784077],[8.881709,45.1791632],[8.8819713,45.1792535],[8.8823671,45.179461],[8.8826748,45.1791057],[8.8829987,45.1786785],[8.8832395,45.1783997],[8.8837869,45.1783147],[8.8843995,45.1782568],[8.8849925,45.178478],[8.8854742,45.1786765],[8.8859431,45.1780783],[8.8864661,45.1774623],[8.8868456,45.1770171],[8.8867297,45.1769089],[8.886194,45.1767194],[8.8833927,45.1757939],[8.8838632,45.1752047],[8.8843926,45.1745752],[8.8851796,45.1748505],[8.8862416,45.1751711],[8.8865675,45.175275],[8.886824,45.1759188],[8.8870598,45.1765132],[8.887104,45.1767068],[8.8870703,45.1768237],[8.8870014,45.1770937],[8.8871539,45.1772244],[8.8877135,45.177405],[8.8883637,45.1776352],[8.8887706,45.1778336],[8.8892428,45.1771769],[8.8898184,45.1765069],[8.8902537,45.1759717],[8.8905358,45.1756974],[8.8908842,45.1757248],[8.891447,45.1759053],[8.8922053,45.1761851],[8.8925932,45.1763385],[8.8932022,45.1765011],[8.8941658,45.1767405],[8.8946555,45.1768985],[8.8953966,45.1770612],[8.8963333,45.1772376],[8.8968788,45.1773641],[8.8969248,45.1774272],[8.8967525,45.1777061],[8.8963092,45.1782638],[8.8957606,45.1789924],[8.8952486,45.179703],[8.8946138,45.1805396],[8.8943109,45.1809084],[8.8941464,45.1812548],[8.8948,45.1813994],[8.8953724,45.1815845],[8.8958606,45.1817515],[8.8965919,45.1820672],[8.8968058,45.1816443],[8.8969429,45.1815139],[8.8970043,45.1814742],[8.8972423,45.1813206],[8.8974654,45.1811723],[8.8978318,45.1808666],[8.898071,45.1805922],[8.8987355,45.1799447],[8.8991977,45.1795131],[8.8995276,45.1791893],[8.8994419,45.1790722],[8.8993529,45.1789821],[8.8990336,45.1787523],[8.8989733,45.1786217],[8.8988068,45.1783425],[8.8986483,45.1779778],[8.8987027,45.1778068],[8.8987872,45.1777439],[8.8990295,45.177429],[8.8993914,45.1770018],[8.9001194,45.1764488],[8.9003933,45.1762915],[8.9010066,45.1758195],[8.9018367,45.1751046],[8.902756,45.1742592],[8.9037836,45.1733509],[8.9041707,45.1730497],[8.9051467,45.1734601],[8.9056634,45.1736766],[8.9080301,45.1749297],[8.9083914,45.1748355],[8.9089182,45.1746514],[8.909601,45.1744494],[8.9103283,45.1742699],[8.9109999,45.1740589],[8.9116717,45.1737489],[8.9119758,45.1735826],[8.9121318,45.1735017],[8.9122497,45.1733893],[8.9125062,45.1731824],[8.9125189,45.1731599],[8.9127398,45.1732951],[8.9129942,45.1734348],[8.9132214,45.173561],[8.9134106,45.1736377],[8.9136269,45.1736964],[8.9139005,45.1737146],[8.9141408,45.1736608],[8.9141886,45.1735708],[8.9142413,45.1734538],[8.9141921,45.1733502],[8.9141908,45.1731747],[8.9142546,45.1730847],[8.9143008,45.1730038],[8.9142899,45.1728912],[8.9144335,45.1725988],[8.9147411,45.1721579],[8.9149928,45.1719691],[8.9152777,45.1718433],[8.9158378,45.1717177],[8.916487,45.1716151],[8.9168257,45.1716959],[8.9168435,45.1725736],[8.9176256,45.1729702],[8.9185586,45.173547],[8.9187302,45.1736911],[8.9188159,45.1737902],[8.9190559,45.1739344],[8.9192626,45.1740291],[8.9194348,45.1737321],[8.9198285,45.1731743],[8.9205027,45.1722791],[8.9207736,45.1719643],[8.920952,45.1717483],[8.9210046,45.1716539],[8.9210399,45.1714604],[8.9226346,45.1708808],[8.9238092,45.1703865],[8.9239471,45.1707467],[8.9239737,45.1710708],[8.9244843,45.1711251],[8.925006,45.1711885],[8.9254148,45.1711978],[8.925507,45.1712023],[8.9256501,45.1712294],[8.925727,45.1708829],[8.9258053,45.1705589],[8.9271271,45.1706048],[8.9282438,45.170646],[8.9283572,45.1715597],[8.9284325,45.1723429],[8.9298945,45.1722988],[8.9313612,45.1722862],[8.9313626,45.1711385],[8.9323488,45.1711571],[8.9324414,45.1708556],[8.9324607,45.170653],[8.9324992,45.1704415],[8.933215,45.1704329],[8.9340676,45.1704289],[8.9339715,45.1710275],[8.9344422,45.1711268],[8.9348382,45.1712215],[8.9347883,45.1717571],[8.9346302,45.1722836],[8.9350692,45.1723333],[8.9350095,45.1730309],[8.9366371,45.1728248],[8.9368422,45.1729284],[8.9370473,45.1730501],[8.937367,45.1731313],[8.9375944,45.1731854],[8.9378617,45.1730865],[8.9379955,45.1729966],[8.9381069,45.1729561],[8.9381546,45.1729562],[8.938277,45.1730237],[8.938288,45.1731228],[8.9383733,45.1737079],[8.9381378,45.1737978],[8.9378084,45.1738336],[8.9378312,45.1748598],[8.9378176,45.1756385],[8.9401562,45.1756217],[8.9402686,45.1761483],[8.9403048,45.1764724],[8.9418258,45.1764372],[8.9417823,45.1769368],[8.943389,45.1770231],[8.9433562,45.1763705],[8.9434365,45.1756279],[8.9451466,45.1756872],[8.9450975,45.1771274],[8.9450443,45.1778745],[8.9455518,45.1779018],[8.9453187,45.1787478],[8.9473249,45.1787308],[8.9495077,45.1787318],[8.9501345,45.1787635],[8.9502601,45.1788266],[8.9509346,45.1788764],[8.9513753,45.1788361],[8.9513667,45.1795742],[8.9528241,45.1795523],[8.9539186,45.1795933],[8.9540416,45.1789857],[8.954047,45.1782566],[8.9539822,45.177649],[8.955325,45.1775685],[8.9572326,45.1774612],[8.9572313,45.1770876],[8.9576004,45.1770698],[8.9577715,45.17797],[8.957873,45.1784831],[8.9583201,45.1784158],[8.9582984,45.1775876],[8.9587771,45.1777678],[8.9592866,45.1772459],[8.9603786,45.1762741],[8.9615994,45.1753654],[8.9629475,45.1743622],[8.9633995,45.1740158],[8.96399,45.1736019],[8.9651422,45.1727471],[8.9656528,45.1727923],[8.9656232,45.1717436],[8.9656634,45.1710235],[8.9656655,45.1702223],[8.9664641,45.1700515],[8.9665746,45.1688183],[8.9666468,45.1678507],[8.9670063,45.1678283],[8.9670368,45.1672702],[8.9687276,45.1673427],[8.9703261,45.1674692],[8.9703577,45.1677932],[8.9710274,45.1677889],[8.9710484,45.1672083],[8.9709977,45.1667402],[8.9709215,45.1664071],[8.9714385,45.1664253],[8.9716977,45.1663848],[8.9717044,45.1658042],[8.9716952,45.1650346],[8.9716937,45.1649716],[8.971678,45.164562],[8.9708416,45.1640037],[8.9740035,45.1641395],[8.9741246,45.1637569],[8.9751346,45.1637707],[8.9752047,45.1633296],[8.9764772,45.1632804],[8.9765459,45.1625288],[8.9767895,45.1618492],[8.9769551,45.1612146],[8.9780096,45.1613588],[8.9793423,45.1615031],[8.9791513,45.1619847],[8.9804824,45.1623225],[8.9809484,45.1624531],[8.9811458,45.161877],[8.981332,45.161535],[8.9813479,45.1613099],[8.9821495,45.1612741],[8.9823757,45.1603019],[8.9819781,45.1602659],[8.9821328,45.1587626],[8.9812931,45.158659],[8.9813601,45.1581234],[8.9833846,45.1582857],[8.984202,45.1583354],[8.9841544,45.1578808],[8.9841388,45.1569266],[8.9842425,45.1557204],[8.9851585,45.155788],[8.985157,45.1555225],[8.9878525,45.1555543],[8.9880102,45.1542761],[8.9904831,45.1543394],[8.9909363,45.1543709],[8.9906021,45.1554916],[8.9915293,45.1555592],[8.9915944,45.1559372],[8.9933612,45.1558833],[8.9934759,45.1541866],[8.9912178,45.1542449],[8.99107,45.1537138],[8.9908171,45.1536823],[8.9886338,45.1534435],[8.988532,45.153304],[8.9884653,45.1530384],[8.9884606,45.1526244],[8.9908555,45.1525706],[8.9909464,45.1507388],[8.991872,45.1500322],[8.9924651,45.1500097],[8.992613,45.1500008],[8.9926495,45.1500053],[8.9928583,45.1500097],[8.9939407,45.1500323],[8.9953114,45.1500099],[8.9953862,45.1496453],[8.995426,45.1489522],[8.9953704,45.1487182],[8.9960161,45.1460312],[8.9961259,45.1458557],[8.9962881,45.1454641],[8.9965616,45.1446765],[8.9965632,45.1446675],[8.9965743,45.1445955],[8.9966968,45.1438394],[8.9968542,45.1432768],[8.9968113,45.1428942],[8.996894,45.141922],[8.9970244,45.141859],[8.9972868,45.1418275],[8.9976032,45.1415125],[8.9979164,45.1413099],[8.9980054,45.141832],[8.9985698,45.1417285],[8.9992821,45.14167],[8.9996557,45.141652],[9.0002996,45.1416475],[9.0009038,45.1416565],[9.0014539,45.141661],[9.0020072,45.1417825],[9.0020485,45.1416115],[9.0021328,45.1412785],[9.0022457,45.1410804],[9.002419,45.1409679],[9.002694,45.1409139],[9.0030072,45.1409409],[9.003295,45.1409769],[9.0037052,45.1409949],[9.0042028,45.1410129],[9.0047275,45.1410083],[9.0061107,45.1410848],[9.006238,45.1418904],[9.0062523,45.142147],[9.0063493,45.142219],[9.0065894,45.1422595],[9.0070775,45.1422955],[9.0079472,45.1423494],[9.0087263,45.1423719],[9.009464,45.1424528],[9.0101286,45.1424933],[9.0101938,45.1424303],[9.0102351,45.1423402],[9.010286,45.1421962],[9.0103415,45.1417821],[9.0102874,45.141314],[9.011289,45.141359],[9.012553,45.1414083],[9.0136978,45.1414847],[9.0136692,45.1416288],[9.0135453,45.1424209],[9.0134485,45.143123],[9.0131722,45.1444193],[9.0131087,45.1451304],[9.0136128,45.1452069],[9.0135382,45.145585],[9.0137051,45.1455625],[9.0139515,45.1455489],[9.0139802,45.1456704],[9.0142108,45.1456884],[9.0145335,45.1457064],[9.0149708,45.1457603],[9.0157627,45.1459178],[9.016297,45.1460032],[9.0168471,45.1460661],[9.0174831,45.1460705],[9.018469,45.1460839],[9.0191018,45.1460298],[9.0191223,45.1455887],[9.0190791,45.1448011],[9.0190088,45.1438649],[9.0195065,45.1438288],[9.0200137,45.1438602],[9.0215369,45.14395],[9.0215897,45.1446791],[9.0217109,45.1456468],[9.0218591,45.1465154],[9.0219372,45.1472085],[9.0219802,45.147375],[9.0221107,45.147546],[9.0225036,45.1479555],[9.0230365,45.1484595],[9.0231701,45.1484775],[9.0233545,45.1484909],[9.0236391,45.1484909],[9.023884,45.1484728],[9.0243228,45.1484097],[9.0249668,45.1484096],[9.0254741,45.148423],[9.0256395,45.1484184],[9.0260942,45.1483823],[9.0267429,45.1483147],[9.0271738,45.1482696],[9.0279323,45.1482559],[9.0290772,45.1483501],[9.029753,45.1483544],[9.0303318,45.1483768],[9.0308009,45.1484217],[9.0313527,45.1484215],[9.0313177,45.1485386],[9.0312971,45.1486556],[9.0312591,45.1487996],[9.0312178,45.1489797],[9.0311734,45.1491822],[9.0311306,45.1494838],[9.0310403,45.1500464],[9.0309483,45.150483],[9.0308548,45.1510321],[9.0307978,45.1515767],[9.0307234,45.1521619],[9.0306519,45.1522249],[9.0304436,45.1523555],[9.0302115,45.1524726],[9.0301836,45.1527798],[9.0317546,45.1527642],[9.0326584,45.1528717],[9.0332314,45.150542],[9.0343095,45.1507028],[9.0347463,45.1507017],[9.0352037,45.1506138],[9.0356489,45.1506336],[9.0358623,45.150975],[9.0360899,45.1514937],[9.0366696,45.1526015],[9.0369988,45.1525209],[9.0371442,45.1525217],[9.0384453,45.1523228],[9.0385738,45.152347],[9.0421312,45.1518071],[9.0427118,45.1517337],[9.0427657,45.1517487],[9.0443583,45.1514942],[9.045444,45.1513852],[9.0454381,45.1513424],[9.045957,45.1512888],[9.0460788,45.150378],[9.04604,45.1462851],[9.044948,45.1465921],[9.044003,45.1449585],[9.0493851,45.145653],[9.0521114,45.146034],[9.0518068,45.1475818],[9.0508594,45.1502673],[9.0511494,45.150267],[9.0519681,45.1505172],[9.0547668,45.1510246],[9.0548313,45.1510023],[9.0558773,45.1511833],[9.0576394,45.1514144],[9.0596905,45.1516323],[9.0598029,45.1512167],[9.0663124,45.1516452],[9.0658305,45.1533302],[9.0681046,45.1534646],[9.068283,45.1528278],[9.0738938,45.1530633],[9.0734231,45.1531147],[9.0734281,45.1532812],[9.0732953,45.1538934],[9.0741797,45.1540684],[9.0746664,45.1541446],[9.0750184,45.1545539],[9.0754133,45.1549947],[9.0756077,45.1552962],[9.0757798,45.1555481],[9.0758532,45.1557101],[9.0760031,45.1560115],[9.0761355,45.1563265],[9.0761978,45.1565065],[9.0762726,45.1566054],[9.076483,45.1569024],[9.0766295,45.1570508],[9.077029,45.1573161],[9.0772535,45.1575094],[9.0774366,45.1576668],[9.0778044,45.1580131],[9.0782121,45.1584134],[9.0785275,45.1587733],[9.0787712,45.1590387],[9.079155,45.159412],[9.0796892,45.1592766],[9.080093,45.1591728],[9.0804315,45.1590105],[9.0802736,45.158709],[9.0800393,45.1583176],[9.0797556,45.1578543],[9.0803184,45.1577819],[9.0810212,45.1576463],[9.0810142,45.1572053],[9.0810292,45.1566021],[9.0810586,45.15599],[9.0811468,45.1554184],[9.0811351,45.1549638],[9.0817156,45.1550444],[9.0821467,45.1550936],[9.0825444,45.1551968],[9.0827639,45.1552281],[9.0825885,45.1559934],[9.0834682,45.1562268],[9.0838015,45.1557675],[9.0841682,45.1553081],[9.0845634,45.1547812],[9.0849269,45.1543174],[9.0852078,45.1539256],[9.0852934,45.1537365],[9.085468,45.1535609],[9.0856282,45.1532727],[9.0857313,45.1530656],[9.0858486,45.1528494],[9.0859136,45.1527279],[9.0860993,45.1525027],[9.0862103,45.1522686],[9.0863116,45.1519759],[9.0871596,45.1522363],[9.0876067,45.152389],[9.0877594,45.1524564],[9.0878374,45.1524924],[9.0878582,45.1525463],[9.0878615,45.1526364],[9.0878648,45.1526994],[9.0878553,45.1527579],[9.0878633,45.1528164],[9.087927,45.1528568],[9.0880638,45.1528882],[9.0885729,45.1530499],[9.0888609,45.1531262],[9.0892094,45.1532699],[9.0896756,45.1534586],[9.0900177,45.1535843],[9.0902214,45.1536697],[9.0904298,45.153773],[9.0905333,45.1538315],[9.0908202,45.1542273],[9.0910305,45.1545017],[9.0910895,45.1546007],[9.0911676,45.1546726],[9.0912552,45.1547625],[9.0913809,45.154803],[9.0921812,45.1550543],[9.0926855,45.155198],[9.0933793,45.1554359],[9.0935243,45.1556699],[9.0936522,45.1560703],[9.0938405,45.1564212],[9.0938995,45.1565382],[9.0945485,45.1566637],[9.0951688,45.1567082],[9.095813,45.1567751],[9.0966321,45.1568419],[9.0973257,45.1569269],[9.0978045,45.157003],[9.0978439,45.1568049],[9.0977147,45.1565755],[9.0976349,45.156427],[9.098787,45.1558859],[9.0985558,45.1555351],[9.0991627,45.1552465],[9.0998667,45.1549353],[9.1003673,45.1547368],[9.100107,45.1541475],[9.0999761,45.1538235],[9.0998165,45.1535356],[9.0995473,45.1532613],[9.0992824,45.1527214],[9.0991117,45.152402],[9.0990318,45.1521681],[9.0996812,45.1516094],[9.1003592,45.1510102],[9.1007845,45.1505552],[9.1010417,45.150312],[9.1014245,45.1500821],[9.1018056,45.1497937],[9.1018562,45.1496496],[9.1019432,45.149393],[9.1019986,45.1492264],[9.1020458,45.1489608],[9.1021074,45.1487177],[9.1022009,45.1485286],[9.1023723,45.1483799],[9.1026106,45.1482537],[9.1028236,45.1481725],[9.1032113,45.1480506],[9.1036149,45.1478972],[9.1039025,45.1477755],[9.1041552,45.1476897],[9.1044588,45.1476489],[9.1047132,45.1476262],[9.1051011,45.1476213],[9.1055797,45.1475984],[9.1059676,45.14758],[9.1064747,45.1474985],[9.1070103,45.1473765],[9.1074914,45.1472669],[9.1082398,45.1471076],[9.1089168,45.1468474],[9.1095834,45.146544],[9.1100209,45.1462769],[9.1103873,45.1460891],[9.1109114,45.1458363],[9.1113083,45.1456665],[9.1115678,45.1455076],[9.1116389,45.1454283],[9.111649,45.1453742],[9.1117916,45.145374],[9.1119648,45.1453811],[9.112112399999999,45.1453521],[9.1122194,45.145352],[9.1123162,45.1453879],[9.1123774,45.1453879],[9.1124995,45.1453121],[9.1127337,45.1452758],[9.1129678,45.1452071],[9.113095,45.1451205],[9.113156,45.1450519],[9.1133137,45.1450013],[9.1135985,45.1447703],[9.1137715,45.1446873],[9.1139749,45.1445429],[9.1142039,45.1444165],[9.1143464,45.1443479],[9.1144769,45.1443431],[9.1148143,45.1445105],[9.1154993,45.1444637],[9.115608,45.1444405],[9.1163152,45.1446244],[9.1164347,45.1445858],[9.1167642,45.1441455],[9.1167762,45.1441533],[9.1173482,45.1439547],[9.1174133,45.1439366],[9.1184332,45.1434063],[9.1182242,45.1428011],[9.1181511,45.1424883],[9.1177467,45.1417861],[9.1167196,45.1411491],[9.1185757,45.1405697],[9.1187159,45.1407291],[9.1192907,45.14058],[9.119189,45.1402721],[9.1190558,45.1397167],[9.1190321,45.1395628],[9.1190549,45.1393097],[9.1200456,45.1390595],[9.1206236,45.1388351],[9.1205509,45.1382402],[9.1198606,45.1381209],[9.1197872,45.1364875],[9.1197872,45.13646],[9.1202693,45.1366245],[9.1209534,45.1367668],[9.1220728,45.1369581],[9.1227569,45.1370838],[9.1229978,45.1371111],[9.123262,45.1370943],[9.1234795,45.1370666],[9.1240444,45.138597],[9.1240557,45.1385961],[9.1245071,45.1385551],[9.1250635,45.138559],[9.1255516,45.138554],[9.1258903,45.1385806],[9.1260939,45.1386389],[9.1262499,45.1387062],[9.1263756,45.1387826],[9.1264726,45.138796],[9.1265982,45.1387733],[9.1267363,45.1386787],[9.1269109,45.1385435],[9.1271362,45.1383587],[9.127398,45.1381108],[9.1276628,45.1378135],[9.1278466,45.1375477],[9.1279654,45.1373496],[9.1279751,45.1371861],[9.1280134,45.1370695],[9.1280379,45.1370276],[9.128383,45.1371388],[9.1285309,45.1371561],[9.1288117,45.1371488],[9.129048,45.1371032],[9.1292845,45.1370785],[9.1296588,45.1370502],[9.1298706,45.137043],[9.1301268,45.1370357],[9.1303535,45.1370529],[9.1305654,45.1370806],[9.130802,45.1371291],[9.1309647,45.1371812],[9.131152,45.1372507],[9.1313345,45.1373307],[9.1314923,45.1374142],[9.1319415,45.1377624],[9.1322821,45.1380479],[9.132751,45.1384519],[9.1332397,45.1388418],[9.1336889,45.1392144],[9.1340443,45.1394999],[9.1343157,45.1396914],[9.1345377,45.1398201],[9.1347251,45.1398861],[9.1349765,45.1399556],[9.1353363,45.1399935],[9.1356171,45.1400176],[9.1358882,45.1400452],[9.1362332,45.1400936],[9.1365637,45.1403551],[9.1368102,45.1403728],[9.1372046,45.1404128],[9.1383035,45.1405555],[9.1393182,45.1406938],[9.1407712,45.1399989],[9.1422004,45.1393265],[9.1421188,45.1391331],[9.1420146,45.1387686],[9.1418352,45.1382558],[9.1416305,45.1377609],[9.1416665,45.1375493],[9.1416027,45.1367978],[9.1416367,45.1364062],[9.141676,45.1362351],[9.1417485,45.1359965],[9.1418575,45.1356813],[9.1419029,45.1354292],[9.1420954,45.1348483],[9.1423481,45.1341549],[9.142634,45.1334299],[9.1428139,45.1329076],[9.1430588,45.1322952],[9.1430935,45.1321916],[9.1431708,45.131971],[9.1433684,45.1315026],[9.1433857,45.1314621],[9.1436976,45.1309306],[9.1439413,45.1305162],[9.1441741,45.1301649],[9.1443245,45.1299082],[9.1445891,45.1295883],[9.1447666,45.1293765],[9.1450474,45.1291466],[9.145479,45.1288625],[9.1459472,45.1285784],[9.1464853,45.1283031],[9.1471203,45.1279872],[9.147857,45.1276487],[9.1486414,45.1273281],[9.1496514,45.1269758],[9.1505025,45.1266461],[9.1509107,45.126533],[9.1511583,45.1264337],[9.1515171,45.1262712],[9.1526622,45.1259231],[9.1526177,45.1247124],[9.1525713,45.1220411],[9.1564992,45.1246946],[9.1619921,45.1291669],[9.1648074,45.1325345],[9.1663257,45.133947],[9.167103,45.135944],[9.1679378,45.1381662],[9.1686847,45.1375215],[9.1708192,45.1357405],[9.1730169,45.1338558],[9.1749116,45.1322461],[9.1734293,45.1283102],[9.1749195,45.1275518],[9.1766508,45.1266175],[9.1773094,45.1262924],[9.1777348,45.1261162],[9.1784037,45.1260206],[9.1789754,45.1258487],[9.1792661,45.1258032],[9.1792756,45.124786],[9.1793029,45.1233367],[9.1792258,45.1225942],[9.1792635,45.1219191],[9.1792941,45.1215544],[9.1794123,45.1212212],[9.1796049,45.1208203],[9.1803281,45.1208417],[9.1807752,45.1200083],[9.1811771,45.1194316],[9.1814368,45.1191206],[9.1817758,45.118796],[9.182224,45.1187998],[9.1827487,45.118889],[9.1832306,45.1190007],[9.183921,45.1191841],[9.1853115,45.119641],[9.1868086,45.1201426],[9.1873274,45.120339800000004],[9.1882134,45.1205679],[9.1890502,45.1208185],[9.1898449,45.1208487],[9.1911246,45.1209366],[9.1926143,45.1210781],[9.1938939,45.1211569],[9.194665,45.1212186],[9.1950801,45.1212989],[9.1956129,45.1214105],[9.1959006,45.1214281],[9.1962518,45.1214184],[9.1970083,45.1214081],[9.1986421,45.1214053],[9.1992299,45.1213368],[9.1999859,45.1211959],[9.2008962,45.1210818],[9.2016187,45.1208825],[9.2022809,45.1207463],[9.2024194,45.1207059],[9.2026842,45.1206285],[9.2030873,45.1204523],[9.203568,45.1202354],[9.2040046,45.1200951],[9.2044158,45.1199863],[9.2049696,45.1197378],[9.20546,45.1195434],[9.2060189,45.1193848],[9.2065884,45.1191002],[9.2070992,45.1188338],[9.2075146,45.1185675],[9.2078028,45.1182879],[9.208143,45.1178777],[9.2083878,45.1174497],[9.2085845,45.1169137],[9.2088848,45.1160175],[9.2091587,45.1152969],[9.2093755,45.1146123],[9.2095152,45.1141575],[9.2095587,45.1138694],[9.2095453,45.1136984],[9.2092073,45.1129654],[9.2090194,45.1124211],[9.2088416,45.1121288],[9.2082734,45.1119576],[9.2090039,45.1117124],[9.2093807,45.1115988],[9.2097455,45.1112865],[9.2097951,45.111277],[9.2098745,45.1111593],[9.2101774,45.1109817],[9.2103544,45.1108558],[9.2106494,45.110728],[9.2110933,45.1105652],[9.211328,45.1104943],[9.2115962,45.1103996],[9.2116392,45.1103248],[9.2119436,45.1099264],[9.212362,45.1093803],[9.212814,45.108766],[9.2131828,45.1084082],[9.2137299,45.1080438],[9.2138962,45.1079349],[9.2141967,45.1078346],[9.2146325,45.1076993],[9.2154036,45.1075365],[9.2158891,45.1074276],[9.2161855,45.1074153],[9.2163008,45.1074323],[9.2162794,45.1068351],[9.2157141,45.106263],[9.2175181,45.106123],[9.2188349,45.1059988],[9.2190155,45.1060148],[9.2223264,45.1059141],[9.2230335,45.1062563],[9.2233294,45.1063964],[9.2234827,45.1064769],[9.2239177,45.1065239],[9.2247472,45.1066011],[9.2254257,45.1066849],[9.2260803,45.1068975],[9.2265535,45.1070758],[9.2271168,45.1072368],[9.2274817,45.1073559],[9.2282268,45.107673],[9.2285595,45.1077896],[9.229376,45.1080395],[9.2296018,45.108162],[9.2301175,45.108526],[9.2304479,45.108989],[9.2306333,45.1092188],[9.2306464,45.1094192],[9.2309684,45.1097472],[9.2316268,45.1104014],[9.2321628,45.1109272],[9.2326346,45.1109256],[9.2327677,45.1111797],[9.2328806,45.111365],[9.2331063,45.1117726],[9.2334308,45.1123522],[9.2335817,45.1126499],[9.2336269,45.1133493],[9.2336506,45.1139523],[9.2336518,45.1143817],[9.2335793,45.1148161],[9.2334545,45.1151893],[9.2331848,45.1161915],[9.2330671,45.1164649],[9.2326571,45.1171425],[9.2322923,45.117758],[9.2318847,45.1184498],[9.2315745,45.1189547],[9.2317504,45.119015],[9.2322186,45.1191702],[9.2326013,45.1192993],[9.2328508,45.1193547],[9.233022,45.119358],[9.2332906,45.1193689],[9.2341046,45.1194243],[9.2347796,45.1194268],[9.234801,45.1194595],[9.2347333,45.1195283],[9.2345277,45.1197052],[9.2342769,45.1199282],[9.2339406,45.1202226],[9.2336233,45.1205228],[9.2334439,45.1207089],[9.2331206,45.1210888],[9.2329495,45.1213261],[9.232732,45.1216531],[9.2325965,45.1218527],[9.2324575,45.1220707],[9.2322257,45.1224372],[9.2321164,45.122666099999996],[9.2318823,45.1232715],[9.231672,45.1240304],[9.2316601,45.1242903],[9.2316529,45.1245611],[9.2316458,45.1248227],[9.231622,45.1251187],[9.2315448,45.1254642],[9.231458,45.1258968],[9.2312988,45.1262213],[9.2310385,45.1265458],[9.2309042,45.1267999],[9.2308127,45.1269835],[9.2307143,45.1271553],[9.2306571,45.1272778],[9.230562,45.1274203],[9.2304277,45.1276207],[9.2302518,45.1279293],[9.2300938,45.1282454],[9.2300106,45.1285061],[9.2299369,45.1286671],[9.2298311,45.1287576],[9.2296909,45.1291961],[9.2295364,45.1296212],[9.2293237,45.1302224],[9.229231,45.1305728],[9.2292439,45.1307094],[9.2293271,45.1308442],[9.2298597,45.1312527],[9.2307415,45.1319395],[9.2316776,45.1326713],[9.2326789,45.1334074],[9.2336517,45.134175],[9.2344617,45.1347719],[9.235152,45.1352521],[9.2358598,45.1357052],[9.2364162,45.1363163],[9.2395223,45.138792],[9.2402829,45.1380639],[9.2407577,45.1377075],[9.241444,45.1373244],[9.2425976,45.1366075],[9.2442675,45.1353986],[9.2449847,45.1349649],[9.2454532,45.1345831],[9.24513,45.134464],[9.2457402,45.1334645],[9.2460614,45.1331195],[9.2464465,45.1328493],[9.2496351,45.1317023],[9.2498573,45.1313122],[9.2499479,45.1303594],[9.2504121,45.1295311],[9.2508966,45.1291949],[9.251727,45.1289105],[9.2526329,45.1284013],[9.2551056,45.1267054],[9.2560675,45.1265261],[9.260327,45.1260706],[9.2608812,45.1259883],[9.261694,45.1258164],[9.2614313,45.1274939],[9.2612933,45.1282593],[9.2610602,45.1294256],[9.2607897,45.1304164],[9.2604337,45.1318304],[9.2601337,45.1326278],[9.2598047,45.1336817],[9.2596692,45.1342941],[9.2594117,45.1353524],[9.25902,45.1369736],[9.2587521,45.1381894],[9.2585134,45.1388425],[9.2585387,45.139162],[9.2590851,45.1403467],[9.2592647,45.1400966],[9.260028,45.1397888],[9.2609135,45.1394222],[9.2617451,45.1391007],[9.2618122,45.1391726],[9.2619759,45.1395097],[9.2621771,45.1400584],[9.2623651,45.14049],[9.2625085,45.1408993],[9.2626713,45.1410294],[9.2628532,45.141191],[9.2631767,45.1413478],[9.2638666,45.1416658],[9.2645134,45.1419523],[9.2647769,45.1418482],[9.2652366,45.14155],[9.2656077,45.1413466],[9.2659593,45.1413953],[9.2667422,45.1415555],[9.267226,45.1416399],[9.2675714,45.1417426],[9.2676096,45.1417425],[9.2676786,45.1418684],[9.2676804,45.1422554],[9.2679305,45.1423584],[9.2680835,45.1424435],[9.2681592,45.1426504],[9.2683923,45.1428569],[9.2689587,45.1429501],[9.2694261,45.1429219],[9.2695542,45.1427776],[9.2696726,45.1426063],[9.2697649,45.1426331],[9.2700216,45.1427675],[9.2704085,45.1429016],[9.2706352,45.1430946],[9.2706118,45.1431757],[9.2704607,45.1435001],[9.2702332,45.1438247],[9.2702544,45.1439372],[9.2702916,45.1440676],[9.2703619,45.1441439],[9.2706133,45.1441703],[9.2709871,45.1442145],[9.2715873,45.1443616],[9.2716233,45.1449286],[9.2712196,45.144943],[9.2707217,45.1448947],[9.2704045,45.1447289],[9.2701618,45.1445135],[9.2700641,45.1443652],[9.2697904,45.1443163],[9.2692224,45.1442502],[9.2686142,45.1440671],[9.2678419,45.1438168],[9.2671436,45.1437465],[9.2670949,45.1442237],[9.2670673,45.1447863],[9.2668161,45.1451245],[9.2665486,45.1453817],[9.2667325,45.1456108],[9.2668713,45.1457067],[9.2670155,45.1459342],[9.2673322,45.1463475],[9.2675585,45.1467835],[9.2676294,45.1473235],[9.2677381,45.1477868],[9.2674364,45.147882],[9.2668049,45.1481625],[9.2658035,45.1485925],[9.2651131,45.1488776],[9.2650451,45.1489543],[9.2651011,45.1490127],[9.2651982,45.1490529],[9.2654146,45.1490839],[9.2662791,45.1489739],[9.2673835,45.1488093],[9.2679158,45.148736],[9.2679683,45.1487269],[9.2681162,45.1487401],[9.2681165,45.1491451],[9.2691143,45.1489672],[9.2703096,45.1488699],[9.2702592,45.1482984],[9.2713275,45.1485974],[9.2721697,45.1484694],[9.2736903,45.1482497],[9.2752936,45.1480073],[9.2766474,45.1478195],[9.2767421,45.1480083],[9.2768598,45.1483366],[9.2771873,45.1483223],[9.2781839,45.1482478],[9.279225,45.1481733],[9.2800928,45.1480901],[9.2806697,45.1480257],[9.2807765,45.1480704],[9.2807928,45.1484844],[9.2808117,45.1494071],[9.2809009,45.1510586],[9.2809029,45.1521208],[9.28092,45.1523638],[9.280907,45.1529579],[9.2809777,45.1531018],[9.2816488,45.1531046],[9.2829099,45.1531195],[9.2840596,45.1531122],[9.2849753,45.1530649],[9.2851547,45.1536405],[9.2854224,45.154387],[9.2855727,45.1548637],[9.2860096,45.1547816],[9.286658,45.1547034],[9.2873922,45.154598],[9.287312,45.1547693],[9.2869448,45.1551303],[9.2867092,45.1553829],[9.2866742,45.155707],[9.2865983,45.1557928],[9.2864368,45.1559282],[9.2863727,45.1561489],[9.2863896,45.1563514],[9.2865381,45.156468],[9.2868462,45.1567058],[9.2871189,45.1568536],[9.2877163,45.1573787],[9.2879093,45.1574907],[9.2882054,45.157544],[9.2884009,45.1578361],[9.2884935,45.1582274],[9.288484,45.158547],[9.2885725,45.1587538],[9.2885685,45.1589023],[9.2885036,45.1589565],[9.2883671,45.1590108],[9.2881083,45.159097],[9.2875155,45.1591975],[9.2867717,45.1592804],[9.2863728,45.1593399],[9.2861265,45.1593856],[9.2859649,45.159521],[9.2857751,45.1597195],[9.2856183,45.1598414],[9.2853787,45.1599635],[9.2851823,45.1601306],[9.2848844,45.1603383],[9.2848577,45.1604194],[9.2849014,45.1605588],[9.2850123,45.1608061],[9.2851743,45.1610667],[9.2852682,45.1613951],[9.2852385,45.1615032],[9.2851801,45.1615888],[9.2851599,45.1616924],[9.2852034,45.1617958],[9.2853408,45.1619305],[9.285517,45.1624971],[9.2856387,45.1629739],[9.2829411,45.1635882],[9.2830295,45.1637861],[9.2831621,45.1642223],[9.2825596,45.1642913],[9.2819177,45.1644279],[9.2820418,45.1647562],[9.2821409,45.165179],[9.2821944,45.1653679],[9.28185,45.1655218],[9.2813424,45.1658066],[9.2808589,45.1661408],[9.2803023,45.1664753],[9.2799562,45.1666246],[9.2799729,45.1667686],[9.2800134,45.1669306],[9.2797216,45.1671113],[9.2789081,45.1676219],[9.2778607,45.1684256],[9.2769555,45.1690579],[9.2765387,45.169374],[9.2763234,45.1689469],[9.2761466,45.1685558],[9.2758445,45.1679354],[9.2754234,45.1680264],[9.2747083,45.1681587],[9.2736241,45.1682918],[9.2725784,45.1684744],[9.2727102,45.1687801],[9.2727319,45.1689826],[9.2719023,45.1691286],[9.2705451,45.1693974],[9.2691752,45.1696707],[9.2684538,45.1698164],[9.2683469,45.1694161],[9.2682859,45.1689616],[9.2682158,45.1686017],[9.268972399999999,45.1684829],[9.2689013,45.1682536],[9.2686908,45.1674709],[9.268466,45.1670079],[9.2680085,45.1671485],[9.2671188,45.1673711],[9.2661403,45.1676389],[9.2647945,45.1679481],[9.2634088,45.1682484],[9.262271,45.1684941],[9.2610345,45.1687129],[9.2610039,45.1686185],[9.2609416,45.1682181],[9.2606943,45.1673635],[9.2604931,45.1664908],[9.2603066,45.1660637],[9.2591469,45.1663679],[9.2579505,45.1666586],[9.2570019,45.1668903],[9.2565445,45.1670309],[9.2563313,45.1666668],[9.2558057,45.1654528],[9.2556117,45.1651066],[9.2553496,45.1651747],[9.2550222,45.1652295],[9.2545596,45.1652935],[9.2541521,45.165351],[9.2538873,45.1653985],[9.2540098,45.1657583],[9.255103,45.1687219],[9.2553707,45.1695449],[9.2554289,45.1697338],[9.2558723,45.1696473],[9.2562966,45.1695609],[9.2565771,45.1703839],[9.2568595,45.1709323],[9.2571399,45.1713863],[9.2573637,45.1716333],[9.2570365,45.1717331],[9.2558977,45.1721272],[9.2545841,45.1725667],[9.2511116,45.1736726],[9.2511796,45.1739515],[9.2512169,45.1740999],[9.2505843,45.1742319],[9.2494844,45.1744458],[9.2489491,45.1746225],[9.2479957,45.1748811],[9.2456454,45.1754668],[9.2447169,45.1755948],[9.2439682,45.175736],[9.243018,45.1760036],[9.2424351,45.1762118],[9.2419767,45.1761678],[9.2408855,45.1762061],[9.2398293,45.1762174],[9.2390261,45.1762686],[9.238395,45.1763959],[9.2384928,45.1765577],[9.2387027,45.1769128],[9.2389276,45.1774525],[9.2392214,45.1780774],[9.2395232,45.1787114],[9.2396244,45.1789497],[9.240057,45.1789083],[9.2401319,45.1789397],[9.2402373,45.179043],[9.240382,45.1794072],[9.2406485,45.1799828],[9.240933,45.1806528],[9.2411449,45.1811024],[9.2407144,45.1812518],[9.2402841,45.1814643],[9.2398984,45.1816946],[9.2394142,45.1819432],[9.2389445,45.1822277],[9.2386949,45.1822777],[9.2382069,45.1823958],[9.2374487,45.1825504],[9.2367936,45.1826598],[9.2365376,45.1826963],[9.2357327,45.182725],[9.2347941,45.1827764],[9.2340944,45.1828544],[9.2338129,45.182873],[9.2331927,45.1829463],[9.2325514,45.1829386],[9.2319001,45.1827869],[9.2312518,45.1826082],[9.2308485,45.1829377],[9.2305873,45.1827445],[9.2300609,45.1828041],[9.2292959,45.1828912],[9.2288269,45.1829686],[9.2271204,45.1831431],[9.2271096,45.1832241],[9.2273224,45.1839168],[9.227541,45.18447],[9.2275847,45.1846589],[9.2269948,45.1847681],[9.2261823,45.1848957],[9.2257435,45.1849956],[9.2258546,45.185324],[9.2259679,45.1858143],[9.2265583,45.1872484],[9.2242126,45.1875367],[9.224428,45.1885487],[9.224665,45.1893922],[9.2252451,45.189337],[9.2254013,45.1898031],[9.2255982,45.1904958],[9.2257704,45.1913686],[9.2258658,45.1917645],[9.2263812,45.191705],[9.2277169,45.1914683],[9.2289604,45.1912497],[9.2299877,45.1910721],[9.2302437,45.1910221],[9.2302666,45.1911931],[9.2303799,45.1916609],[9.2305253,45.1921917],[9.2306776,45.1928665],[9.2308145,45.1936719],[9.2308935,45.1939103],[9.2337818,45.1935308],[9.2348825,45.1934025],[9.235016,45.1933707],[9.2350736,45.1938117],[9.2351005,45.1945587],[9.2350962,45.1954409],[9.2350671,45.1960936],[9.235597,45.1960835],[9.2369196,45.1961167],[9.2381227,45.1961187],[9.2392064,45.1960984],[9.2403426,45.1960871],[9.2405513,45.1961361],[9.240215,45.1964069],[9.2396328,45.1968357],[9.2388252,45.1974225],[9.238157,45.1978469],[9.2381499,45.198063],[9.2376139,45.1985142],[9.2371267,45.1988527],[9.2364127,45.1993628],[9.2358285,45.1997196],[9.2352746,45.2001033],[9.234943,45.200347],[9.2345529,45.2006944],[9.2339786,45.2011366],[9.2335205,45.2016011],[9.2329273,45.2021019],[9.23222,45.2027335],[9.2317284,45.2031711],[9.231577,45.2031309],[9.2308788,45.2028532],[9.2299787,45.2026435],[9.2296584,45.2025452],[9.229429,45.2021045],[9.2292138,45.2016279],[9.2290518,45.2013222],[9.2285696,45.2013367],[9.2280741,45.1999919],[9.2278386,45.2000239],[9.2275205,45.200074],[9.2267759,45.200134],[9.2261158,45.2002299],[9.2253523,45.2003439],[9.2246953,45.2004217],[9.2247655,45.2008626],[9.2248278,45.2013126],[9.2248945,45.2016815],[9.2243838,45.201732],[9.2237364,45.2018233],[9.2230984,45.2018966],[9.2227819,45.2019422],[9.2221188,45.201678],[9.22078,45.201208],[9.2201919,45.2009886],[9.219869,45.2010297],[9.2195208,45.2011249],[9.2193507,45.2011928],[9.2193066,45.2013099],[9.2191848,45.2014946],[9.2189698,45.2018731],[9.2186472,45.2024093],[9.2178105,45.2037206],[9.21753,45.2041127],[9.2169086,45.2039384],[9.2162584,45.2037326],[9.2157917,45.2036435],[9.2157877,45.203828],[9.2154789,45.2050933],[9.2153413,45.2057372],[9.2152099,45.206354],[9.215091,45.2069168],[9.2150256,45.2072905],[9.2150135,45.2074571],[9.2151476,45.2075558],[9.2152803,45.2077086],[9.2154374,45.2080233],[9.2155917,45.2084146],[9.2157846,45.2089003],[9.2158526,45.2092107],[9.2158046,45.2095484],[9.215749,45.2100076],[9.2157341,45.2102866],[9.2157282,45.2104127],[9.2157453,45.2107187],[9.2157685,45.2109482],[9.2158104,45.2110966],[9.2158986,45.2112675],[9.2160506,45.2114562],[9.2162579,45.2115639],[9.2162427,45.2117439],[9.2161577,45.2120096],[9.2155905,45.2135409],[9.2153469,45.2139645],[9.2151021,45.214469],[9.2148934,45.214861],[9.2146051,45.2152351],[9.214373,45.2157486],[9.214109,45.2162307],[9.2138437,45.2168163],[9.2136811,45.2171856],[9.2135816,45.2173928],[9.2132274,45.2176275],[9.2127987,45.2179119],[9.2125099,45.2181645],[9.212013,45.218566],[9.2117212,45.21885],[9.2114099,45.2190577],[9.2117178,45.2192191],[9.211395,45.2193457],[9.2111412,45.2195757],[9.2108332,45.2198239],[9.2105221,45.220063],[9.2100708,45.2204175],[9.2098113,45.2206939],[9.2096323,45.2209782],[9.2095014,45.2209426],[9.2091349,45.2216435],[9.2079193,45.2209657],[9.209094,45.219668],[9.2091089,45.2195941],[9.2089198,45.2194825],[9.2072963,45.2188237],[9.2054751,45.2208518],[9.2055555,45.2209273],[9.2053017,45.2210784],[9.2047344,45.2206428],[9.2043582,45.2209615],[9.2033169,45.2219745],[9.2038844,45.2223093],[9.2025929,45.2239484],[9.2026495,45.2239952],[9.1951544,45.2270878],[9.1941817,45.2275351],[9.1942615,45.2276148],[9.1890161,45.2297892],[9.1882194,45.2288226],[9.1881465,45.2291895],[9.1875605,45.2293286],[9.185425,45.227703],[9.1850718,45.2278477],[9.1839617,45.2275196],[9.1828398,45.2270571],[9.1823726,45.2277616],[9.1810074,45.2271192],[9.1800425,45.2263815],[9.1809148,45.2285093],[9.1808759,45.2285312],[9.1808106,45.2287254],[9.1808143,45.2288948],[9.1790551,45.2289089],[9.1790869,45.2293804],[9.1775818,45.229475],[9.1768761,45.2294244],[9.1765638,45.2294304],[9.1768802,45.2302943],[9.1755436,45.2304745],[9.1742388,45.2306956],[9.1735415,45.2310701],[9.1729736,45.2310367],[9.1640246,45.2301872],[9.1634601,45.2321936],[9.1602588,45.231735],[9.15918,45.2315885],[9.1590099,45.2315865]]]},"properties":{"sources":[{"property":"","dataset":"OpenStreetMap","license":"ODbL-1.0","record_id":"r4052216@24","update_time":"2026-07-02T03:35:43.000Z","confidence":null,"between":null,"provider":"osm","resource":"planet","version":"2026-07-26T00:00:00.000Z"}],"names":{"primary":"Parco Lombardo della Valle del Ticino","common":null,"rules":[{"variant":"short","language":null,"perspectives":null,"value":"Parco del Ticino","between":null,"side":null}]},"wikidata":"Q3895663","source_tags":[["boundary","protected_area"],["operator","Ente Parco Lombardo della Valle del Ticino"],["protect_class","5"],["short_name","Parco del Ticino"],["start_date","1974"],["type","boundary"],["website","https://www.parcoticino.it/"],["wikipedia","it:Parco naturale lombardo della Valle del Ticino"]],"subtype":"protected","class":"protected_landscape_seascape","version":2}},
{"id":"e91eeb64-0333-350a-9f19-838d063ca19a","type":"Feature","geometry":{"type":"MultiPolygon","coordinates":[[[[9.1633772,45.394631],[9.1638979,45.3958504],[9.1646866,45.3973692],[9.1649712,45.3986652],[9.1651826,45.3996814],[9.1657111,45.4004807],[9.1681098,45.4004693],[9.1700531,45.3978088],[9.1718663,45.3987794],[9.1722078,45.3988593],[9.172346,45.4007433],[9.1705165,45.4007433],[9.1707605,45.4028214],[9.1700124,45.40281],[9.168313,45.4022619],[9.1674268,45.4024104],[9.167752,45.4032553],[9.167191,45.403221],[9.1670771,45.4032439],[9.1670609,45.4033009],[9.167256,45.4041516],[9.167565,45.404751],[9.1681016,45.4055616],[9.1681992,45.4067204],[9.1682643,45.4067318],[9.1683374,45.407257],[9.1683944,45.4074854],[9.1685326,45.4077879],[9.1688416,45.4082617],[9.1689554,45.4085072],[9.1690692,45.4087983],[9.1691749,45.409175],[9.1692237,45.4096203],[9.1692318,45.4108361],[9.1692237,45.4113213],[9.1691912,45.4116409],[9.1691343,45.4118978],[9.1690123,45.4122403],[9.168744,45.4131478],[9.1686058,45.4134675],[9.1684675,45.41377],[9.1685245,45.4139127],[9.1685326,45.4146604],[9.1685082,45.4147289],[9.168435,45.4148259],[9.1684187,45.4149115],[9.1684919,45.4152368],[9.1688903,45.4166181],[9.168996,45.416755],[9.169053,45.4171603],[9.1690738,45.417158],[9.1696221,45.4170975],[9.1695815,45.4167151],[9.1702323,45.4167847],[9.1704352,45.4168064],[9.1705653,45.4167836],[9.1707074,45.4168171],[9.1707307,45.4170572],[9.1708418,45.4184273],[9.1719313,45.4186613],[9.1730371,45.4185928],[9.1731753,45.4197457],[9.1739722,45.4202593],[9.1755577,45.4199797],[9.1758586,45.4205047],[9.1762244,45.421064],[9.1765497,45.4215948],[9.1767042,45.4218459],[9.1767692,45.4220742],[9.1768261,45.4223595],[9.1726956,45.4222682],[9.1727444,45.4243911],[9.171003,45.4244172],[9.1708823,45.424419],[9.1691017,45.4244311],[9.1690286,45.4247564],[9.1686708,45.4248591],[9.1674186,45.4226848],[9.167316,45.422722],[9.1666787,45.422953],[9.1660039,45.4231984],[9.1658168,45.4233183],[9.1655519,45.4235686],[9.1646297,45.4243169],[9.1641256,45.4246993],[9.1636865,45.4250074],[9.1634182,45.4250816],[9.162719,45.4252414],[9.1624181,45.4253441],[9.1620847,45.425464],[9.1619221,45.4255096],[9.1607513,45.425852],[9.1613204,45.4268792],[9.1614668,45.4269077],[9.1618896,45.4276553],[9.1621742,45.4281118],[9.1625563,45.428631],[9.1628734,45.4290191],[9.1632637,45.4294299],[9.1636865,45.4298351],[9.1641094,45.4301717],[9.1647436,45.4306739],[9.1654428,45.4311988],[9.1661502,45.4317409],[9.1665405,45.4321003],[9.1670284,45.4326481],[9.1675731,45.4332358],[9.1679228,45.4336409],[9.1680041,45.4338749],[9.1679715,45.4340803],[9.1679065,45.4343541],[9.1678171,45.434668],[9.1676951,45.4349532],[9.1675569,45.4351586],[9.1672154,45.4355809],[9.1669373,45.4358533],[9.1667926,45.435946],[9.1666381,45.4359802],[9.1664348,45.4359859],[9.1651908,45.4359688],[9.1651176,45.4358091],[9.1650038,45.4355866],[9.1649224,45.4354268],[9.1648818,45.435307],[9.1649143,45.4351929],[9.1649468,45.435016],[9.1648981,45.4348791],[9.1648005,45.4348049],[9.1647436,45.4347535],[9.1647192,45.4346508],[9.1647761,45.4345139],[9.1647924,45.4343941],[9.1647924,45.4340746],[9.1647517,45.4328364],[9.1647192,45.4315069],[9.1646866,45.4311988],[9.164646,45.4310562],[9.1645647,45.430942],[9.1644427,45.4308336],[9.1642882,45.4307309],[9.1630849,45.4302345],[9.1626946,45.430069],[9.1625157,45.429972],[9.1623775,45.4298408],[9.1622718,45.4296696],[9.1621838,45.4295168],[9.161605,45.4285112],[9.1613936,45.4283286],[9.1612066,45.4282202],[9.1609789,45.4281517],[9.1607269,45.4281118],[9.1604667,45.4281061],[9.1594341,45.4281745],[9.1592958,45.428186],[9.1592145,45.4281688],[9.1591576,45.4281289],[9.1591007,45.4279577],[9.1590438,45.4274727],[9.1589706,45.427096],[9.1588649,45.4265653],[9.1587592,45.4261887],[9.1585071,45.4255553],[9.1582795,45.4250588],[9.1580111,45.4245509],[9.1577184,45.4240716],[9.1573769,45.4233582],[9.15732,45.4232612],[9.1556044,45.4224223],[9.1515009,45.4240906],[9.1539947,45.4254214],[9.153083,45.4257055],[9.1508539,45.4278379],[9.148344,45.4293281],[9.1481852,45.429374],[9.1476275,45.4298142],[9.1457008,45.4315566],[9.1443077,45.4327117],[9.1429735,45.4338179],[9.1429922,45.4339293],[9.1439822,45.4346437],[9.144292,45.4348537],[9.1453458,45.4355678],[9.1457101,45.4358824],[9.145981,45.4361839],[9.1461117,45.4363477],[9.146114,45.4363623],[9.1461136,45.4364672],[9.1460842,45.4365066],[9.1460482,45.4365544],[9.1459213,45.436741],[9.1458764,45.4367977],[9.1458502,45.4368262],[9.1457538,45.4368481],[9.1452711,45.4369507],[9.1448508,45.4370621],[9.1445146,45.4371932],[9.1440943,45.4373701],[9.143758,45.4375536],[9.1434031,45.4377896],[9.1430762,45.4380517],[9.1428147,45.4383073],[9.1425532,45.4385629],[9.1424411,45.4386547],[9.1423136,45.4386933],[9.1421582,45.438697],[9.1420581,45.4386692],[9.1416098,45.4385301],[9.1393589,45.4378289],[9.1396298,45.4371014],[9.1329237,45.4357055],[9.1326995,45.4357448],[9.1324193,45.4357841],[9.1322418,45.4357841],[9.1321298,45.4357382],[9.1320457,45.4357055],[9.1318589,45.4357055],[9.1311397,45.4357775],[9.1309903,45.4358365],[9.1309342,45.4359414],[9.1303458,45.435889],[9.130075,45.4361315],[9.1280295,45.4360659],[9.1264137,45.4370424],[9.1261802,45.4369179],[9.125984,45.436872],[9.1257505,45.4367672],[9.1242094,45.4358431],[9.1239106,45.435653],[9.1237705,45.4355285],[9.1236864,45.4354171],[9.1234716,45.435286],[9.1232941,45.4352532],[9.123098,45.4352074],[9.1228738,45.4350763],[9.1222761,45.4347158],[9.1219211,45.4345716],[9.1215849,45.4344602],[9.1243215,45.43214],[9.1255357,45.4310388],[9.1261708,45.4305538],[9.1265258,45.4302654],[9.1266565,45.4300032],[9.1266378,45.4297345],[9.1266939,45.4286792],[9.1267686,45.428122],[9.1269741,45.4276566],[9.1275625,45.4264833],[9.1272169,45.426326],[9.1276933,45.4256311],[9.1300656,45.4243135],[9.130187,45.4241234],[9.1302057,45.4238874],[9.130187,45.423599],[9.1302524,45.4233302],[9.1303552,45.4230418],[9.1303085,45.4228189],[9.1301497,45.4224715],[9.1298321,45.421829],[9.1295426,45.4214947],[9.1293464,45.4211669],[9.129253,45.4208457],[9.1291393,45.420061],[9.1290849,45.4196853],[9.1290102,45.4187216],[9.1295986,45.417653],[9.1299068,45.4175874],[9.1300002,45.4175022],[9.1301123,45.4172334],[9.1310183,45.4164335],[9.131532,45.4159156],[9.1318496,45.4157582],[9.1323913,45.4152665],[9.1325407,45.4150895],[9.1332039,45.414165],[9.1360806,45.414801],[9.1369212,45.4152927],[9.1370519,45.4151223],[9.1372574,45.4148731],[9.1373695,45.4145781],[9.1373882,45.4143814],[9.1373134,45.4141978],[9.1372387,45.4140732],[9.1372014,45.4138503],[9.137136,45.4135225],[9.1370052,45.4130242],[9.1369212,45.4126505],[9.1367717,45.4123226],[9.1365476,45.4117325],[9.1364822,45.4113916],[9.136725,45.4109064],[9.1369772,45.4102638],[9.1369585,45.4100081],[9.1370052,45.4096016],[9.1370986,45.4092016],[9.1372014,45.4088868],[9.1375656,45.4081721],[9.1377057,45.408041],[9.1380326,45.4066967],[9.1381354,45.4064607],[9.1386958,45.4057197],[9.1388545,45.4055033],[9.1389573,45.4053328],[9.139032,45.4051164],[9.1391347,45.4047557],[9.1394243,45.4036737],[9.1414604,45.4037131],[9.1416753,45.403703899999996],[9.1419185,45.4037439],[9.1420157,45.4037962],[9.1421042,45.4038683],[9.142161,45.4039238],[9.1424592,45.4040029],[9.1425812,45.4039867],[9.1427325,45.4039507],[9.1428965,45.4039188],[9.1430014,45.4039179],[9.1431496,45.4039465],[9.1433034,45.4039956],[9.1434501,45.404129],[9.1436877,45.4044797],[9.1441773,45.4049967],[9.1446274,45.4057628],[9.1453925,45.4070443],[9.1455887,45.4072148],[9.1458502,45.4073197],[9.146093,45.4073656],[9.146093,45.4074443],[9.1447854,45.4071492],[9.1441036,45.4070246],[9.1440009,45.4069721],[9.1438421,45.4069394],[9.143702,45.4069787],[9.1436366,45.4070443],[9.1436366,45.407123],[9.1437113,45.4072213],[9.143758,45.4073721],[9.1437394,45.4085262],[9.143646,45.4090573],[9.1434311,45.4102376],[9.1431696,45.4101589],[9.1428707,45.4101458],[9.1425905,45.4101392],[9.1425252,45.4103753],[9.1426186,45.4105326],[9.1425719,45.4107359],[9.1425252,45.4109326],[9.1423757,45.4110244],[9.1418994,45.4109064],[9.1417219,45.4115555],[9.1432443,45.4120407],[9.1438981,45.4119292],[9.144636,45.4112867],[9.1462985,45.411444],[9.1463359,45.4110244],[9.1462705,45.4106375],[9.1461397,45.4101392],[9.146448,45.4100409],[9.1468402,45.409995],[9.1473539,45.409995],[9.1493153,45.4099753],[9.1499691,45.4110769],[9.1508845,45.4126374],[9.1515756,45.4138569],[9.1533502,45.4134569],[9.1537051,45.4130963],[9.1540134,45.4128603],[9.154499,45.4126701],[9.1550501,45.412539],[9.1555545,45.4124866],[9.1559094,45.4108015],[9.1563764,45.4083295],[9.1570115,45.4078967],[9.1587674,45.408041],[9.1591037,45.4079426],[9.1601591,45.4098442],[9.161392,45.412021],[9.1625968,45.4140142],[9.1634748,45.4155353],[9.1637505,45.4155386],[9.1645582,45.4155484],[9.1653521,45.4154566],[9.1657164,45.4153124],[9.1667718,45.4144929],[9.16708,45.4142568],[9.1667438,45.4135881],[9.1665009,45.4136536],[9.1661159,45.4129635],[9.1661091,45.4129512],[9.1660765,45.4128924],[9.1660596,45.412862],[9.1660498,45.4128443],[9.1656043,45.4120407],[9.1658565,45.4114113],[9.1647077,45.4111752],[9.164661,45.4105458],[9.1640072,45.4085196],[9.1635402,45.4062574],[9.1632039,45.4046639],[9.1623166,45.4046902],[9.1617656,45.4046049],[9.1611118,45.4043819],[9.1602151,45.4040541],[9.1576466,45.405241],[9.1573291,45.4046902],[9.1578428,45.4044869],[9.1573762,45.4039342],[9.1572917,45.403834],[9.157245,45.4037786],[9.1578614,45.4032147],[9.1580202,45.4030573],[9.1581043,45.4028999],[9.1581416,45.4027163],[9.1581977,45.4025392],[9.1583471,45.4022769],[9.1586086,45.4019031],[9.1587301,45.4016867],[9.1587581,45.4015031],[9.1587674,45.4012867],[9.1587954,45.4010047],[9.1588608,45.4007555],[9.1591971,45.4008407],[9.1594025,45.4009325],[9.1595987,45.4010899],[9.1597388,45.4013063],[9.1598882,45.4014769],[9.1602245,45.4017195],[9.1605607,45.4004932],[9.1618123,45.4004473],[9.1617095,45.3995947],[9.1617656,45.3992668],[9.1617941,45.3989026],[9.1620953,45.3983623],[9.1623135,45.3976806],[9.1626342,45.3966303],[9.1621298,45.3956793],[9.1612612,45.3959023],[9.1607008,45.3948267],[9.161448,45.3943414],[9.1618123,45.394079],[9.1621111,45.3939347],[9.1618309,45.392964],[9.1618403,45.3925246],[9.1617375,45.392354],[9.1592064,45.3930821],[9.1580576,45.3911668],[9.1594866,45.3901239],[9.1597294,45.3899075],[9.1597948,45.3897107],[9.1597948,45.3895139],[9.1596921,45.3891204],[9.1629237,45.3879659],[9.1649038,45.3872509],[9.1654268,45.3870869],[9.165212,45.3867261],[9.1649972,45.3862538],[9.164689,45.3855126],[9.1658938,45.3851256],[9.1655669,45.3846336],[9.1674162,45.3839973],[9.1677712,45.3839317],[9.167986,45.3839513],[9.1683596,45.3840563],[9.1673135,45.3854601],[9.1667531,45.3861751],[9.166641,45.3862604],[9.1664542,45.3863522],[9.166062,45.3864441],[9.1659219,45.3865228],[9.1659125,45.3866015],[9.166062,45.3868967],[9.1668185,45.386713],[9.1673509,45.3866015],[9.1678739,45.3865162],[9.168481,45.386431],[9.1690694,45.3863785],[9.1696765,45.3863391],[9.170321,45.3863063],[9.1708283,45.3863091],[9.1697501,45.3868328],[9.1678672,45.3877407],[9.1669123,45.3881966],[9.1655873,45.3880685],[9.1653298,45.3879894],[9.1649972,45.3883963],[9.1648899,45.3884829],[9.1647934,45.3885432],[9.1646861,45.3885809],[9.1644554,45.3886562],[9.1643749,45.3886901],[9.1643213,45.3887466],[9.1642998,45.3888634],[9.1642945,45.3891008],[9.1643374,45.3893193],[9.1645412,45.3898241],[9.1645949,45.3900275],[9.1645842,45.3901481],[9.1645412,45.3902762],[9.1644179,45.3904834],[9.1643159,45.3906039],[9.1641604,45.3907019],[9.1639994,45.390781],[9.1637205,45.3908639],[9.1634254,45.3908978],[9.1631572,45.3909468],[9.1629534,45.3910296],[9.1628354,45.3911351],[9.1626691,45.3913649],[9.162551,45.391655],[9.1624116,45.3921071],[9.1625403,45.3923519],[9.1639136,45.3919262],[9.163227,45.3929434],[9.1629963,45.393369],[9.1629802,45.3934934],[9.1630821,45.3937721],[9.1633772,45.394631]],[[9.1547772,45.417561],[9.1543094,45.4177499],[9.154473,45.4179381],[9.1546849,45.4182168],[9.1547278,45.4183524],[9.1547171,45.418503],[9.1545133,45.4188645],[9.1544596,45.4190076],[9.1545025,45.4191055],[9.1552214,45.4197908],[9.1555861,45.4201146],[9.1559187,45.4202878],[9.1562728,45.4203857],[9.1567449,45.4204459],[9.1569594,45.4205288],[9.157174,45.4206794],[9.1576032,45.421071],[9.1580967,45.4208074],[9.158973,45.4203715],[9.1592018,45.4202577],[9.1594378,45.4203179],[9.1604141,45.4200769],[9.1604785,45.4197908],[9.1598026,45.4196627],[9.1597489,45.4195573],[9.1597704,45.4194669],[9.1601995,45.4186837],[9.1595766,45.41853],[9.1592232,45.4184428],[9.1590837,45.4183524],[9.1590516,45.4182545],[9.1590837,45.4172453],[9.1587726,45.4172228],[9.1579679,45.4173884],[9.1577212,45.4174261],[9.157571,45.4173809],[9.1573671,45.4172453],[9.1571633,45.4171173],[9.1569487,45.4171023],[9.1567341,45.4171474],[9.1558114,45.4174261],[9.1547815,45.4175616],[9.1547772,45.417561]]],[[[8.9819927,45.3651466],[8.9821811,45.3651512],[8.9824173,45.3651512],[8.9825977,45.3651377],[8.9828614,45.3638281],[8.9829749,45.363306],[8.9829478,45.3630135],[8.9833328,45.3619649],[8.9836537,45.3614024],[8.9838855,45.3610929],[8.9840178,45.3609163],[8.9839108,45.3608443],[8.9832948,45.3607317],[8.9840728,45.358135],[8.982603,45.3579412],[8.9800402,45.3570767],[8.9804281,45.3567347],[8.9805192,45.3562847],[8.9806469,45.3560822],[8.9806327,45.3557176],[8.9803647,45.355479],[8.9782823,45.3547811],[8.977719,45.354655],[8.9772085,45.3544028],[8.9740235,45.353556],[8.9740345,45.3535436],[8.9749288,45.3525436],[8.9756756,45.3527328],[8.9769993,45.3506403],[8.9767695,45.3505907],[8.9794578,45.3476883],[8.9795934,45.3476388],[8.9811705,45.3456318],[8.981485,45.3451323],[8.9816446,45.3449793],[8.9830106,45.3444979],[8.9844706,45.344174],[8.9854136,45.3440166],[8.9863854,45.3437242],[8.9868944,45.3434677],[8.988163,45.3430223],[8.98864,45.3429053],[8.9888545,45.3428008],[8.9908694,45.3401736],[8.9910625,45.3401331],[8.9912571,45.3401917],[8.992168,45.3406103],[8.9928238,45.3403763],[8.9929739,45.3392466],[8.9942821,45.3393277],[8.9952491,45.337487],[8.9942951,45.3373384],[8.9951934,45.3354707],[8.9941261,45.3352906],[8.9940464,45.3351511],[8.9940081,45.3350521],[8.993989,45.3349576],[8.993973,45.3348541],[8.9939699,45.3347596],[8.9939747,45.334629],[8.993997,45.3345165],[8.9940177,45.334413],[8.9940544,45.3342825],[8.9940943,45.33417],[8.9941486,45.3340935],[8.9942539,45.3339945],[8.9942664,45.3339872],[8.9943544,45.333936],[8.9944198,45.3339],[8.9945075,45.333855],[8.9945953,45.3338235],[8.9947054,45.333801],[8.9948346,45.3337875],[8.9949782,45.333783],[8.9951233,45.3337785],[8.9951951,45.3337785],[8.9953913,45.3338055],[8.9955126,45.3338145],[8.9957024,45.3338145],[8.9957933,45.33381],[8.9958747,45.333792],[8.9959592,45.333747],[8.996031,45.3336975],[8.9961619,45.333576],[8.9962432,45.333531],[8.9963501,45.3334725],[8.9964442,45.333396],[8.9965543,45.3333329],[8.9963055,45.3331034],[8.9957456,45.3326488],[8.995141,45.3320187],[8.9945014,45.3314696],[8.9943403,45.3313706],[8.9937708,45.3310375],[8.9934486,45.330817],[8.9931775,45.3306324],[8.992876,45.3303354],[8.9929096,45.3295478],[8.9931713,45.3286746],[8.9934362,45.327851],[8.993701,45.3271175],[8.993942,45.3263299],[8.9948751,45.3264739],[8.9949868,45.3259788],[8.994336,45.3258573],[8.9932354,45.3256547],[8.9921221,45.3254611],[8.991079,45.3252855],[8.9913997,45.3244619],[8.9916838,45.3235843],[8.9919454,45.3228507],[8.9923662,45.3211967],[8.9945891,45.3214856],[8.994944,45.3199226],[8.9960648,45.3209471],[8.9968307,45.3210128],[8.9979141,45.3173087],[8.9981009,45.3173613],[8.9982504,45.3174926],[8.9983251,45.3176765],[8.9983998,45.3183727],[8.9989602,45.3185172],[9.0002118,45.3192921],[9.0006414,45.3196336],[9.0020798,45.320934],[9.002472,45.3203035],[9.0034247,45.3199751],[9.0041719,45.3201065],[9.0039104,45.3204874],[9.0036115,45.320842],[9.0075717,45.3219979],[9.0085243,45.3223656],[9.0106539,45.3230486],[9.0120175,45.3235083],[9.0132954,45.3236856],[9.0129376,45.3250233],[9.0102544,45.3247489],[9.0101568,45.325069],[9.0100105,45.3255149],[9.0096202,45.3254463],[9.009425,45.3258351],[9.010043,45.3259265],[9.009734,45.3272185],[9.0095877,45.3271842],[9.0087258,45.3272185],[9.0069045,45.3268069],[9.0053758,45.3264982],[9.0050994,45.3272985],[9.0072785,45.327733],[9.0070996,45.3284647],[9.0092624,45.3287734],[9.0091161,45.329265],[9.0121083,45.3293107],[9.0119944,45.3301224],[9.0136206,45.3301224],[9.0139621,45.3293336],[9.0146614,45.3294136],[9.0153932,45.3294022],[9.0153606,45.3295393],[9.0158973,45.3295622],[9.015881,45.3299966],[9.0165477,45.3300195],[9.0164664,45.3302482],[9.0163851,45.330694],[9.0170031,45.3307855],[9.0166616,45.3321116],[9.0182065,45.3322945],[9.0180764,45.3328547],[9.0179625,45.3328547],[9.0180438,45.3334949],[9.0174909,45.3337121],[9.0184179,45.3338721],[9.019979,45.3339636],[9.0222231,45.3340893],[9.0225809,45.334055],[9.0232151,45.3341008],[9.0239632,45.3315171],[9.0248738,45.33138],[9.0256056,45.3302482],[9.0239957,45.3296765],[9.0248738,45.3283732],[9.0246787,45.3283503],[9.0196863,45.3292307],[9.0195887,45.3290363],[9.0194911,45.3287391],[9.0195562,45.3284647],[9.019979,45.327813],[9.0200603,45.3276186],[9.0201254,45.3273214],[9.0200115,45.3256293],[9.0199465,45.3246574],[9.0198652,45.3239943],[9.0197188,45.3236284],[9.0197188,45.3233997],[9.0199302,45.3231825],[9.0203368,45.3228395],[9.0204669,45.3229195],[9.0216377,45.3219591],[9.0224996,45.3213187],[9.0274107,45.3237542],[9.0291507,45.3217875],[9.0313623,45.3193749],[9.0315249,45.3192491],[9.0316713,45.3192377],[9.0318502,45.3191919],[9.0319803,45.3190319],[9.0319965,45.3188718],[9.0319152,45.3187689],[9.0317201,45.3187117],[9.0315249,45.3186088],[9.0313623,45.3184601],[9.030972,45.31822],[9.028549,45.3167563],[9.0291019,45.3164476],[9.0294434,45.3161617],[9.0298662,45.31567],[9.0303703,45.315304],[9.0309395,45.3149267],[9.0322242,45.3136802],[9.0327116,45.3132256],[9.0329722,45.3129826],[9.0331023,45.3126967],[9.0333788,45.3126166],[9.0337365,45.3125251],[9.0337528,45.3122736],[9.0339967,45.3119419],[9.0342081,45.3114845],[9.0344195,45.3107297],[9.0345171,45.310032],[9.0344683,45.3098834],[9.033948,45.3092658],[9.0338341,45.3091171],[9.0338666,45.3086368],[9.0336227,45.3083051],[9.0334276,45.307333],[9.0338341,45.3066696],[9.0356717,45.304508],[9.0360783,45.3039246],[9.0369239,45.3029524],[9.0352977,45.3023462],[9.0340293,45.3032956],[9.0335414,45.3037759],[9.0322405,45.302941],[9.0314761,45.3037531],[9.0298174,45.3053658],[9.0305492,45.3058004],[9.0296223,45.3066582],[9.0289393,45.3070585],[9.02824,45.3069784],[9.0259959,45.3058233],[9.0258821,45.3056517],[9.0254593,45.3053543],[9.0247763,45.3050455],[9.0249551,45.3047825],[9.0252804,45.3038789],[9.0255568,45.3033527],[9.0261423,45.302655],[9.0267927,45.3020374],[9.0270529,45.30174],[9.0271668,45.3014426],[9.0272318,45.3011681],[9.0272481,45.3007906],[9.0273456,45.3004246],[9.0280612,45.2989719],[9.028484,45.298297],[9.0290857,45.2976221],[9.0296711,45.2969472],[9.0297524,45.2966841],[9.0304517,45.297176],[9.0317038,45.2978509],[9.0328909,45.2983885],[9.0333463,45.2986287],[9.0342895,45.2990062],[9.0344195,45.2991435],[9.0357368,45.3001958],[9.037054,45.3011338],[9.0382899,45.3018772],[9.0393469,45.3025063],[9.0396233,45.3026436],[9.0399323,45.3027008],[9.0401763,45.3026893],[9.0408918,45.3025635],[9.0410707,45.3026207],[9.0450548,45.301923],[9.0454614,45.3013168],[9.0486975,45.3018201],[9.050405,45.3020946],[9.0513644,45.3022661],[9.0521125,45.3023691],[9.0526003,45.3024148],[9.0526166,45.302575],[9.0523889,45.302655],[9.0521287,45.302655],[9.0511693,45.3032269],[9.0507139,45.3034786],[9.0502424,45.3036044],[9.0496732,45.3039704],[9.0492829,45.3041534],[9.0487625,45.3043593],[9.0490715,45.3044508],[9.0505676,45.3048854],[9.0513482,45.3051027],[9.0516246,45.3051027],[9.0516734,45.3052171],[9.0516246,45.3053772],[9.0516897,45.3055716],[9.0519173,45.3057089],[9.0524214,45.3057318],[9.0532345,45.3055602],[9.0536573,45.3056288],[9.0544867,45.3064637],[9.0547957,45.3059948],[9.0554462,45.3054573],[9.0558364,45.3044965],[9.0563568,45.3037073],[9.0563893,45.3035586],[9.0566007,45.30349],[9.0568121,45.3035357],[9.0588449,45.3039132],[9.0601296,45.3041991],[9.061024,45.3042563],[9.0625851,45.3044965],[9.0642438,45.3047825],[9.0650732,45.3049197],[9.0662603,45.3051942],[9.0670083,45.3051141],[9.0721796,45.306052],[9.0721146,45.3064866],[9.0714478,45.3082365],[9.0706347,45.3109813],[9.0694964,45.314778],[9.070277,45.3148123],[9.0713015,45.3149495],[9.0715779,45.3147094],[9.0728951,45.314778],[9.0747653,45.3151325],[9.0765866,45.3153155],[9.0788958,45.3155899],[9.0790909,45.3153726],[9.0807334,45.3154756],[9.0813351,45.3152354],[9.0778225,45.3113129],[9.0768305,45.3103751],[9.0771395,45.3087855],[9.0773184,45.3081221],[9.0748628,45.3080421],[9.0744725,45.3073101],[9.0739684,45.3062922],[9.0755296,45.3065324],[9.0762288,45.304954],[9.0763752,45.3047024],[9.0776761,45.3049083],[9.0786356,45.304954],[9.079595,45.3049083],[9.0797251,45.3044736],[9.0798552,45.3035014],[9.0800504,45.3030096],[9.0805382,45.3029867],[9.0811562,45.3031011],[9.0817741,45.3031354],[9.0823108,45.3032612],[9.0831564,45.3033871],[9.0854005,45.3035815],[9.0849615,45.3044736],[9.0853355,45.3043593],[9.0858396,45.3043593],[9.0888318,45.3048396],[9.0886692,45.3054916],[9.0891408,45.3055945],[9.0901002,45.3056975],[9.0933526,45.3061664],[9.0943771,45.3063494],[9.0945234,45.3060406],[9.0946698,45.3052971],[9.09493,45.3044736],[9.0964911,45.3047481],[9.096979,45.3033527],[9.1001988,45.3040161],[9.1040041,45.3039018],[9.1040041,45.3055373],[9.1038252,45.3076532],[9.1048497,45.3070699],[9.1050774,45.3071271],[9.1055002,45.3069784],[9.1078744,45.3065896],[9.1095006,45.3068641],[9.1102024,45.3071803],[9.1101731,45.3072693],[9.110704,45.3072987],[9.1111431,45.3073673],[9.1120212,45.3071614],[9.113501,45.3065324],[9.1140052,45.3068297],[9.1144117,45.3068526],[9.1146882,45.3068069],[9.1156639,45.3063837],[9.1156801,45.3065324],[9.1154199,45.3072415],[9.1161843,45.3073558],[9.1158915,45.3081221],[9.115111,45.3080992],[9.114867,45.3091171],[9.1160216,45.3093687],[9.1163306,45.3082708],[9.1173063,45.308408],[9.1169811,45.3094717],[9.1188024,45.3097233],[9.1189976,45.3096775],[9.1193065,45.3095631],[9.1198432,45.3095631],[9.1200058,45.3094717],[9.1202172,45.3091629],[9.1203636,45.3087855],[9.1209002,45.3083737],[9.1212905,45.3079391],[9.1216808,45.3074702],[9.121941,45.3073215],[9.1223475,45.30723],[9.1226727,45.3070127],[9.122770300000001,45.3068526],[9.1229004,45.3065324],[9.1235346,45.3062121],[9.1239249,45.3062808],[9.1257625,45.3064752],[9.12573,45.3069899],[9.1257788,45.3074931],[9.1252746,45.3082594],[9.1251933,45.3085224],[9.1265593,45.3087054],[9.1274375,45.3088998],[9.1273236,45.3092544],[9.1269334,45.3100892],[9.1284457,45.3103408],[9.1295515,45.3105924],[9.13095,45.3107754],[9.1312427,45.3099863],[9.1303158,45.3097919],[9.1308199,45.3082822],[9.1313891,45.3084538],[9.1321372,45.3085338],[9.1322998,45.3083165],[9.1351944,45.3087168],[9.1357798,45.3068183],[9.135731,45.3061893],[9.1359587,45.3058004],[9.1365604,45.3058804],[9.1370808,45.3057089],[9.1372759,45.3029982],[9.1389509,45.3031011],[9.1387883,45.3044851],[9.1414715,45.3046452],[9.1413088,45.3054801],[9.1412275,45.3056288],[9.1408535,45.305869],[9.1405771,45.3059491],[9.1399754,45.3059033],[9.1398128,45.3063608],[9.1397477,45.3070356],[9.1388208,45.306967],[9.1384793,45.3074473],[9.1382679,45.3082251],[9.1389671,45.3083051],[9.139829,45.3085224],[9.13952,45.309323],[9.140886,45.3095975],[9.1414877,45.308145],[9.1420406,45.3082937],[9.1427399,45.3083966],[9.1430651,45.3078476],[9.1434554,45.3073101],[9.1437969,45.3072758],[9.1445287,45.3072529],[9.1445612,45.3069327],[9.1449352,45.3056517],[9.1455369,45.304954],[9.1467241,45.3053658],[9.1469842,45.3048053],[9.1472444,45.3043021],[9.1482852,45.3047481],[9.1484966,45.3039361],[9.1487405,45.3034442],[9.1495374,45.3013625],[9.1511635,45.3012825],[9.1512123,45.3006877],[9.1517164,45.2985372],[9.1527247,45.29538],[9.1533589,45.2955173],[9.1542858,45.2956202],[9.1545785,45.2955974],[9.1555217,45.2957461],[9.1568715,45.2959405],[9.1575219,45.2959634],[9.1577171,45.2971874],[9.1576683,45.298011],[9.1585952,45.2980568],[9.158579,45.2983427],[9.1584489,45.2985258],[9.1584651,45.2991663],[9.1592132,45.2992235],[9.1593921,45.298011],[9.1593921,45.297542],[9.1605629,45.297542],[9.1616687,45.2976564],[9.1618151,45.2976564],[9.1625794,45.2972904],[9.1629371,45.2971989],[9.1641568,45.2972446],[9.1651162,45.2973476],[9.1651,45.2975306],[9.1648723,45.2979996],[9.1647259,45.2987088],[9.166905,45.2992235],[9.1677507,45.2993265],[9.168954,45.2995324],[9.1690028,45.2992578],[9.1705802,45.2994752],[9.170938,45.2987431],[9.1711006,45.2980682],[9.1719625,45.2982398],[9.1735724,45.2984571],[9.1746782,45.2986859],[9.1761093,45.2988689],[9.1767597,45.2990863],[9.1772476,45.2991435],[9.1778005,45.299132],[9.1785648,45.299315],[9.1788738,45.2988003],[9.1792803,45.2983999],[9.1791502,45.2979309],[9.179573,45.298011],[9.1806463,45.2982284],[9.1812318,45.2972446],[9.181557,45.2968099],[9.1819798,45.2961464],[9.1825164,45.2963524],[9.1829718,45.2966841],[9.1832157,45.296318],[9.1835897,45.2955859],[9.1849232,45.2936869],[9.1852322,45.2933209],[9.185346,45.292623],[9.1869722,45.2919595],[9.1882081,45.2922455],[9.18907,45.292337],[9.1900945,45.2920281],[9.1913466,45.2917765],[9.1925338,45.2914447],[9.1935908,45.2917078],[9.1939323,45.2917078],[9.1945014,45.29101],[9.1941112,45.2905638],[9.1944689,45.2896257],[9.195217,45.2892138],[9.195591,45.2892024],[9.1959,45.2892825],[9.1959487,45.2895799],[9.1956235,45.2899803],[9.1955422,45.2905981],[9.195282,45.29101],[9.1951682,45.2912273],[9.195591,45.2913417],[9.1968432,45.2918909],[9.1972334,45.2918451],[9.1974123,45.2914676],[9.1975587,45.2913303],[9.1985019,45.2913074],[9.1989572,45.2907697],[9.2001443,45.2908269],[9.2016567,45.2906553],[9.2020795,45.2906553],[9.2026486,45.2904608],[9.2031853,45.2908155],[9.2023884,45.2909184],[9.2017542,45.2909528],[9.2009411,45.2912845],[9.1999654,45.2919595],[9.1994938,45.2919252],[9.197949,45.2922684],[9.196957,45.2932522],[9.1970708,45.2937098],[9.1969245,45.2938242],[9.1966968,45.2938929],[9.1962089,45.2938128],[9.1952495,45.2936297],[9.1946966,45.2935725],[9.1944039,45.2936984],[9.1940461,45.2941903],[9.1936558,45.2949453],[9.1931354,45.2955287],[9.1926313,45.2962494],[9.1920784,45.2972789],[9.1917694,45.2975878],[9.1912491,45.2979081],[9.1901758,45.2983199],[9.1896229,45.2988689],[9.1889074,45.3002988],[9.1888586,45.3009736],[9.1882569,45.3017629],[9.1879316,45.3019916],[9.1869722,45.3033985],[9.1867933,45.3037759],[9.186712,45.3041763],[9.1861266,45.3055488],[9.186029,45.3057546],[9.1858013,45.3059948],[9.1851183,45.3065095],[9.184598,45.3068755],[9.1844028,45.3071157],[9.1844516,45.3072758],[9.1846305,45.3074588],[9.1845654,45.3076418],[9.1841426,45.3078819],[9.1839637,45.3081564],[9.1837361,45.3083165],[9.1840613,45.3090142],[9.1848094,45.3104209],[9.1856225,45.311839],[9.1849882,45.3120334],[9.182614,45.3127653],[9.1786786,45.3140004],[9.1774753,45.3143434],[9.1780932,45.3165848],[9.1796056,45.3202668],[9.1797357,45.3206098],[9.1801747,45.3236513],[9.1826465,45.3240286],[9.1831344,45.3253091],[9.1830693,45.3262124],[9.1830368,45.326704],[9.1830531,45.3272871],[9.1830856,45.3280874],[9.1830856,45.3285447],[9.183232,45.3289106],[9.18398,45.3299395],[9.1842077,45.3303396],[9.1862729,45.3304768],[9.1877528,45.3305683],[9.1884845,45.3305911],[9.1891025,45.3306026],[9.1895904,45.3305568],[9.1900619,45.3304768],[9.1904685,45.3303625],[9.1909401,45.3302253],[9.1913141,45.3301681],[9.1916881,45.3301681],[9.1919483,45.3301224],[9.192176,45.3299966],[9.1923061,45.3298366],[9.1924037,45.3295965],[9.1925988,45.3292993],[9.1928102,45.3291506],[9.1935908,45.3287162],[9.1949242,45.3279845],[9.1942575,45.3267497],[9.1922736,45.3232968],[9.1905173,45.3201982],[9.1886146,45.3169278],[9.18572,45.3119305],[9.1861591,45.3118619],[9.1878503,45.3120791],[9.1910214,45.3123422],[9.1919158,45.3123765],[9.1921597,45.3125023],[9.1923061,45.3126853],[9.1921923,45.3130055],[9.192241,45.3136573],[9.1920296,45.314515],[9.1918345,45.3148123],[9.1931029,45.3149495],[9.1948429,45.3152125],[9.1950543,45.3151668],[9.1951357,45.3152468],[9.1953308,45.3153269],[9.195591,45.315567],[9.196274,45.3155899],[9.1963857,45.31566],[9.1967293,45.3158758],[9.1968753,45.3165496],[9.1969715,45.3170136],[9.1975596,45.3178816],[9.1977174,45.3181096],[9.197757,45.3181651],[9.1977342,45.3182017],[9.1976375,45.3181956],[9.1961109,45.3181171],[9.1960353,45.3184376],[9.1960123,45.3186726],[9.1960843,45.3188847],[9.1934769,45.3191691],[9.1930379,45.320484],[9.1930053,45.32093],[9.1949893,45.3213302],[9.1952007,45.3214903],[9.1950056,45.321879],[9.1950543,45.3222906],[9.1958187,45.3223935],[9.1967765,45.322649],[9.1981766,45.3230224],[9.198697,45.3225079],[9.1990416,45.3222106],[9.1993963,45.3219362],[9.1996402,45.3226222],[9.2000142,45.3233769],[9.2002744,45.3237427],[9.2005509,45.324726],[9.2009737,45.3251719],[9.2009899,45.3252748],[9.2007623,45.3253663],[9.2005834,45.3255035],[9.2006484,45.3256979],[9.2008436,45.3258008],[9.2011038,45.3258465],[9.2012664,45.3260066],[9.2014615,45.3276872],[9.2015591,45.329848],[9.2016729,45.3317686],[9.2015916,45.3340779],[9.2015929,45.3348641],[9.2017416,45.3348641],[9.2017361,45.3354052],[9.2019405,45.3354007],[9.2026161,45.3347295],[9.2030552,45.3345123],[9.2035918,45.3342722],[9.203787,45.3341693],[9.2043236,45.333975],[9.2049416,45.3337121],[9.2068605,45.3327975],[9.2082915,45.3323403],[9.2089095,45.3322488],[9.209251,45.3322259],[9.2094624,45.3321688],[9.2104218,45.3319744],[9.2107796,45.3319058],[9.2110723,45.3317115],[9.2114626,45.3316429],[9.211739,45.3312999],[9.2119016,45.3312885],[9.2124383,45.331037],[9.2129587,45.3307855],[9.2152028,45.3293107],[9.2160159,45.3287048],[9.2165038,45.328316],[9.2182275,45.3264639],[9.2185365,45.3263496],[9.2191057,45.3258122],[9.2195773,45.3257322],[9.2201464,45.3258008],[9.2212034,45.3258694],[9.2230898,45.3262238],[9.2233663,45.3257436],[9.2237403,45.3257893],[9.2238216,45.3257207],[9.2244883,45.325938],[9.2249111,45.3258465],[9.2252852,45.3259723],[9.2260007,45.326281],[9.2272366,45.3267497],[9.2277732,45.3270356],[9.2279684,45.32739],[9.2281473,45.3280302],[9.2303264,45.3293336],[9.2295946,45.3298023],[9.2304402,45.3304539],[9.231172,45.3307969],[9.230928,45.3311056],[9.2304564,45.3315743],[9.2300174,45.3317801],[9.2295133,45.3322488],[9.2287652,45.3328318],[9.2295458,45.3332434],[9.2302938,45.3335177],[9.2304727,45.3337121],[9.2307492,45.3335635],[9.2315785,45.3335063],[9.2321639,45.3334606],[9.2328632,45.3330948],[9.2336112,45.3324317],[9.2341154,45.3320659],[9.2342129,45.3316315],[9.2341642,45.3313114],[9.2342617,45.3310713],[9.2346683,45.3308655],[9.2363758,45.3297337],[9.2373677,45.3292307],[9.2378393,45.3285333],[9.2386524,45.328156],[9.2391891,45.3280988],[9.2395306,45.3280074],[9.2404738,45.3280302],[9.2409454,45.3274129],[9.2412381,45.3271499],[9.2416771,45.3268755],[9.2418398,45.3267726],[9.2418398,45.3264639],[9.2423114,45.3261323],[9.2427992,45.3258122],[9.2430919,45.3256178],[9.2433846,45.3251491],[9.2436773,45.3248975],[9.2441489,45.324726],[9.2447181,45.3247832],[9.2451084,45.3248861],[9.24558,45.324566],[9.245954,45.3244631],[9.2467996,45.3244402],[9.2472712,45.3245088],[9.2478241,45.3248404],[9.2474501,45.325252],[9.2467346,45.3260637],[9.2454824,45.3279045],[9.2466695,45.3283732],[9.2470598,45.3280188],[9.2482632,45.3266583],[9.2522636,45.3280988],[9.2535971,45.328579],[9.2557762,45.3258922],[9.2568169,45.3258465],[9.2580203,45.3254692],[9.260362,45.3244059],[9.263403,45.3257207],[9.2621508,45.3271842],[9.2635331,45.3279616],[9.2673546,45.3262238],[9.2706721,45.3245545],[9.271306299999999,45.3248861],[9.274331,45.3265782],[9.2748188,45.3261209],[9.2757458,45.3256407],[9.2745424,45.3248404],[9.2738269,45.3244745],[9.274705,45.3236284],[9.2767377,45.3248289],[9.2774207,45.3243716],[9.2776972,45.3246003],[9.2785103,45.3248975],[9.278055,45.3255149],[9.2780224,45.3259608],[9.2776647,45.3261781],[9.277437,45.3267383],[9.2771605,45.327047],[9.2767703,45.3272299],[9.2795998,45.3283846],[9.2807056,45.3271385],[9.2820228,45.3277101],[9.2808845,45.3290477],[9.2821042,45.3296765],[9.2817952,45.3301224],[9.2825595,45.3299052],[9.2833726,45.3297451],[9.2834051,45.3303625],[9.2822343,45.3307169],[9.2814862,45.3308541],[9.2825758,45.3317915],[9.2827221,45.3314943],[9.2831612,45.3310713],[9.2842019,45.3314714],[9.2846085,45.3312085],[9.2855192,45.3316315],[9.2861371,45.3312771],[9.28669,45.3311284],[9.2870803,45.3308541],[9.2872266,45.3306254],[9.2871779,45.3300538],[9.2878283,45.3295279],[9.2883325,45.3293907],[9.2886252,45.3291392],[9.2887878,45.3289334],[9.2890805,45.328842],[9.2895684,45.3288991],[9.2911945,45.3288877],[9.2923329,45.3290134],[9.2925605,45.3289448],[9.292902,45.329002],[9.2955365,45.3289448],[9.2961869,45.3289791],[9.296317,45.3290363],[9.2968699,45.3289677],[9.2973253,45.3290363],[9.2979107,45.3295165],[9.2985287,45.3296194],[9.2992767,45.329688],[9.2995369,45.3296079],[9.2998296,45.3294593],[9.300041,45.3291049],[9.2999434,45.3288991],[9.299976,45.328579],[9.3006427,45.32739],[9.3009679,45.3271156],[9.302773,45.3273786],[9.3031958,45.3266354],[9.3043341,45.3269441],[9.305196,45.3255378],[9.3056188,45.3257093],[9.3058302,45.3260523],[9.3063018,45.3261895],[9.3077654,45.3265211],[9.3079443,45.3266583],[9.3081069,45.3270127],[9.3081394,45.3273214],[9.3083671,45.3274014],[9.3091964,45.3276872],[9.3095054,45.3276644],[9.3098144,45.3274586],[9.3114568,45.3262238],[9.3120097,45.3259265],[9.3130017,45.325938],[9.3131481,45.3258694],[9.3132456,45.3256178],[9.3134408,45.3252748],[9.3151158,45.3260523],[9.3153109,45.3257779],[9.3173274,45.3267497],[9.3188885,45.3259037],[9.3184982,45.325675],[9.3183519,45.3254692],[9.3178315,45.3252291],[9.3161565,45.3244402],[9.3157337,45.3244173],[9.3147092,45.3240286],[9.315376,45.3235255],[9.3171485,45.322405],[9.3190837,45.3231939],[9.3193764,45.3228395],[9.3197179,45.3223135],[9.3196203,45.3221077],[9.3204984,45.320747],[9.3208887,45.3199009],[9.3213441,45.3202096],[9.3221897,45.3210329],[9.3218319,45.3214903],[9.3234256,45.3223935],[9.3242875,45.3227937],[9.3257673,45.3206327],[9.3254908,45.3205298],[9.324629,45.3202439],[9.3250355,45.3196722],[9.3241086,45.3194321],[9.3247591,45.3182314],[9.3253445,45.3173395],[9.3256372,45.3166191],[9.3248892,45.3163675],[9.325312,45.3156013],[9.3255721,45.315487],[9.3257998,45.3153383],[9.3258811,45.3151325],[9.3290522,45.3161845],[9.330223,45.3144921],[9.3306946,45.3136344],[9.3313126,45.3128682],[9.3319956,45.3118275],[9.3320932,45.3117818],[9.3326623,45.3121249],[9.3332965,45.3125709],[9.3337031,45.3120105],[9.3385003,45.3141605],[9.3390532,45.3132799],[9.3393297,45.3132799],[9.3400127,45.31336],[9.3459483,45.3167449],[9.3468589,45.3157843],[9.350339,45.3174538],[9.351022,45.3167906],[9.351705,45.3158529],[9.3544695,45.3167906],[9.3542744,45.3170422],[9.3539654,45.3174081],[9.3537215,45.3176025],[9.3528433,45.318037],[9.3517538,45.3191805],[9.3527295,45.3194892],[9.3525343,45.3199924],[9.3536551,45.3203323],[9.3538678,45.3211358],[9.3546646,45.3212158],[9.3557379,45.3211701],[9.3558355,45.3214903],[9.3555916,45.3218904],[9.3551688,45.3223249],[9.3548598,45.3225422],[9.3542906,45.3227823],[9.3538678,45.3230796],[9.3520953,45.3236513],[9.3510708,45.3238342],[9.3505992,45.3240286],[9.3486152,45.3243259],[9.3483713,45.3244859],[9.34829,45.3251491],[9.3483063,45.3260294],[9.347916,45.3265554],[9.346241,45.3272985],[9.3454929,45.327733],[9.3450701,45.3280645],[9.344875,45.3283618],[9.3449075,45.3287848],[9.3453466,45.3291621],[9.3460133,45.3293107],[9.3476395,45.329265],[9.3486965,45.3291735],[9.3493958,45.3292878],[9.349965,45.329505],[9.3501764,45.3296651],[9.3502577,45.3300995],[9.3502414,45.3310484],[9.3503227,45.3323517],[9.3505504,45.3328204],[9.3508268,45.3330605],[9.3507781,45.3331976],[9.3505016,45.333392],[9.3501926,45.3334148],[9.3495747,45.333392],[9.3481762,45.3330719],[9.3478347,45.3330948],[9.3475419,45.3332319],[9.3472818,45.3334148],[9.3465662,45.3342379],[9.3462085,45.3344551],[9.3455905,45.3347409],[9.3448262,45.3346952],[9.3434602,45.3342951],[9.3424195,45.3343522],[9.3419316,45.3344208],[9.3412649,45.3347409],[9.3406469,45.3354497],[9.3404355,45.3358612],[9.3403542,45.3363184],[9.3404192,45.3368786],[9.3405006,45.3371186],[9.3406794,45.3375987],[9.3408258,45.337793],[9.3412161,45.338056],[9.3415576,45.3382046],[9.3419641,45.3382389],[9.3434439,45.338296],[9.3437692,45.3384446],[9.3440131,45.3386961],[9.3441107,45.3389818],[9.3440944,45.3392676],[9.3439969,45.3395419],[9.3438505,45.3397934],[9.3433789,45.3400906],[9.3430211,45.3401363],[9.3458507,45.341085],[9.3460296,45.340925],[9.3461922,45.3408336],[9.3475907,45.3406278],[9.3491356,45.3407307],[9.3497048,45.340605],[9.3492494,45.3413137],[9.3489892,45.3418509],[9.3490706,45.342022299999996],[9.3490706,45.3421481],[9.3486965,45.3426167],[9.3485502,45.3430853],[9.3508106,45.3434853],[9.3507293,45.3437025],[9.3535685,45.3442034],[9.3541113,45.3442993],[9.3546484,45.3424795],[9.3562258,45.342651],[9.3560469,45.3438282],[9.356242,45.343874],[9.3563071,45.3439768],[9.3562258,45.3443654],[9.3562908,45.3444111],[9.3567136,45.3444454],[9.3564697,45.3453598],[9.357608,45.3454741],[9.3577707,45.3455998],[9.3603726,45.3459884],[9.3620801,45.3462056],[9.3623077,45.3463199],[9.3615272,45.3471085],[9.3611369,45.3475313],[9.3607954,45.3479885],[9.3605027,45.3486056],[9.3606002,45.3486971],[9.3609905,45.3487428],[9.3607844,45.3494165],[9.3606653,45.3498056],[9.3614296,45.3499428],[9.3614946,45.3500228],[9.3608279,45.3519313],[9.3607303,45.3522627],[9.360584,45.3529027],[9.3603806,45.3543548],[9.3611745,45.3544076],[9.3609385,45.3558476],[9.3606059,45.357853],[9.360563,45.3581093],[9.3605415,45.3583581],[9.3604128,45.3584108],[9.3601768,45.3583882],[9.3595759,45.3582827],[9.3593721,45.3582299],[9.3591897,45.3582299],[9.359018,45.358343],[9.3589108,45.3585691],[9.3588464,45.3586521],[9.3586747,45.3586671],[9.3576877,45.3584862],[9.3575804,45.3584711],[9.3574409,45.3585541],[9.3569903,45.3595416],[9.3569796,45.3596698],[9.3568294,45.360092],[9.3567757,45.3604463],[9.3566041,45.3617278],[9.3565504,45.3620067],[9.3565504,45.3623233],[9.3565397,45.362753],[9.3564968,45.3632958],[9.3564646,45.3637255],[9.356368,45.3637255],[9.3534712,45.3630696],[9.3532245,45.3654592],[9.354469,45.3655195],[9.3540184,45.3669743],[9.3533425,45.3668838],[9.3531494,45.367713],[9.3524735,45.3676451],[9.3523662,45.3687908],[9.3521194,45.3689265],[9.3510787,45.3689039],[9.3502419,45.3689341],[9.3504779,45.3695747],[9.350553,45.3697933],[9.3505852,45.3699516],[9.3506174,45.3701928],[9.3506174,45.3706073],[9.3505852,45.3707882],[9.3505852,45.3708937],[9.3507568,45.3709465],[9.351186,45.3709767],[9.3511538,45.3728911],[9.351068,45.3755967],[9.3510036,45.3755967],[9.35095,45.3766895],[9.3515079,45.3766368],[9.3515293,45.3764107],[9.3516259,45.3763202],[9.3519907,45.3763127],[9.3525271,45.376162],[9.3531279,45.3761695],[9.3536751,45.375951],[9.3542008,45.3756721],[9.3543081,45.3764785],[9.3555741,45.376486],[9.3555955,45.3772924],[9.3564924,45.377337],[9.3579833,45.3773045],[9.3589269,45.3773439],[9.3599085,45.3774055],[9.3608634,45.3773075],[9.3610887,45.3771794],[9.3623118,45.3765539],[9.3624505,45.3764818],[9.3631379,45.3761243],[9.3636207,45.3758379],[9.3639211,45.3756344],[9.3637065,45.3754536],[9.3635993,45.3749109],[9.3638997,45.3746471],[9.3638031,45.3737277],[9.3638246,45.3734186],[9.3639211,45.3729664],[9.3639748,45.3726197],[9.363964,45.3723559],[9.3638889,45.3720771],[9.3638246,45.3715721],[9.3638675,45.3711123],[9.3639748,45.3711349],[9.3642644,45.3701702],[9.3640928,45.3701325],[9.3644146,45.3690622],[9.3643503,45.3687305],[9.364243,45.3686778],[9.3626873,45.368414],[9.3628804,45.36812],[9.3634812,45.366424],[9.3636314,45.3661602],[9.3638138,45.3658889],[9.3639104,45.3658285],[9.3640713,45.3657758],[9.3642108,45.3656552],[9.3642859,45.3655873],[9.3645219,45.36561],[9.369661,45.3668914],[9.3696825,45.3669291],[9.3714635,45.3673436],[9.3718605,45.3674944],[9.3724935,45.3677205],[9.3738775,45.3680672],[9.3753044,45.3683914],[9.3782763,45.3690923],[9.3781261,45.3700797],[9.3777291,45.3700722],[9.3768816,45.3702531],[9.3767206,45.370238],[9.3764095,45.3726348],[9.3764739,45.3726876],[9.3767528,45.3727328],[9.3775575,45.3729363],[9.3774824,45.3731398],[9.377536,45.3732754],[9.3779008,45.3734865],[9.3783085,45.3735317],[9.3787698,45.3739161],[9.3792312,45.3752802],[9.3792312,45.3757324],[9.3791132,45.3762298],[9.3788771,45.3767272],[9.3784158,45.3770588],[9.3755405,45.3789052],[9.3726866,45.3798924],[9.3724291,45.3802014],[9.3723969,45.3804576],[9.3724291,45.3806837],[9.3730406,45.3819874],[9.3729763,45.3850845],[9.3731694,45.3859359],[9.3732659,45.3860414],[9.3730406,45.3864634],[9.3730514,45.3866819],[9.3746821,45.3867497],[9.3751006,45.3868477],[9.3754975,45.3868627],[9.3760447,45.3872546],[9.3760125,45.3874655],[9.3773,45.3879855],[9.377418,45.3879779],[9.3776326,45.3872395],[9.3777077,45.3872169],[9.3800036,45.3876162],[9.3802933,45.3877067],[9.3806152,45.387993],[9.3813555,45.3881286],[9.3815593,45.3883471],[9.3817417,45.3890705],[9.3820636,45.3894472],[9.382128,45.3904041],[9.3824498,45.3904945],[9.3825357,45.3905925],[9.3823854,45.3913459],[9.3823425,45.3925891],[9.3821923,45.3930336],[9.3822782,45.393448],[9.3821172,45.3960999],[9.3826215,45.3963335],[9.3828897,45.3962958],[9.383512,45.3964917],[9.3839626,45.3964691],[9.384263,45.396567],[9.3846278,45.3964842],[9.3849496,45.3965972],[9.3849496,45.3968458],[9.38466,45.3977423],[9.384381,45.3991511],[9.3844347,45.3992113],[9.3853788,45.3993469],[9.386516,45.3993243],[9.3871705,45.3992641],[9.38834,45.3993695],[9.3888764,45.3993921],[9.3891124,45.399475],[9.3890588,45.3996633],[9.3905823,45.3997989],[9.3906896,45.3995051],[9.3908505,45.3993469],[9.3922452,45.3985936],[9.3961613,45.3993243],[9.3962578,45.3989175],[9.3963115,45.3988799],[9.3969445,45.3989703],[9.3969445,45.3975314],[9.3984787,45.3975916],[9.3985431,45.3971095],[9.3998198,45.3972601],[9.401118,45.3972827],[9.4013648,45.3972375],[9.4013969,45.3971019],[9.401118,45.3962506],[9.401118,45.3959191],[9.401236,45.3957007],[9.401236,45.3949021],[9.4007854,45.3932822],[9.400839,45.3927398],[9.4010107,45.3925213],[9.4011716,45.3923781],[9.4020299,45.391813],[9.40262,45.3915719],[9.4035427,45.3914363],[9.4041006,45.3912555],[9.4045834,45.3907356],[9.4053452,45.3911425],[9.4040792,45.3922048],[9.4053237,45.3924083],[9.4053881,45.3922124],[9.406418,45.3923405],[9.4061498,45.3934631],[9.4077591,45.3937569],[9.4077162,45.3938473],[9.4076089,45.3939302],[9.4074266,45.3939754],[9.40733,45.3940582],[9.4073193,45.3941562],[9.4073085,45.394224],[9.4074802,45.3944877],[9.4076304,45.3946158],[9.4079523,45.3949699],[9.4081347,45.3951582],[9.4082849,45.3953014],[9.4083492,45.3953466],[9.4084565,45.3954219],[9.4085853,45.3954671],[9.4086818,45.3955198],[9.4087033,45.3955952],[9.4086926,45.3956781],[9.4086282,45.3960397],[9.4085745,45.3962356],[9.4085102,45.3965444],[9.4084136,45.3969437],[9.4083814,45.3971848],[9.408317,45.3973957],[9.4082849,45.3975992],[9.4081883,45.3978176],[9.4081454,45.3979457],[9.408081,45.3980512],[9.4079952,45.3981566],[9.407845,45.3985107],[9.4077377,45.398699],[9.40733,45.3993695],[9.4072334,45.3995579],[9.407212,45.3997914],[9.4071583,45.4004995],[9.4071583,45.4007858],[9.4069867,45.4013809],[9.4069116,45.4017274],[9.4068043,45.4020965],[9.4065682,45.402993],[9.4068043,45.4030532],[9.4080596,45.403106],[9.4092826,45.4031436],[9.4093577,45.402767],[9.4120078,45.4027594],[9.4122223,45.4027896],[9.4121151,45.4034525],[9.4120185,45.4038442],[9.4121258,45.4038894],[9.4124262,45.4046276],[9.4123404,45.4053658],[9.4122653,45.4056294],[9.4121902,45.4060964],[9.412276,45.4062471],[9.4121794,45.4063224],[9.4115893,45.4065107],[9.4114606,45.4068045],[9.4112782,45.4069099],[9.4103126,45.4070003],[9.4097869,45.4071585],[9.4077591,45.4073016],[9.4073836,45.4073694],[9.4070832,45.4073242],[9.4067399,45.4070606],[9.405828,45.4073694],[9.4058065,45.4078816],[9.4089286,45.4078289],[9.4098835,45.407859],[9.4100551,45.4082507],[9.4107096,45.4080247],[9.4113962,45.4078515],[9.4117503,45.4077912],[9.4122009,45.4077611],[9.4126944,45.4077611],[9.4129841,45.4077234],[9.4142286,45.4074221],[9.4153981,45.4072338],[9.4161598,45.4073242],[9.4155805,45.4096592],[9.4157521,45.4096968],[9.4173293,45.4098324],[9.417104,45.4109923],[9.417576,45.411045],[9.4175331,45.4116928],[9.418488,45.411753],[9.4180696,45.4141405],[9.4155719,45.4137923],[9.4149367,45.4137037],[9.4124369,45.4136284],[9.4122974,45.4145698],[9.4122331,45.4147732],[9.4121365,45.415707],[9.4120507,45.4169045],[9.4120078,45.4170024],[9.4117932,45.4170476],[9.4108061,45.4170551],[9.41101,45.4160987],[9.4093148,45.4158878],[9.4083707,45.4157974],[9.4084887,45.4145999],[9.4085102,45.4142384],[9.4084994,45.4140878],[9.4083707,45.4134627],[9.408317,45.4131991],[9.4082205,45.4131012],[9.4080917,45.4130485],[9.4078557,45.413056],[9.4067614,45.4132066],[9.4058065,45.4133271],[9.4047658,45.4134702],[9.4041113,45.4135681],[9.4034247,45.4137112],[9.4027917,45.4128978],[9.4028453,45.4127773],[9.4030599,45.4122652],[9.4008069,45.4120091],[9.3994443,45.4117229],[9.3993156,45.4122727],[9.3987791,45.4123857],[9.3981676,45.4124911],[9.3978028,45.4141029],[9.3961505,45.4138694],[9.396054,45.4139296],[9.3960111,45.4141104],[9.3959896,45.4145322],[9.3959682,45.4146451],[9.3956034,45.4145548],[9.3948309,45.4143514],[9.3945734,45.4143288],[9.3945198,45.4144644],[9.3943696,45.4146828],[9.3940906,45.4150443],[9.3938546,45.4152928],[9.39364,45.4154585],[9.3933503,45.4155564],[9.3931036,45.4155865],[9.3928997,45.415579],[9.3926959,45.4155338],[9.39261,45.4154058],[9.3921809,45.4153907],[9.3918483,45.4154886],[9.3917625,45.4155112],[9.3909471,45.415466],[9.3905715,45.4155037],[9.3899922,45.4156393],[9.3891661,45.4160158],[9.3888549,45.4162342],[9.388576,45.416543],[9.3881683,45.4170777],[9.3877821,45.4176275],[9.3875675,45.4178157],[9.3874495,45.4178007],[9.3873851,45.4179814],[9.3873422,45.418245],[9.3874173,45.4184483],[9.3875782,45.4187119],[9.387825,45.4188776],[9.388694,45.4191863],[9.389606,45.4196758],[9.390475,45.4201503],[9.390711,45.4203687],[9.3912797,45.4210313],[9.3917839,45.4212949],[9.3929748,45.420203],[9.3943481,45.4206473],[9.3943803,45.4205268],[9.3954746,45.4207452],[9.3954961,45.4219199],[9.3954639,45.4220103],[9.3953352,45.4221007],[9.3952279,45.4221534],[9.3951635,45.4222739],[9.3951849,45.4223793],[9.3952815,45.4224922],[9.395421,45.4225525],[9.3955819,45.4225675],[9.3958287,45.4224847],[9.3959896,45.422432],[9.3963759,45.422432],[9.398899,45.4226133],[9.3995194,45.4226579],[9.3998198,45.4227106],[9.4002275,45.4228386],[9.4007103,45.422944],[9.4013433,45.4230344],[9.4017448,45.4230989],[9.4019057,45.4231347],[9.4020943,45.4232104],[9.402135,45.4232448],[9.4021534,45.42328],[9.4021645,45.4233813],[9.4021739,45.4234377],[9.4022115,45.4234905],[9.4022812,45.4235422],[9.4023657,45.4235818],[9.4024551,45.4236048],[9.4024162,45.4238326],[9.4023947,45.4239606],[9.4024913,45.424051],[9.4026737,45.4240962],[9.4029097,45.4241413],[9.4035856,45.4251202],[9.4036071,45.4252332],[9.4039719,45.4253085],[9.40468,45.4251127],[9.4076948,45.4242468],[9.4118576,45.4231022],[9.4119112,45.4213853],[9.4143037,45.4206774],[9.4144861,45.4196834],[9.414529,45.4191863],[9.4144647,45.4191261],[9.4142501,45.419096],[9.4139926,45.4190884],[9.4140456,45.4185006],[9.4140999,45.4178986],[9.4142072,45.4179287],[9.4143252,45.4179889],[9.4145398,45.4179663],[9.4147114,45.4178835],[9.4148616,45.4178082],[9.4151191,45.4178007],[9.4157307,45.4177856],[9.4162993,45.4177178],[9.4168679,45.4175747],[9.4176619,45.4173338],[9.4178872,45.4178007],[9.4180481,45.4182676],[9.4180374,45.4184031],[9.419655,45.418542],[9.4198366,45.4185576],[9.4215457,45.4187044],[9.4226936,45.4188231],[9.423949,45.4189529],[9.4239811,45.4189755],[9.4239811,45.4191336],[9.425569,45.4193595],[9.4250969,45.4207376],[9.4235842,45.4205117],[9.4234554,45.4205494],[9.4231121,45.4224471],[9.4231872,45.4224847],[9.4236807,45.4224998],[9.4247322,45.4226654],[9.4247644,45.4227859],[9.4252686,45.4228763],[9.425333,45.4228085],[9.4256012,45.4217994],[9.4262235,45.4219049],[9.4259338,45.4229968],[9.4257407,45.4229666],[9.4254725,45.4239983],[9.4254188,45.4240435],[9.4246678,45.4240058],[9.4245498,45.4244124],[9.4232087,45.4242769],[9.4226508,45.4260464],[9.4226079,45.4260464],[9.4223396,45.4257678],[9.4221894,45.4257302],[9.4216423,45.4278912],[9.4227473,45.4281095],[9.422919,45.428215],[9.4221894,45.4305491],[9.4220714,45.4306319],[9.4204084,45.430278],[9.4195179,45.4302178],[9.4184665,45.4300145],[9.4180374,45.4310987],[9.4179515,45.4312116],[9.4177799,45.4312568],[9.4176082,45.4312041],[9.4162993,45.4309858],[9.4160418,45.431046],[9.4158165,45.4320699],[9.4148724,45.4348857],[9.4130806,45.4344566],[9.4129197,45.4352095],[9.4128232,45.4352095],[9.4122438,45.4348481],[9.4114069,45.4349535],[9.4116323,45.4359096],[9.4118254,45.4360978],[9.4121365,45.4362258],[9.412673,45.4363613],[9.4133167,45.4363613],[9.4136064,45.4363011],[9.4139926,45.4361279],[9.4145076,45.4361204],[9.4149797,45.4362183],[9.4153766,45.4363613],[9.4156663,45.436542],[9.4159452,45.4368657],[9.4159452,45.4371217],[9.4156019,45.4383262],[9.4156878,45.438537],[9.4159774,45.4388908],[9.4161491,45.438951],[9.4164066,45.438951],[9.4167285,45.4388005],[9.4172434,45.4382961],[9.4176082,45.4381004],[9.4178335,45.4381681],[9.4169323,45.4401932],[9.4168465,45.4402835],[9.4166748,45.4403512],[9.4165461,45.4405018],[9.416428,45.4409535],[9.416589,45.4411266],[9.4166212,45.4413223],[9.4158809,45.4415557],[9.4159452,45.4418342],[9.4157736,45.4421052],[9.4156448,45.442173],[9.4153444,45.442173],[9.4152371,45.4422633],[9.4153337,45.4423762],[9.4155912,45.4424515],[9.4156878,45.4425042],[9.4154303,45.4428881],[9.4154195,45.4430688],[9.4153015,45.4431591],[9.4154088,45.4432042],[9.4154732,45.4432569],[9.4154624,45.4433322],[9.4152693,45.4437161],[9.4147758,45.4443861],[9.4163315,45.4445441],[9.4162457,45.445741],[9.4162671,45.4458765],[9.41631,45.4459517],[9.4164388,45.4460119],[9.4165782,45.4460345],[9.4187669,45.4461775],[9.4189386,45.4462227],[9.4189815,45.4463356],[9.4188957,45.4472991],[9.4187026,45.4495195],[9.4185202,45.4519204],[9.4186382,45.4519355],[9.4187133,45.4519656],[9.4188849,45.4521387],[9.4226079,45.4550438],[9.4226722,45.455089],[9.422683,45.4551416],[9.4226186,45.4554201],[9.42264,45.4554577],[9.4227044,45.4554878],[9.4228439,45.4555029],[9.4257836,45.455676],[9.425805,45.4557813],[9.4268565,45.455977],[9.4273822,45.4563081],[9.4271783,45.4565866],[9.4276504,45.4579412],[9.4273071,45.458769],[9.4281654,45.4589496],[9.428101,45.4592356],[9.4316201,45.460244],[9.4328217,45.4604622],[9.4329934,45.4604396],[9.4336049,45.4606202],[9.4339375,45.4606353],[9.4341735,45.4607181],[9.4347636,45.4607482],[9.4351069,45.4608159],[9.4352679,45.4609213],[9.4349782,45.4623661],[9.4344525,45.4631788],[9.4318668,45.467227],[9.4322531,45.4673323],[9.4350104,45.4672496],[9.4344954,45.4688673],[9.4342916,45.469108],[9.4337766,45.4703495],[9.4305043,45.4699582],[9.4293026,45.472885],[9.4301717,45.473216],[9.4304935,45.4734568],[9.4313519,45.473863],[9.431427,45.474021],[9.4314377,45.4742693],[9.4312875,45.4748035],[9.43103,45.4753376],[9.4305365,45.4759846],[9.4283585,45.4747508],[9.4282941,45.4745401],[9.4265322,45.4739303],[9.4264829,45.4737747],[9.426409,45.4737056],[9.4228226,45.4728673],[9.4224899,45.4727463],[9.4220093,45.4729365],[9.4228596,45.4742501],[9.4229336,45.4744402],[9.4228719,45.4745785],[9.4228226,45.4747254],[9.4228719,45.4748464],[9.4230568,45.4749241],[9.4233279,45.4749674],[9.4235251,45.4751488],[9.424548,45.4767908],[9.4263474,45.4795129],[9.4265692,45.4799276],[9.4271361,45.4801437],[9.427284,45.4801609],[9.4277523,45.4799276],[9.4282823,45.4794696],[9.4285534,45.479124],[9.4290957,45.478208],[9.4295147,45.4773871],[9.4298474,45.4770414],[9.4318193,45.4775599],[9.4319302,45.4776549],[9.4312031,45.4789512],[9.4310182,45.479124],[9.4303281,45.4791672],[9.4300323,45.4800054],[9.4306239,45.4800486],[9.4304267,45.4802992],[9.4306239,45.4803943],[9.4302788,45.4807745],[9.4297981,45.4812411],[9.4293298,45.4815435],[9.4292189,45.4817941],[9.4292929,45.4820015],[9.433631,45.4827187],[9.4338528,45.4825199],[9.4357877,45.4828051],[9.4354426,45.4836692],[9.4362807,45.4838074],[9.4359602,45.4851035],[9.4371557,45.48538],[9.4373159,45.4851208],[9.4436012,45.486244],[9.4437122,45.4842049],[9.4467686,45.484706],[9.4470643,45.4842999],[9.4472615,45.4835828],[9.4485556,45.4838593],[9.4484816,45.4852245],[9.4482721,45.485717],[9.4463249,45.4856824],[9.4460414,45.4868229],[9.4465344,45.486892],[9.4463495,45.4892421],[9.4464974,45.4893285],[9.4486295,45.4895099],[9.4485063,45.4913934],[9.4486295,45.4914106],[9.449332,45.4914884],[9.4517722,45.4916612],[9.4519201,45.4938037],[9.451994,45.4947454],[9.451994,45.4954624],[9.4518831,45.4965163],[9.4518708,45.4967755],[9.4520187,45.4968792],[9.4520926,45.4969828],[9.4522405,45.4980713],[9.4502933,45.4981749],[9.4499112,45.4982268],[9.4495908,45.4983823],[9.4491102,45.4986414],[9.4485802,45.4987278],[9.4480503,45.4987451],[9.4477298,45.4987364],[9.4475696,45.4988315],[9.4476806,45.4996435],[9.4477052,45.4998076],[9.4475696,45.4998853],[9.4451048,45.5001099],[9.4452527,45.5010687],[9.4429357,45.5014315],[9.4420607,45.5019412],[9.4413582,45.5024422],[9.440397,45.5029345],[9.4393494,45.5033491],[9.4383388,45.5037378],[9.4383265,45.5039969],[9.4398054,45.5038242],[9.4410378,45.5038069],[9.4410625,45.5055862],[9.4399656,45.5054135],[9.4398177,45.5071236],[9.4394233,45.5082378],[9.4378951,45.5080823],[9.4381786,45.5088337],[9.4381539,45.5092742],[9.4375994,45.5114074],[9.4373898,45.5114852],[9.4367613,45.511537],[9.4343334,45.5113384],[9.4343951,45.5105438],[9.434506,45.5103538],[9.4346908,45.5079528],[9.4346662,45.5069336],[9.4347278,45.5062858],[9.434888,45.5055776],[9.4351099,45.5049989],[9.4357754,45.5036082],[9.4359479,45.5030986],[9.4359972,45.5025631],[9.4359233,45.5019239],[9.4357138,45.501181],[9.4355659,45.5008096],[9.435344,45.5005245],[9.434999,45.5002395],[9.4345799,45.4999199],[9.4342718,45.4995916],[9.4340993,45.4992375],[9.4332119,45.4967409],[9.433101,45.4963349],[9.4330394,45.4958339],[9.4330517,45.4950996],[9.4331626,45.4936482],[9.4330024,45.4935273],[9.4327929,45.4934754],[9.4325834,45.4934495],[9.4323862,45.4934582],[9.4322383,45.4935014],[9.4304144,45.4934236],[9.430402,45.4933459],[9.4303404,45.4932422],[9.4301432,45.4931903],[9.427863200000001,45.4930867],[9.4275305,45.493104],[9.4272717,45.4931385],[9.4264829,45.493104],[9.4261379,45.4930694],[9.4259653,45.4930003],[9.424129,45.4929053],[9.4235498,45.4928361],[9.4235991,45.4924301],[9.4241783,45.4923523],[9.4243508,45.4923005],[9.4244864,45.49205],[9.4247082,45.4914798],[9.4247945,45.4910046],[9.4251889,45.4907108],[9.4252012,45.4897778],[9.4252998,45.4896136],[9.4256819,45.4894063],[9.4252382,45.4893544],[9.4242399,45.4892248],[9.425041,45.4866674],[9.4251766,45.4863823],[9.4253121,45.4862959],[9.4254231,45.4861835],[9.4254477,45.4860539],[9.4253738,45.4859416],[9.4252382,45.4858725],[9.4249671,45.4858552],[9.4247082,45.4858725],[9.424166,45.4858466],[9.4223667,45.485596],[9.4226871,45.4844382],[9.4205796,45.4841358],[9.4201853,45.4852245],[9.4184106,45.4849393],[9.418275,45.485043],[9.4179669,45.4858293],[9.4161553,45.4856478],[9.4153665,45.4876351],[9.4139739,45.4876524],[9.4142327,45.4866847],[9.4136165,45.4865637],[9.4152556,45.4819151],[9.4155514,45.4809732],[9.4160813,45.4808004],[9.4168701,45.4806794],[9.4179916,45.4806189],[9.4225638,45.480498],[9.4230445,45.4790462],[9.4206721,45.4787265],[9.4167961,45.4779574],[9.4161429,45.4778105],[9.4100178,45.4761859],[9.4099439,45.4762896],[9.4084526,45.475918],[9.4081322,45.4764365],[9.4072449,45.4762464],[9.4038064,45.4792363],[9.4034737,45.4797721],[9.4033627,45.4799622],[9.4031163,45.4800918],[9.4019331,45.4805671],[9.4017976,45.4807572],[9.4007623,45.4834618],[9.4020933,45.4875573],[9.4018562,45.488441],[9.401965,45.4885791],[9.4018099,45.489052],[9.4033751,45.4896568],[9.4051744,45.4905035],[9.4072449,45.4915575],[9.4063575,45.4930262],[9.4065917,45.4931644],[9.4061973,45.4940283],[9.4064561,45.4940975],[9.4059878,45.4953847],[9.4045335,45.4951773],[9.4042131,45.4962313],[9.4035353,45.4961276],[9.4031779,45.4995657],[9.4064191,45.5001099],[9.4140355,45.501276],[9.4136411,45.5021398],[9.4138999,45.5022608],[9.413863,45.5024162],[9.4141341,45.5024594],[9.4133207,45.5037205],[9.412877,45.504377],[9.41284,45.5045497],[9.4128893,45.5047484],[9.4125936,45.5053616],[9.4106094,45.5086783],[9.4112995,45.509231],[9.416106,45.5097233],[9.4227364,45.5103711],[9.4298351,45.511062],[9.4298351,45.5119861],[9.4298967,45.512487],[9.4299953,45.5129447],[9.4300323,45.5136615],[9.4303158,45.5152937],[9.4277893,45.515665],[9.427703,45.5155269],[9.4252012,45.5160105],[9.4257188,45.5174785],[9.4256326,45.5177117],[9.4257681,45.517893],[9.4267048,45.5206304],[9.4313633,45.5189379],[9.4315728,45.5195682],[9.4319179,45.5202936],[9.4323739,45.5212348],[9.4299707,45.5226509],[9.4307964,45.5230826],[9.4315359,45.5234453],[9.4325095,45.5239634],[9.4334708,45.5247146],[9.4325218,45.5254312],[9.4342225,45.5265364],[9.4329038,45.5277624],[9.4319426,45.5272703],[9.4316837,45.5271667],[9.4314126,45.5271062],[9.4312894,45.5271926],[9.4302788,45.5282459],[9.4308334,45.5285135],[9.4294407,45.5302403],[9.4297242,45.5303352],[9.429946,45.5304216],[9.4300077,45.5305338],[9.4288738,45.5317856],[9.4293298,45.5319842],[9.429601,45.5321482],[9.4297858,45.5323382],[9.4284055,45.53359],[9.4297365,45.5343583],[9.4283685,45.5359295],[9.4300323,45.5359899],[9.4302048,45.5360331],[9.4302418,45.5361194],[9.4297612,45.536974],[9.4297119,45.5370949],[9.4297612,45.5371725],[9.4301432,45.5373366],[9.4302048,45.5374143],[9.4302048,45.5375006],[9.4293914,45.5385537],[9.4280235,45.5380617],[9.4276168,45.5378113],[9.426828,45.5369999],[9.4248192,45.5348072],[9.4242646,45.5342806],[9.4234019,45.5335727],[9.4204934,45.5314576],[9.4181271,45.5297223],[9.4168208,45.5288157],[9.4147257,45.5276243],[9.4123224,45.5263033],[9.4120143,45.5261219],[9.4117802,45.5259665],[9.411509,45.5257938],[9.4114228,45.5256298],[9.4114967,45.5249304],[9.41162,45.5246282],[9.414701,45.5211744],[9.4140601,45.5204663],[9.4130372,45.5214939],[9.4131358,45.5216061],[9.4125566,45.5222883],[9.4119157,45.5218651],[9.4099439,45.5241706],[9.4105847,45.5245073],[9.4100794,45.5250513],[9.4097344,45.5248872],[9.4091611,45.5245729],[9.4066163,45.5231776],[9.4047184,45.5221156],[9.4035476,45.5214593],[9.4030177,45.5211744],[9.4025863,45.5209844],[9.4022043,45.5208635],[9.4017976,45.5207685],[9.4013292,45.5206822],[9.4007623,45.5206045],[9.4001831,45.5205526],[9.3996778,45.5205699],[9.3990246,45.5206476],[9.39847,45.5207599],[9.3979771,45.5208894],[9.397558,45.5210448],[9.3971513,45.5212434],[9.3967816,45.5214766],[9.395882,45.5220983],[9.394859,45.5228754],[9.3947851,45.5234108],[9.3947481,45.5237561],[9.3946002,45.5241447],[9.3940333,45.5251808],[9.3934787,45.5261306],[9.3919875,45.5256902],[9.3916794,45.5255348],[9.3915438,45.5253794],[9.3914576,45.5251808],[9.3914822,45.5250254],[9.3915562,45.52487],[9.3917164,45.5247405],[9.3913343,45.5246368],[9.3920861,45.5230308],[9.3929981,45.5215975],[9.3933185,45.5210017],[9.3934418,45.5208894],[9.3935527,45.5207944],[9.393565,45.5206822],[9.3935527,45.5205613],[9.3938485,45.5197928],[9.3939347,45.5196287],[9.3940333,45.5195682],[9.3941073,45.5194474],[9.3941196,45.5193092],[9.3947605,45.5180139],[9.3928749,45.5176598],[9.3932199,45.5168049],[9.3917533,45.5165459],[9.3923942,45.5150692],[9.3903977,45.5146374],[9.3902005,45.5155528],[9.3899047,45.5155959],[9.3889558,45.5184888],[9.3862691,45.5182557],[9.3860842,45.5198964],[9.3863677,45.5199223],[9.3861828,45.5211226],[9.384556,45.5206908],[9.3803904,45.5195164],[9.3800947,45.519456],[9.3789855,45.5193955],[9.3785788,45.5225991],[9.3820049,45.5230136],[9.3818077,45.5236612],[9.3794415,45.5233244],[9.3789855,45.523264],[9.3785541,45.5232381],[9.377371,45.5231604],[9.3768657,45.5230999],[9.376003,45.5229359],[9.3761139,45.5221846],[9.3736491,45.5218565],[9.3725523,45.5217184],[9.3717512,45.5215975],[9.3707036,45.5213989],[9.3698286,45.5211398],[9.3712582,45.5187134],[9.3713938,45.518678800000004],[9.371517,45.518627],[9.372503,45.5170208],[9.3696561,45.5160364],[9.3701367,45.5150001],[9.3707931,45.5151593],[9.3717512,45.5134197],[9.3711966,45.5132124],[9.3707776,45.5130224],[9.3698902,45.5124265],[9.369348,45.512107],[9.3673391,45.5113297],[9.3636665,45.5094815],[9.3631119,45.5092397],[9.3615591,45.5087819],[9.3581699,45.5078146],[9.3589956,45.5051112],[9.35939,45.5038501],[9.3583178,45.5037551],[9.3569478,45.5036118],[9.3566635,45.5035441],[9.3563524,45.503514],[9.356001,45.5035215],[9.3540536,45.5033318],[9.3489884,45.5027877],[9.34778,45.5026681],[9.3476767,45.5026225],[9.3476612,45.5026109],[9.3476448,45.5026],[9.3476274,45.5025898],[9.3476093,45.5025803],[9.3475904,45.5025716],[9.3475707,45.5025637],[9.3475505,45.5025566],[9.3475296,45.5025504],[9.3475083,45.502545],[9.3474866,45.5025406],[9.3474645,45.502537],[9.3474422,45.5025344],[9.3474197,45.5025327],[9.3473971,45.502532],[9.3473744,45.5025322],[9.3473518,45.5025333],[9.3473294,45.5025354],[9.3473072,45.5025384],[9.3472852,45.5025423],[9.3472636,45.5025471],[9.3472425,45.5025529],[9.3472219,45.5025594],[9.3472019,45.5025669],[9.3471242,45.5025947],[9.3470639,45.5026004],[9.3450077,45.502399],[9.343615,45.5022867],[9.3421485,45.5021485],[9.3411748,45.5020275],[9.3402875,45.5018289],[9.3401396,45.5017511],[9.3397452,45.5016129],[9.339461,45.5015498],[9.3391167,45.5013883],[9.3383773,45.5009737],[9.3376255,45.5004209],[9.3369723,45.4998421],[9.3362945,45.4992893],[9.3354441,45.4987883],[9.3345567,45.4983526],[9.3341765,45.4982041],[9.3340829,45.4981686],[9.3340254,45.4981491],[9.3339714,45.4981312],[9.3339175,45.4981136],[9.3338633,45.4980962],[9.3338089,45.4980792],[9.3337544,45.4980624],[9.3336997,45.4980459],[9.3336448,45.4980297],[9.3335898,45.4980137],[9.3335345,45.497998],[9.3334791,45.4979826],[9.3334237,45.4979676],[9.3333679,45.4979527],[9.333312,45.4979383],[9.3332561,45.497924],[9.3331999,45.4979101],[9.3331436,45.4978964],[9.333087,45.497883],[9.3330306,45.49787],[9.332974,45.4978572],[9.332917,45.4978446],[9.3328601,45.4978325],[9.332803,45.4978206],[9.3327458,45.4978089],[9.3326884,45.4977976],[9.3326309,45.4977866],[9.3325734,45.4977759],[9.3325158,45.4977654],[9.3324579,45.4977552],[9.3324001,45.4977454],[9.3323421,45.4977358],[9.332284,45.4977266],[9.3322258,45.4977176],[9.3321674,45.497709],[9.3321092,45.4977007],[9.3320506,45.4976925],[9.3319921,45.4976849],[9.3319335,45.4976774],[9.3318749,45.4976702],[9.3318161,45.4976633],[9.3317572,45.4976568],[9.3316983,45.4976506],[9.3316394,45.4976446],[9.3315804,45.497639],[9.3315213,45.4976336],[9.3314622,45.4976286],[9.3314029,45.4976238],[9.3313436,45.4976194],[9.3312845,45.4976153],[9.3312252,45.4976115],[9.3311658,45.4976079],[9.3311063,45.4976047],[9.3310469,45.4976019],[9.3309875,45.4975992],[9.3309281,45.4975969],[9.3308685,45.4975949],[9.330809,45.4975933],[9.3307495,45.4975918],[9.3306988,45.497593],[9.3302803,45.4976048],[9.3302186,45.4962399],[9.3301817,45.4956265],[9.330157,45.4953155],[9.3299598,45.4947886],[9.3296024,45.4938642],[9.3295162,45.4935446],[9.3294669,45.4931299],[9.3294915,45.4928275],[9.3296024,45.4924733],[9.3311553,45.4925251],[9.3311553,45.4929398],[9.3313401,45.4929225],[9.3325726,45.4929485],[9.3325849,45.4928707],[9.3433562,45.4930694],[9.3434302,45.4924733],[9.3437136,45.4917908],[9.3447365,45.4890002],[9.3483599,45.4897173],[9.3485447,45.4893976],[9.3490993,45.4882658],[9.3493458,45.4877042],[9.3495923,45.4873154],[9.3498511,45.4870043],[9.3500606,45.4863909],[9.3505536,45.4844468],[9.3507854,45.4835446],[9.3509479,45.4831507],[9.3500483,45.4829952],[9.3487419,45.4826668],[9.3471644,45.4822002],[9.345858,45.4818546],[9.3454513,45.4817077],[9.3452665,45.4815435],[9.34502,45.4814312],[9.3447735,45.4814312],[9.3444777,45.4814657],[9.3437876,45.4812411],[9.3419882,45.4806967],[9.3414213,45.4805066],[9.3403491,45.4802474],[9.3393139,45.4800745],[9.3381924,45.4799276],[9.3366395,45.4797721],[9.3363068,45.4797462],[9.3360233,45.4797894],[9.3357029,45.4798326],[9.3352592,45.4798239],[9.3347663,45.4797807],[9.3344335,45.4797202],[9.3341994,45.4796598],[9.3337863,45.4796678],[9.3337557,45.4796684],[9.3335215,45.4797116],[9.3326219,45.4796511],[9.3308348,45.4795042],[9.3276059,45.4792623],[9.3253506,45.4790981],[9.3248576,45.4790808],[9.3244016,45.4790721],[9.3234403,45.4789944],[9.3219984,45.4788734],[9.3220354,45.4787783],[9.3220477,45.4785018],[9.3220477,45.4783203],[9.3219861,45.4781389],[9.3218998,45.4780179],[9.3218998,45.4778883],[9.3218628,45.47775],[9.3216656,45.4776809],[9.3214315,45.4776636],[9.321185,45.477629],[9.3207906,45.4775772],[9.3206674,45.477534],[9.3206427,45.4773784],[9.3205195,45.4772488],[9.3201991,45.4770327],[9.3201128,45.4768772],[9.3202114,45.4767735],[9.320347,45.4766179],[9.3203839,45.4763933],[9.3203963,45.4761513],[9.3205811,45.4758575],[9.3208522,45.4754772],[9.3210618,45.4752612],[9.3212589,45.4751402],[9.321604,45.4750538],[9.322134,45.4748291],[9.3224667,45.4745957],[9.3226269,45.4743624],[9.3227378,45.4739217],[9.3227009,45.4736624],[9.3224914,45.4734291],[9.3222449,45.4732821],[9.3219491,45.4731784],[9.3216903,45.4729969],[9.3215054,45.4727463],[9.3215547,45.4725389],[9.3217642,45.4723574],[9.3218505,45.4720809],[9.3218752,45.471787],[9.3219121,45.4715537],[9.322134,45.471303],[9.3222942,45.4710438],[9.3224914,45.4686238],[9.3220723,45.4686324],[9.3206797,45.4683213],[9.3206674,45.4681916],[9.3175617,45.4679064],[9.3156021,45.4673446],[9.3153926,45.4703264],[9.3138521,45.4703523],[9.3138028,45.4705425],[9.3138891,45.4707758],[9.3140493,45.471182],[9.3141725,45.471571],[9.3142218,45.4720463],[9.3143944,45.4720809],[9.3144313,45.4722623],[9.3145176,45.4723833],[9.3146778,45.4724784],[9.3149859,45.4725562],[9.315787,45.4726772],[9.3158979,45.4727377],[9.3159226,45.4728673],[9.3159226,45.4729969],[9.315824,45.4731698],[9.3155405,45.4734982],[9.3152571,45.4738007],[9.3149613,45.4740686],[9.3144313,45.4746044],[9.3143451,45.4745698],[9.3141109,45.4745007],[9.3139507,45.4745007],[9.3137905,45.4745957],[9.3136549,45.4746217],[9.3134577,45.4745785],[9.3129155,45.4742933],[9.3125827,45.4741291],[9.3122623,45.4740599],[9.3120528,45.4740254],[9.3116954,45.4738439],[9.3115968,45.4737575],[9.3113873,45.4735933],[9.3093045,45.4726513],[9.3090826,45.472513],[9.3090087,45.4724179],[9.309021,45.4723142],[9.3093045,45.4716747],[9.311301,45.4720117],[9.3116214,45.4719771],[9.3117816,45.4717697],[9.3129031,45.4686843],[9.310845,45.4683386],[9.3113133,45.4670075],[9.3104999,45.4669643],[9.3105369,45.4667914],[9.3083555,45.4666359],[9.3082816,45.4668692],[9.303167,45.4665062],[9.3022674,45.4664976],[9.302255,45.465979],[9.3018607,45.465979],[9.2970419,45.4660135],[9.2969187,45.4659271],[9.2967584,45.4658925],[9.2962039,45.4659098],[9.2962039,45.4660481],[9.2964257,45.4672495],[9.2971898,45.4715364],[9.2974856,45.4734723],[9.2968324,45.4735068],[9.2960313,45.4734291],[9.2950331,45.4735328],[9.2953165,45.4754167],[9.2953165,45.4757711],[9.2952795,45.476013],[9.2951555,45.4761695],[9.2949574,45.476344],[9.2946565,45.4764576],[9.2943821,45.4764578],[9.2939079,45.4763867],[9.2931853,45.4763102],[9.2926204,45.4762089],[9.2920248,45.4760684],[9.2895967,45.4753619],[9.2892064,45.4751626],[9.2889797,45.4749663],[9.288945,45.4748995],[9.2888775,45.4747731],[9.2888686,45.474611],[9.288673,45.4745736],[9.2885219,45.4746609],[9.2884273,45.474734],[9.2882301,45.474734],[9.2879097,45.4745612],[9.2869977,45.4739217],[9.2868498,45.4737575],[9.2868375,45.47355],[9.2868498,45.4733945],[9.2867707,45.4733717],[9.286705,45.4733527],[9.2866403,45.473334],[9.2865047,45.4733513],[9.2864184,45.4732908],[9.2862213,45.473213],[9.2859994,45.4731179],[9.2858515,45.4729537],[9.2857776,45.4726772],[9.2851244,45.4727463],[9.2849765,45.4719771],[9.283362,45.4720722],[9.283399,45.4727636],[9.2826596,45.4727895],[9.2824377,45.4728327],[9.2823515,45.4729365],[9.2823718,45.4731364],[9.2823884,45.4732994],[9.2824377,45.4737488],[9.2824131,45.4739908],[9.2823515,45.4741118],[9.2822529,45.4742069],[9.2821173,45.4742846],[9.2819448,45.4743106],[9.2817722,45.4742673],[9.2807986,45.473913],[9.2799359,45.4736019],[9.2794429,45.4734809],[9.2789623,45.4733599],[9.2783954,45.4731093],[9.2776066,45.4727118],[9.2772246,45.472608],[9.2767932,45.4725562],[9.2761894,45.4725475],[9.2752281,45.4725475],[9.2744516,45.4726167],[9.2736752,45.472634],[9.2725907,45.4725735],[9.272591,45.4722562],[9.2708037,45.4720376],[9.2696329,45.4719167],[9.2695836,45.4719771],[9.2645307,45.4714327],[9.2613387,45.4711129],[9.2593545,45.4710351],[9.2584795,45.470966],[9.2559161,45.4706894],[9.2548315,45.470603],[9.2544372,45.4706894],[9.2538579,45.4707931],[9.2525392,45.4707585],[9.2517628,45.4707326],[9.2508662,45.4708043],[9.2490011,45.4709058],[9.2491143,45.4698618],[9.2489443,45.4689322],[9.246316,45.468499],[9.2459948,45.4694153],[9.2455436,45.4694107],[9.2453681,45.4694089],[9.245367,45.4694481],[9.2453473,45.4701603],[9.2451827,45.4701413],[9.2450676,45.4701059],[9.2446354,45.4700298],[9.244223,45.4699562],[9.2441075,45.469931],[9.2440218,45.4698966],[9.2439846,45.4698599],[9.2437262,45.4698024],[9.2436654,45.4698249],[9.2435954,45.4698311],[9.2429937,45.4697265],[9.2422033,45.4695863],[9.2415321,45.46945],[9.2410171,45.4694199],[9.2405343,45.469435],[9.2401052,45.4694049],[9.2397296,45.4692243],[9.2391825,45.4688406],[9.2382813,45.4679753],[9.2381632,45.4671476],[9.2381096,45.4661469],[9.2380345,45.4644313],[9.2382062,45.4638669],[9.2383456,45.463596],[9.2386432,45.4634161],[9.2386234,45.4627931],[9.2386185,45.4621884],[9.2394082,45.4621865],[9.2394158,45.4625789],[9.2394185,45.4629715],[9.2401266,45.462994],[9.2401371,45.4640633],[9.2397145,45.4640745],[9.2397292,45.4643472],[9.239764,45.4644778],[9.2397726,45.4645216],[9.240776,45.4645015],[9.2435384,45.4644463],[9.2435418,45.4644122],[9.2436282,45.463537],[9.2436824,45.4629877],[9.2437219,45.4622581],[9.2460489,45.4621512],[9.2460811,45.4618352],[9.2470574,45.461617],[9.2478836,45.4614288],[9.2485809,45.4612558],[9.2492569,45.4610827],[9.2497718,45.460887],[9.2501903,45.4606914],[9.2505872,45.4603603],[9.2509198,45.4600141],[9.2515314,45.459239],[9.2523468,45.4579747],[9.2526794,45.4574479],[9.2530656,45.4568158],[9.2534411,45.4562589],[9.2552972,45.4540538],[9.2554916,45.4540852],[9.2555147,45.4540673],[9.2555396,45.4540548],[9.2555667,45.4540519],[9.2555908,45.4540551],[9.2584729,45.4546032],[9.2587197,45.4539409],[9.2587519,45.4537678],[9.2587733,45.4535721],[9.2588914,45.4534065],[9.2591167,45.4533012],[9.2595458,45.4531205],[9.2599213,45.45297],[9.2602539,45.4527818],[9.2604256,45.4526313],[9.2606187,45.4524281],[9.2606938,45.4522023],[9.2606509,45.4519389],[9.2604792,45.4516529],[9.2602432,45.4514497],[9.2598999,45.4512314],[9.2588377,45.4507121],[9.2585588,45.4505616],[9.2584407,45.4504186],[9.2583978,45.450253],[9.2585266,45.4500573],[9.2587519,45.4496734],[9.2589343,45.4491992],[9.2591167,45.4485896],[9.2592025,45.44801],[9.2592132,45.4474906],[9.2592025,45.4471143],[9.2592347,45.4468734],[9.259342,45.4466552],[9.2595458,45.4463917],[9.2598677,45.4460831],[9.2601252,45.4458196],[9.2603183,45.4454809],[9.2604786,45.4451808],[9.2606294,45.4448336],[9.2607689,45.4446228],[9.2609835,45.444525],[9.261241,45.4444798],[9.261595,45.4445099],[9.2618145,45.4445377],[9.2624275,45.4446265],[9.2626896,45.4446552],[9.2630762,45.4446897],[9.2632147,45.4447003],[9.2634212,45.4447055],[9.2640841,45.4446604],[9.2657578,45.444525],[9.2664659,45.4444572],[9.2665088,45.4442841],[9.2664659,45.4438851],[9.2663693,45.4435389],[9.2661977,45.4432829],[9.2660368,45.4429592],[9.2660046,45.4426431],[9.2660904,45.4411601],[9.2662084,45.4384049],[9.2662406,45.436583],[9.2662942,45.4361088],[9.2665088,45.435371],[9.2665839,45.4352656],[9.266659,45.4351827],[9.2666912,45.4350548],[9.2667014,45.4349334],[9.2669058,45.4347837],[9.2686009,45.4353183],[9.2692554,45.4344525],[9.2699099,45.4335415],[9.2706502,45.4326004],[9.27109,45.4319378],[9.2715621,45.4311849],[9.2717874,45.4307332],[9.2722595,45.4296866],[9.2723239,45.4294005],[9.2726457,45.4287078],[9.271487,45.4283539],[9.2717981,45.4279398],[9.2720234,45.427744],[9.2724419,45.4275256],[9.2727745,45.4273525],[9.27315,45.4270136],[9.2734397,45.4267049],[9.273622,45.4264489],[9.2738152,45.4262983],[9.2740834,45.4261326],[9.2741692,45.4259971],[9.2741692,45.4258616],[9.2740405,45.4256131],[9.2749202,45.4247923],[9.2762721,45.423595],[9.2766261,45.4233541],[9.2770338,45.4231959],[9.2773879,45.4231056],[9.2777097,45.4230604],[9.2781174,45.4230529],[9.2790294,45.4231131],[9.28213,45.4233993],[9.2823768,45.4234143],[9.2826128,45.4233993],[9.2828381,45.423339],[9.2830328,45.4232024],[9.2830634,45.4231809],[9.2832116,45.4230627],[9.2832995,45.4229926],[9.2835784,45.4228194],[9.283911,45.4227065],[9.2842114,45.4226764],[9.2846406,45.422699],[9.2856813,45.4228721],[9.285708,45.4228024],[9.2857719,45.4226354],[9.2861537,45.4216371],[9.2862961,45.4212646],[9.2864451,45.4208886],[9.2848938,45.4206669],[9.2849839,45.4206045],[9.2851663,45.4203419],[9.2852659,45.4201015],[9.2852843,45.4199955],[9.2853916,45.4199579],[9.2882025,45.4192274],[9.2884708,45.4191446],[9.2886746,45.4189638],[9.2887175,45.4188885],[9.2887175,45.4188207],[9.287945,45.417292],[9.2877305,45.4168552],[9.287709,45.4166669],[9.2877197,45.4165313],[9.2878163,45.4163506],[9.2879129,45.4162301],[9.2880631,45.4161171],[9.2885244,45.4157933],[9.2886531,45.4157029],[9.289254,45.4150929],[9.2895866,45.4148218],[9.289887,45.4145054],[9.2900586,45.4143322],[9.2905629,45.4139632],[9.2906809,45.4138276],[9.2907882,45.4133908],[9.2869258,45.4124343],[9.2860889,45.4128259],[9.2856702,45.4137826],[9.2846294,45.4154435],[9.2843936,45.4155349],[9.2831895,45.4150027],[9.2830764,45.4149527],[9.2807347,45.4140052],[9.2788564,45.415278],[9.2786369,45.4150725],[9.2785556,45.4149869],[9.2785556,45.4148614],[9.2784987,45.41477],[9.2784092,45.4147443],[9.2783035,45.4147443],[9.2781816,45.4146816],[9.2775718,45.4141051],[9.2779458,45.4135743],[9.2793931,45.4115308],[9.2780108,45.4110514],[9.2780677,45.4109543],[9.2780515,45.4108116],[9.2781853,45.4106543],[9.2784255,45.4103721],[9.2770188,45.4099269],[9.2771896,45.4094303],[9.2770107,45.409396],[9.2769375,45.4092761],[9.2779702,45.4084884],[9.2779946,45.4084085],[9.2779519,45.4083915],[9.2774904,45.4082144],[9.2771733,45.4081002],[9.2768481,45.4080146],[9.2768806,45.4079632],[9.2767749,45.4079404],[9.2764253,45.4078776],[9.2760269,45.4078205],[9.2756285,45.4077863],[9.2752544,45.4077691],[9.2742137,45.4083229],[9.2728802,45.4077577],[9.2728315,45.4078],[9.272059,45.4084713],[9.2705791,45.4078262],[9.2718638,45.4066788],[9.2732217,45.4053487],[9.2741974,45.4043783],[9.2758561,45.4052802],[9.2763684,45.4048235],[9.2776612,45.4037446],[9.2783686,45.4031452],[9.278627,45.4029538],[9.2790267,45.4030571],[9.2792077,45.4031077],[9.2794502,45.4031814],[9.2798467,45.403347],[9.2805802,45.4036875],[9.2816128,45.4041157],[9.2807591,45.4057255],[9.2816779,45.4064448],[9.2820519,45.4066446],[9.2824015,45.4065076],[9.2836212,45.4052117],[9.2837513,45.4051775],[9.286654,45.4067759],[9.2868085,45.4067188],[9.2875484,45.4058911],[9.2878736,45.4060052],[9.289451,45.4044411],[9.2901828,45.4048121],[9.2902967,45.4047379],[9.2904999,45.4048293],[9.2912724,45.4042641],[9.2922318,45.4042755],[9.2931669,45.4044639],[9.2938661,45.4039615],[9.2940694,45.4038245],[9.2941833,45.4037218],[9.2948012,45.4030995],[9.2953948,45.4024886],[9.2954923,45.4023516],[9.2956793,45.4020091],[9.2957607,45.4018607],[9.2958826,45.4017351],[9.2959965,45.4016494],[9.2961591,45.4015866],[9.2967201,45.4014039],[9.2971348,45.4012498],[9.2973055,45.4011756],[9.2973706,45.4011014],[9.2975413,45.4006675],[9.2977527,45.4001765],[9.295159,45.3996627],[9.2938011,45.3994],[9.2935653,45.3993258],[9.2934108,45.3992402],[9.2929067,45.3988177],[9.2927337,45.3986775],[9.2926953,45.3986464],[9.2926302,45.3985322],[9.2926302,45.3984066],[9.2926872,45.3982924],[9.292801,45.3981725],[9.2930612,45.3980584],[9.2944516,45.3974189],[9.2948419,45.3972191],[9.2950939,45.3970763],[9.2956062,45.3967166],[9.2959044,45.3964975],[9.2975332,45.3953007],[9.299444,45.393936],[9.3013873,45.3938904],[9.3028346,45.3935478],[9.3032899,45.3934907],[9.304599,45.3935535],[9.3048592,45.393485],[9.3048185,45.3931367],[9.3045746,45.3926057],[9.3044608,45.3924286],[9.3043551,45.3923087],[9.3041111,45.3921774],[9.305591,45.3923202],[9.3063797,45.3921089],[9.3064447,45.3921945],[9.3087458,45.3921432],[9.308762,45.3913894],[9.3088271,45.3911896],[9.3091117,45.3905615],[9.3098028,45.3892653],[9.3102825,45.3882374],[9.3109005,45.3868041],[9.3111932,45.38657],[9.3114127,45.3861131],[9.3108842,45.3859989],[9.3095995,45.3856506],[9.3089572,45.3854678],[9.3086238,45.3854164],[9.3082742,45.3853936],[9.3082416,45.3852794],[9.3081197,45.3850567],[9.3080058,45.3848625],[9.3078758,45.3846797],[9.3081929,45.38428],[9.3105508,45.3813275],[9.3113721,45.3803394],[9.3122665,45.3792657],[9.3087295,45.3780264],[9.3059928,45.3767878],[9.3056814,45.3766336],[9.3053345,45.3769419],[9.3033667,45.3785827],[9.3013919,45.3802532],[9.2984402,45.3826397],[9.2964158,45.3843549],[9.2928978,45.387278],[9.2903213,45.3894653],[9.2900948,45.3893063],[9.2902293,45.3891223],[9.2903779,45.3888887],[9.2904133,45.3886898],[9.2904345,45.3885159],[9.2904062,45.3883667],[9.2903567,45.3882474],[9.2901868,45.3881182],[9.2884172,45.3895399],[9.2876209,45.3901979],[9.2864494,45.3911592],[9.285436,45.3919907],[9.2850472,45.3922854],[9.2847294,45.3925001],[9.2843176,45.3927694],[9.2837316,45.3931085],[9.2815742,45.3942439],[9.281213,45.3944627],[9.2807943,45.3947393],[9.2802401,45.3951379],[9.2797815,45.3955048],[9.2794366,45.3958103],[9.2790779,45.3961654],[9.2788324,45.3964382],[9.2785797,45.3967205],[9.2783469,45.3970047],[9.2777281,45.3978042],[9.2774747,45.3981176],[9.2772243,45.398418],[9.2767756,45.3989123],[9.2766841,45.3989933],[9.2765133,45.3991484],[9.2760935,45.3995144],[9.2757039,45.3998411],[9.2753688,45.3998425],[9.2747347,45.3997147],[9.2745718,45.3997296],[9.2744798,45.3997594],[9.2736233,45.4004751],[9.2729297,45.4000626],[9.2732907,45.3996749],[9.2742038,45.3987008],[9.2751877,45.3977017],[9.2738357,45.3971997],[9.272151,45.3985417],[9.2708415,45.3980497],[9.2716272,45.3965287],[9.2706221,45.3964144],[9.2696736,45.396141],[9.2699072,45.3956092],[9.2700204,45.3952712],[9.2700063,45.3950724],[9.2701125,45.3949084],[9.2702965,45.3945604],[9.2704239,45.3942522],[9.270523,45.3939043],[9.2705372,45.3937552],[9.270707,45.3937552],[9.2709406,45.3931935],[9.2673307,45.3923634],[9.2655964,45.3919409],[9.2655398,45.3918216],[9.2654832,45.3916575],[9.2654195,45.3915233],[9.2652001,45.3913941],[9.264832,45.3912648],[9.2624112,45.3904048],[9.2627014,45.3900619],[9.2629279,45.3898183],[9.2634163,45.3893311],[9.2641737,45.3886401],[9.2650585,45.3878845],[9.2659008,45.3872184],[9.2661769,45.3868306],[9.2675926,45.3856176],[9.2690436,45.3843946],[9.2678969,45.3836787],[9.2663043,45.3826944],[9.2651576,45.3819685],[9.2649169,45.3818293],[9.2645772,45.3817199],[9.2642586,45.3816752],[9.2639543,45.3816851],[9.2636711,45.3817299],[9.2633384,45.3818293],[9.2629987,45.3819387],[9.2626094,45.382053],[9.2622625,45.3821226],[9.2617175,45.3821823],[9.2614372,45.3822039],[9.2602947,45.3822917],[9.2592259,45.3823613],[9.2580863,45.3824259],[9.2566423,45.3825154],[9.2553257,45.3826148],[9.2545966,45.3826347],[9.2538463,45.3826596],[9.2524873,45.3827491],[9.252466,45.3831269],[9.252459,45.3834202],[9.2524943,45.3839273],[9.2524731,45.3841709],[9.2519281,45.385379],[9.2558283,45.3865423],[9.2561893,45.3866914],[9.2564866,45.3868903],[9.2567201,45.3870891],[9.2571661,45.3876757],[9.2567485,45.3880933],[9.2573784,45.3885258],[9.2575696,45.3886898],[9.2577536,45.3888837],[9.2579376,45.3890378],[9.2581287,45.3891621],[9.2583765,45.3892864],[9.2584685,45.389351],[9.2584685,45.3894305],[9.2583906,45.3896045],[9.2583199,45.3898481],[9.258242,45.3901265],[9.2581429,45.3904993],[9.258065,45.3906882],[9.2579801,45.3908274],[9.2577961,45.3910859],[9.2576333,45.3913195],[9.2574846,45.391399],[9.2571873,45.3913344],[9.2543135,45.390544],[9.2532588,45.3902657],[9.2528483,45.390201],[9.2523952,45.3901464],[9.2520626,45.3901414],[9.2516166,45.3901563],[9.2498187,45.3902855],[9.2485446,45.3903651],[9.2476598,45.3903999],[9.2471077,45.3904048],[9.2465414,45.3903899],[9.2460672,45.390385],[9.2458194,45.3903999],[9.2456495,45.3904446],[9.2455575,45.3905142],[9.245515,45.3906037],[9.2453806,45.3910511],[9.2452248,45.3915183],[9.2451328,45.3917868],[9.2450266,45.3919558],[9.2447364,45.3926765],[9.244609,45.3930642],[9.2445524,45.3932333],[9.2444958,45.393273],[9.2444179,45.3932979],[9.2442834,45.3932879],[9.2429031,45.3930792],[9.2426058,45.3930245],[9.241898,45.3928008],[9.2402228,45.3922835],[9.2383913,45.3950051],[9.2369182,45.3972521],[9.2383818,45.3969381],[9.2393982,45.3992275],[9.2415366,45.3987822],[9.2414228,45.3985652],[9.2452768,45.3975946],[9.2455289,45.3982741],[9.2460249,45.3997813],[9.2460656,45.3999526],[9.2460493,45.4000553],[9.2459192,45.4001638],[9.2450329,45.4008318],[9.244854,45.4009916],[9.2447971,45.4011115],[9.2446833,45.4017281],[9.2444068,45.4029784],[9.244415,45.4030982],[9.2460574,45.4041943],[9.2462607,45.4043199],[9.2473828,45.4036977],[9.2479113,45.4034294],[9.2483422,45.4033152],[9.2488545,45.4032124],[9.2494562,45.4031553],[9.2500172,45.403161],[9.2533753,45.4032866],[9.2550584,45.4033723],[9.2555218,45.4033551],[9.2567252,45.4032809],[9.256587,45.4036006],[9.2569204,45.4036463],[9.2573269,45.4038061],[9.2580993,45.4038004],[9.2586278,45.4038575],[9.2589287,45.4038347],[9.2591808,45.4037376],[9.2599288,45.4032752],[9.260067,45.4031839],[9.2602215,45.4032124],[9.2594328,45.4048508],[9.2585628,45.4066091],[9.2580587,45.4076651],[9.2580262,45.4078478],[9.2580749,45.4080019],[9.2584002,45.4085842],[9.2587823,45.4086127],[9.2587254,45.4087212],[9.2585303,45.4088867],[9.2583351,45.409018],[9.2588531,45.4093341],[9.2582201,45.4098688],[9.2573617,45.4105316],[9.2563747,45.4113149],[9.2554091,45.4120982],[9.2545293,45.4127686],[9.2535745,45.4134916],[9.2524909,45.4142598],[9.2510317,45.4151937],[9.2493902,45.4162932],[9.2483603,45.4169786],[9.2476092,45.4175509],[9.2471908,45.417935],[9.2468368,45.4183417],[9.2465149,45.4187333],[9.2463218,45.4191173],[9.2459141,45.4198779],[9.2452811,45.421015],[9.2441438,45.4227922],[9.2435323,45.4235528],[9.2428885,45.4243208],[9.2421268,45.4252696],[9.2414294,45.4261054],[9.24026,45.4278448],[9.2402385,45.428402],[9.2402385,45.4289893],[9.240099,45.4295238],[9.2399703,45.4300358],[9.2398308,45.4305554],[9.2396592,45.4310975],[9.2391335,45.4311953],[9.2385541,45.4313534],[9.2381571,45.4315417],[9.2378138,45.4317525],[9.237567,45.4319708],[9.2370628,45.4324527],[9.2365693,45.4328668],[9.2359577,45.4333411],[9.2351316,45.4339434],[9.2341338,45.434621],[9.2332326,45.4351781],[9.2327498,45.4354642],[9.2325352,45.4355621],[9.2323206,45.4353964],[9.2307757,45.4361945],[9.2302607,45.4356976],[9.2307971,45.4354265],[9.2306469,45.4352609],[9.2317413,45.4346737],[9.2312014,45.4341821],[9.2322034,45.4337356],[9.2319559,45.4326861],[9.2310976,45.4329119],[9.2309044,45.431873],[9.230604,45.431873],[9.2305826,45.4314363],[9.2296599,45.4314664],[9.2293809,45.4292678],[9.2305826,45.428786],[9.2317627,45.4281685],[9.2318392,45.428143],[9.2325352,45.4276264],[9.2342304,45.4257741],[9.2340522,45.4256381],[9.2339523,45.4255928],[9.2336728,45.4254706],[9.2332978,45.4253066],[9.2331369,45.4254949],[9.2326112,45.4260295],[9.2322312,45.4258451],[9.2315146,45.4254973],[9.2313023,45.4257208],[9.230853,45.4255485],[9.229296,45.4269707],[9.2284484,45.4277086],[9.227912,45.4283712],[9.2269142,45.4293124],[9.2264421,45.4297491],[9.2262705,45.4300041],[9.226256,45.4300253],[9.2260666,45.4303063],[9.2259645,45.4303851],[9.225852,45.4304719],[9.2247255,45.4312248],[9.2239841,45.4315716],[9.2238886,45.4316163],[9.2237042,45.431674],[9.2229016,45.431925],[9.2219038,45.4308935],[9.2207344,45.4314356],[9.2191572,45.4325499],[9.2176981,45.4317744],[9.2175264,45.4317293],[9.215327,45.4323467],[9.2151017,45.4325725],[9.214576,45.4346505],[9.2097158,45.433491],[9.2076774,45.4330017],[9.206862,45.4328059],[9.2064972,45.4326177],[9.2066581,45.4324822],[9.2070658,45.4317594],[9.2072268,45.4313603],[9.2076345,45.4308032],[9.2081387,45.429975],[9.2084498,45.4300202],[9.2092438,45.4289585],[9.2098982,45.4283411],[9.2109926,45.4271062],[9.2116363,45.4261726],[9.2117758,45.4262253],[9.2123766,45.4264512],[9.2124946,45.4263608],[9.2127628,45.4262704],[9.2161853,45.4240943],[9.2154506,45.4235656],[9.2149545,45.4232551],[9.2152771,45.422957],[9.2144957,45.4224572],[9.212428,45.4238209],[9.2102883,45.4230221],[9.2103703,45.4229271],[9.2105527,45.4227916],[9.2107458,45.422528],[9.2098231,45.422159],[9.2107673,45.4209768],[9.2089326,45.4202614],[9.2086537,45.4202463],[9.2084177,45.4201861],[9.207334,45.4198472],[9.2070551,45.4197869],[9.2069049,45.4197945],[9.2063255,45.4199375],[9.2061539,45.4199978],[9.2059929,45.4201785],[9.2047699,45.4200354],[9.2040296,45.4198095],[9.2036326,45.4200882],[9.202946,45.4204421],[9.2027206,45.4202388],[9.2020662,45.4205852],[9.2020125,45.4208789],[9.1994054,45.4221139],[9.1988583,45.4224452],[9.1984935,45.4227313],[9.1981287,45.4230476],[9.197839,45.4233789],[9.1976352,45.4237027],[9.197485,45.4240341],[9.1967983,45.4255626],[9.1960688,45.4272568],[9.195468,45.4287402],[9.1950281,45.4296587],[9.1946526,45.4302686],[9.1940303,45.4312324],[9.1926355,45.4333028],[9.1914983,45.4349591],[9.1912193,45.4353205],[9.1911442,45.4353732],[9.1910369,45.4353958],[9.1909189,45.4353732],[9.1908224,45.4353205],[9.1907795,45.4352452],[9.190758,45.4349441],[9.1906829,45.4321283],[9.1905112,45.4321283],[9.1901143,45.4320907],[9.1895134,45.4319476],[9.1889234,45.4319024],[9.1880972,45.4319551],[9.1872711,45.4319702],[9.1874106,45.4297717],[9.1880651,45.4261726],[9.1891379,45.4252238],[9.1875608,45.4242223],[9.1872926,45.4244181],[9.1871424,45.4245084],[9.1868956,45.4245536],[9.1866381,45.4246063],[9.1864128,45.4247494],[9.183634,45.4269933],[9.1836126,45.4281152],[9.1807587,45.4281453],[9.1807585,45.4281385],[9.1807158,45.4269331],[9.1807158,45.4263988],[9.1807158,45.4258278],[9.1807158,45.4252012],[9.1806729,45.423025],[9.1806574,45.4218956],[9.1806514,45.4214587],[9.1804098,45.4210703],[9.18225,45.4201559],[9.1821535,45.4198246],[9.1825303,45.4195041],[9.1830654,45.4190489],[9.1834302,45.4187853],[9.1845292,45.4179159],[9.184782,45.417716],[9.1833766,45.4169478],[9.1827114,45.4166842],[9.1824861,45.416511],[9.1823359,45.4163077],[9.1822178,45.4159914],[9.1820998,45.4153813],[9.1819818,45.4149144],[9.1819925,45.414583],[9.1826255,45.4107494],[9.1835268,45.4083015],[9.1791494,45.4079324],[9.1776474,45.4077818],[9.17489,45.4080153],[9.1752441,45.406554],[9.1754694,45.4056275],[9.175523,45.405266],[9.1754801,45.4048818],[9.1753836,45.4045428],[9.1751154,45.404008],[9.17489,45.4035335],[9.1747077,45.402961],[9.1744609,45.4018235],[9.1741283,45.4002491],[9.1740103,45.3997594],[9.1738064,45.398539],[9.1736455,45.3973562],[9.1734095,45.3956385],[9.1734202,45.3953748],[9.1734738,45.3952091],[9.1735811,45.3950735],[9.1736991,45.3949755],[9.1738493,45.3948851],[9.1739137,45.3947118],[9.1739674,45.3946214],[9.1740747,45.3945612],[9.1755445,45.3942523],[9.1783555,45.3936269],[9.1786988,45.3935591],[9.1789134,45.3935667],[9.1790421,45.3936043],[9.179203,45.3936345],[9.179364,45.3936119],[9.1795034,45.3935365],[9.1795678,45.3934311],[9.1795571,45.3933105],[9.1794176,45.393205],[9.1792674,45.3930468],[9.1791816,45.3929489],[9.1791172,45.3926174],[9.1790636,45.392203],[9.1790421,45.3907112],[9.1790743,45.3905529],[9.1791279,45.3903947],[9.1792138,45.3902666],[9.1792567,45.3901159],[9.1792245,45.390018],[9.1791279,45.389905],[9.178967,45.3897995],[9.1788812,45.3896036],[9.178849,45.3894378],[9.1787953,45.389144],[9.1786559,45.3888501],[9.1784091,45.3885562],[9.1783984,45.3877425],[9.1787095,45.3867629],[9.178613,45.3863334],[9.1808982,45.3859793],[9.1807909,45.3856025],[9.1795034,45.3857909],[9.1792781,45.3849168],[9.1779585,45.3851203],[9.1776366,45.3841708],[9.1778941,45.3841181],[9.1782696,45.3839824],[9.178731,45.383779],[9.1791816,45.3835529],[9.1810806,45.3823472],[9.1815848,45.3820006],[9.1819711,45.3818423],[9.1823895,45.3817368],[9.1828187,45.3816841],[9.1838808,45.3815861],[9.1844494,45.3815032],[9.1848464,45.3814279],[9.1852005,45.3812847],[9.1856403,45.3809983],[9.1869707,45.3800036],[9.1881509,45.3792198],[9.1885908,45.3790767],[9.1898997,45.3787451],[9.190994,45.378421],[9.1905863,45.3780141],[9.1914232,45.3776071],[9.1916163,45.3777352],[9.192539,45.3771549],[9.1929681,45.3771398],[9.1937835,45.3764766],[9.1937728,45.3755723],[9.1937084,45.3738313],[9.1937084,45.3721958],[9.1937084,45.37102],[9.1937192,45.3705452],[9.1937835,45.3702814],[9.1941483,45.3694975],[9.1946311,45.3682387],[9.1922278,45.3681558],[9.1915627,45.3680202],[9.1911442,45.3679825],[9.1914661,45.3674548],[9.1909082,45.3672589],[9.1909404,45.3671986],[9.1896315,45.3667991],[9.1896744,45.3663393],[9.1878398,45.3670629],[9.1875179,45.3672212],[9.1869493,45.3675302],[9.1861231,45.3679749],[9.1859455,45.3680545],[9.1853828,45.368299],[9.1845782,45.3685478],[9.1841061,45.3686608],[9.1835268,45.3687588],[9.1829689,45.3688116],[9.1822929,45.3688417],[9.181145,45.368789],[9.1781945,45.3684649],[9.1772397,45.368382],[9.1764565,45.3684121],[9.1757376,45.3685252],[9.1751046,45.3686458],[9.1746111,45.3687061],[9.1742678,45.3687211],[9.1737099,45.3687061],[9.1727228,45.3686307],[9.1693325,45.3683669],[9.1683669,45.3682764],[9.1678734,45.3681483],[9.1675193,45.3680503],[9.1673161,45.3684044],[9.1670744,45.3688256],[9.1667633,45.3693381],[9.1666238,45.3696321],[9.1665702,45.3698657],[9.1665702,45.3701296],[9.1667418,45.3705441],[9.1672246,45.3713204],[9.1673212,45.3715013],[9.1665272,45.3718631],[9.1657762,45.3725414],[9.1654436,45.3728429],[9.1651432,45.3731368],[9.1646604,45.3734383],[9.1642956,45.3735288],[9.1634373,45.3738981],[9.1622679,45.3744181],[9.163373,45.3756089],[9.1635339,45.3756692],[9.1647892,45.3769127],[9.1647248,45.3772292],[9.1645531,45.3775608],[9.1642742,45.3779678],[9.1641025,45.3782014],[9.1638558,45.3783747],[9.163491,45.3785556],[9.1628151,45.3788194],[9.1623645,45.3790002],[9.1621392,45.3791283],[9.1617529,45.3792188],[9.1614418,45.3793469],[9.16068,45.3797161],[9.1594677,45.3800327],[9.1592754,45.3795136],[9.1591243,45.3791057],[9.1586094,45.3776437],[9.1583841,45.3770634],[9.1581588,45.3767996],[9.1579871,45.3767469],[9.1578905,45.376762],[9.1578047,45.3765886],[9.157676,45.376159],[9.1576009,45.3757822],[9.157,45.3751416],[9.1563992,45.3744407],[9.1561203,45.373981],[9.1563563,45.3731067],[9.1559568,45.3728152],[9.1544037,45.3716822],[9.1535668,45.372451],[9.1532235,45.3722701],[9.153084,45.3722626],[9.1529338,45.3723078],[9.1526549,45.3724661],[9.1519253,45.3730012],[9.1518502,45.3729333],[9.1502945,45.3737775],[9.1488139,45.3724887],[9.1482668,45.3721043],[9.148417,45.3716822],[9.1485672,45.3712677],[9.1486208,45.370921],[9.1484384,45.370823],[9.1463248,45.370122],[9.1449301,45.3699637],[9.1449516,45.3702049],[9.1448765,45.3704612],[9.144855,45.3706798],[9.144973,45.3708381],[9.1451983,45.3709511],[9.1453914,45.3711169],[9.1454987,45.3713054],[9.145606,45.3714787],[9.1456167,45.3716596],[9.1455202,45.3717953],[9.1454344,45.3718932],[9.1452842,45.3720591],[9.1429023,45.3714259],[9.1434924,45.370122],[9.1440825,45.3688557],[9.1444044,45.3681472],[9.1443829,45.3678382],[9.1442005,45.3677327],[9.1435246,45.3680869],[9.14066,45.3704763],[9.1395871,45.3691723],[9.1396408,45.3690668],[9.139158,45.3684336],[9.1395335,45.3680643],[9.1395442,45.3679663],[9.1394799,45.367906],[9.1399412,45.3674914],[9.1382138,45.3670392],[9.1361325,45.3679739],[9.1360252,45.3681171],[9.1360574,45.3682452],[9.1361811,45.3684476],[9.1362144,45.3685021],[9.1377525,45.3710189],[9.1382608,45.3719411],[9.1384105,45.3721988],[9.1392224,45.3735966],[9.1409175,45.3765208],[9.1421621,45.3786686],[9.1423337,45.3789399],[9.1424517,45.379068],[9.1423337,45.3791359],[9.1422157,45.3792489],[9.1421406,45.3793846],[9.1419797,45.379475],[9.1431062,45.3815021],[9.1417973,45.38316],[9.1414432,45.3837704],[9.1412287,45.3843506],[9.1409497,45.3852322],[9.1406922,45.3862871],[9.1406278,45.386792],[9.1406278,45.3870407],[9.1405742,45.3872742],[9.1406493,45.3874325],[9.140821,45.3876585],[9.1411535,45.3880428],[9.1414432,45.3882839],[9.1416685,45.3884346],[9.1417973,45.3885853],[9.1418509,45.3888792],[9.1419475,45.3891504],[9.1420333,45.3893388],[9.1420655,45.3896628],[9.1419904,45.3901977],[9.1419797,45.390484],[9.1420762,45.3907176],[9.1420977,45.3910567],[9.1420977,45.3913656],[9.1420226,45.3917875],[9.1420226,45.3921115],[9.1420226,45.3925108],[9.1419368,45.3927519],[9.1417758,45.3929779],[9.1413896,45.3934903],[9.1413359,45.3936183],[9.1413467,45.3938218],[9.1413145,45.3939197],[9.1411965,45.3939498],[9.1410892,45.3939423],[9.1403596,45.3940402],[9.1402201,45.394093],[9.1401236,45.3941834],[9.1400592,45.3942663],[9.139909,45.3942964],[9.1395764,45.3942587],[9.1391151,45.3950347],[9.1388254,45.3955018],[9.1386215,45.3957655],[9.1383962,45.3959765],[9.13801,45.3962552],[9.1376774,45.3964586],[9.1373448,45.3965942],[9.1361539,45.3969709],[9.1356604,45.3971141],[9.1351347,45.3972647],[9.1340618,45.3975133],[9.1317444,45.3979955],[9.1306715,45.398229],[9.1297166,45.398455],[9.1289119,45.3986735],[9.1278605,45.3989975],[9.126852,45.3993214],[9.1258113,45.3996905],[9.1246526,45.4001425],[9.124556,45.4001275],[9.1223137,45.3994193],[9.1197281,45.4009636],[9.1173463,45.4023121],[9.1175823,45.4030578],[9.1175823,45.4031934],[9.117475,45.4032838],[9.1160803,45.4038563],[9.116209,45.404828],[9.1148464,45.4056265],[9.1115205,45.4075397],[9.1094177,45.4087675],[9.1084413,45.4093248],[9.1075937,45.4097918],[9.1067033,45.4102588],[9.1055982,45.4107258],[9.1047077,45.4110722],[9.103667,45.4114187],[9.1026907,45.410191],[9.1025727,45.4094077],[9.1025083,45.4085566],[9.1025512,45.4071254],[9.1023259,45.407035],[9.1004054,45.4072384],[9.1002016,45.4072459],[9.1000728,45.4071857],[9.0998368,45.4072309],[9.0996544,45.4073062],[9.0994398,45.4073137],[9.0988176,45.4074117],[9.0983455,45.4074794],[9.0979914,45.4075623],[9.097691,45.4076753],[9.0973799,45.4078259],[9.0970366,45.4080594],[9.0963607,45.4084737],[9.0952127,45.4091365],[9.0947406,45.4093851],[9.0945475,45.4095282],[9.0944402,45.4096638],[9.0943468,45.4098124],[9.0932496,45.4095043],[9.0931151,45.4094646],[9.0929665,45.4094695],[9.0927966,45.4095143],[9.0902059,45.4103541],[9.0898803,45.4104534],[9.0896467,45.4104932],[9.0893777,45.4105081],[9.0884363,45.4105578],[9.0883089,45.4104882],[9.0892857,45.4088384],[9.088953,45.4088633],[9.086242,45.4091664],[9.0859306,45.410846],[9.0852864,45.4116113],[9.0849325,45.411979],[9.0845149,45.4123367],[9.0840406,45.4127044],[9.0837646,45.4129131],[9.084522,45.4129777],[9.0831205,45.4140957],[9.0819808,45.4150547],[9.0815915,45.4146473],[9.0814783,45.4146026],[9.0814004,45.4145926],[9.0812376,45.4146672],[9.0807067,45.4142846],[9.0812093,45.4138771],[9.0807704,45.4135989],[9.0811597,45.4132759],[9.080098,45.4129529],[9.0789867,45.4137926],[9.078569,45.4135194],[9.0778683,45.4132063],[9.0764031,45.4147367],[9.076304,45.4148262],[9.0762049,45.414856],[9.075943,45.4147964],[9.0758297,45.4142995],[9.0743149,45.4136933],[9.0738902,45.4137529],[9.0735505,45.4137827],[9.0730833,45.4138026],[9.0727577,45.4137976],[9.0720428,45.413743],[9.0713845,45.4138622],[9.0696998,45.4142051],[9.0695016,45.4142548],[9.0693742,45.4143044],[9.0666986,45.4167093],[9.0640159,45.4158547],[9.0605545,45.4147715],[9.0589265,45.4161528],[9.0573693,45.4155218],[9.0561589,45.4151243],[9.0526197,45.4140063],[9.0524498,45.4139318],[9.0523507,45.4138672],[9.0522374,45.413743],[9.0521808,45.4136635],[9.0507439,45.4132113],[9.0505457,45.4131666],[9.0503546,45.4131815],[9.0501918,45.4131666],[9.0466975,45.412351],[9.0436938,45.411651],[9.0399423,45.4107665],[9.0369906,45.4100808],[9.0368419,45.4104485],[9.0367924,45.410687],[9.0368136,45.4109553],[9.0368702,45.4116659],[9.0369269,45.4119094],[9.0368773,45.4120833],[9.0368065,45.4122075],[9.0366225,45.4124212],[9.0363394,45.4127094],[9.0365942,45.4128684],[9.0387389,45.4136833],[9.041726,45.4148411],[9.0443804,45.4158597],[9.0444937,45.4159143],[9.0445503,45.415964],[9.0445998,45.4160286],[9.0446919,45.4160932],[9.0448193,45.416123],[9.0450175,45.416118],[9.0451378,45.416128],[9.0466101,45.4166894],[9.0507156,45.4182943],[9.053278,45.4192979],[9.0534691,45.4193874],[9.0535045,45.4194768],[9.0534974,45.4195364],[9.0527471,45.4204257],[9.0516641,45.4216976],[9.0514871,45.4218765],[9.050666,45.4226068],[9.0504678,45.4227757],[9.0503333,45.4229844],[9.0493211,45.4247132],[9.0485425,45.4260645],[9.0483018,45.426144],[9.0482098,45.4260993],[9.0480966,45.4261092],[9.0474383,45.426293],[9.0471905,45.4264669],[9.0451944,45.4269984],[9.0423418,45.4277734],[9.0435593,45.4297803],[9.0438354,45.4304211],[9.0437858,45.4304609],[9.0450387,45.4320951],[9.0457749,45.433029],[9.0463694,45.433029],[9.0467446,45.4338833],[9.0470277,45.4339181],[9.0472755,45.4339926],[9.0474878,45.4341118],[9.0477993,45.4343303],[9.0480895,45.4345688],[9.0486487,45.4345787],[9.0491229,45.4339876],[9.0500007,45.4329743],[9.0503829,45.4324925],[9.050666,45.4322292],[9.0510907,45.4319014],[9.0512748,45.4320156],[9.0516428,45.4321547],[9.0517419,45.4322193],[9.0523507,45.4317623],[9.0525347,45.4315984],[9.0542052,45.4306347],[9.0546441,45.4303913],[9.054906,45.4305503],[9.0554227,45.43059],[9.0551113,45.4308284],[9.057794,45.4316232],[9.0580842,45.4316282],[9.0591459,45.4318169],[9.0595565,45.4314096],[9.0597334,45.4313947],[9.0602502,45.4320057],[9.0605758,45.4325372],[9.0606182,45.4326713],[9.0608801,45.4326763],[9.0616021,45.4325024],[9.0633505,45.4320802],[9.0635133,45.4320057],[9.0640867,45.4319759],[9.0645184,45.4319709],[9.0650281,45.4320603],[9.0655731,45.4321945],[9.0661252,45.4324677],[9.0664225,45.4326663],[9.0665924,45.4325869],[9.0667694,45.4326713],[9.0668826,45.4327011],[9.0671091,45.4327011],[9.0672153,45.4326663],[9.0677887,45.4322193],[9.0687088,45.4314345],[9.0694167,45.4315487],[9.0697635,45.4312805],[9.0732107,45.4285682],[9.0734584,45.428603],[9.0736283,45.4285782],[9.0739327,45.4285633],[9.0742017,45.4286229],[9.0745556,45.4287123],[9.0748175,45.4288017],[9.0753271,45.4291047],[9.0752068,45.4292488],[9.0747538,45.4293183],[9.0752705,45.4297058],[9.0752776,45.429825],[9.0752422,45.4299889],[9.0751997,45.430138],[9.0749732,45.4306943],[9.0768702,45.4311911],[9.0771534,45.4306546],[9.0780948,45.4312308],[9.0795742,45.4321249],[9.0808129,45.4328005],[9.0799918,45.4338336],[9.0798007,45.4338634],[9.0787177,45.4356317],[9.0808908,45.4361681],[9.0797724,45.438289],[9.079737,45.4383585],[9.0796096,45.4383536],[9.0794397,45.4383238],[9.0789088,45.4388353],[9.0769693,45.4406879],[9.0762049,45.4415719],[9.0796308,45.4432158],[9.0797582,45.4433052],[9.0799564,45.4434194],[9.0801404,45.4432704],[9.0803599,45.4431264],[9.0805085,45.4430718],[9.0807067,45.4429873],[9.0808766,45.442888],[9.0825896,45.4438266],[9.0827311,45.4435634],[9.0840902,45.4439359],[9.0838706,45.4442763],[9.0850194,45.4446236],[9.0844403,45.4455672],[9.0843983,45.4456328],[9.0843142,45.4457114],[9.0841975,45.4457605],[9.0841274,45.4457999],[9.0840574,45.4458949],[9.084048,45.4459735],[9.0840714,45.4460456],[9.0840761,45.446121],[9.084034,45.4462586],[9.083992,45.4464388],[9.0839033,45.4466517],[9.0837865,45.4468778],[9.0836604,45.4470842],[9.0834409,45.4474053],[9.0831047,45.4478574],[9.0825536,45.4485716],[9.0824089,45.4487551],[9.0824462,45.4489517],[9.0818204,45.4494169],[9.0806716,45.4503211],[9.080298,45.450652],[9.0801626,45.4507536],[9.0799805,45.4508518],[9.0793967,45.4511762],[9.0792426,45.4512646],[9.0790978,45.4514055],[9.0789858,45.4515234],[9.078897,45.4516348],[9.0783553,45.4523981],[9.0775894,45.4535021],[9.0775287,45.4535873],[9.0775054,45.4536692],[9.0775147,45.4537446],[9.0775427,45.4538527],[9.0767722,45.4544292],[9.0768796,45.4548518],[9.0769543,45.4551434],[9.0770103,45.4554349],[9.077029,45.4556053],[9.0770197,45.4557396],[9.0769683,45.4558444],[9.0768656,45.4559525],[9.0767862,45.4560147],[9.0766554,45.4560704],[9.0761464,45.4561982],[9.0759503,45.4562571],[9.0758335,45.4563128],[9.0757261,45.4563915],[9.0756467,45.4564832],[9.07553,45.4566601],[9.0754599,45.4567813],[9.0753618,45.4568828],[9.0752638,45.4569418],[9.0751283,45.4569876],[9.0749742,45.457004],[9.0747734,45.4570073],[9.0741523,45.4569647],[9.0733257,45.4569254],[9.0727373,45.4568926],[9.071313,45.4569254],[9.070944,45.456932],[9.0706872,45.4569057],[9.070421,45.4568402],[9.0702062,45.4567616],[9.070024,45.4567223],[9.0698653,45.4567158],[9.0695991,45.4567289],[9.0684596,45.4568009],[9.0677684,45.4568402],[9.0673715,45.4568402],[9.0669278,45.4568107],[9.0662974,45.4566764],[9.0658537,45.4573971],[9.064789,45.4590743],[9.0645553,45.4594443],[9.0639344,45.4604402],[9.062921,45.4620452],[9.0623606,45.4629557],[9.0614826,45.4627952],[9.0596193,45.462792],[9.0586012,45.4627658],[9.0579801,45.4627494],[9.0579381,45.4627002],[9.0583397,45.4622974],[9.0583117,45.4622253],[9.0566818,45.4617798],[9.0558179,45.4614752],[9.0555751,45.4614883],[9.0551875,45.4613475],[9.054968,45.4613573],[9.0547952,45.4613639],[9.0547064,45.4614326],[9.0546177,45.461413],[9.0537865,45.4612787],[9.0523995,45.4620255],[9.0519558,45.4619797],[9.0516056,45.4618978],[9.0499477,45.4641873],[9.0514608,45.4646],[9.0514421,45.4648816],[9.0518017,45.4652124],[9.051727,45.4653172],[9.0516289,45.4654188],[9.0514935,45.4655694],[9.05126,45.4657987],[9.0509051,45.4661623],[9.0506996,45.4664013],[9.0505361,45.4665651],[9.050396,45.4666699],[9.0506716,45.4666961],[9.0509845,45.4667518],[9.051302,45.4668369],[9.0516196,45.4669843],[9.0519605,45.4671808],[9.0521286,45.4670564],[9.0522454,45.466981],[9.0524555,45.466873],[9.0525909,45.4668369],[9.0542114,45.4670564],[9.0551501,45.4672136],[9.0557572,45.4673839],[9.0560234,45.4674592],[9.0561962,45.4675673],[9.0564624,45.4678064],[9.0567426,45.4680389],[9.0568686,45.4681306],[9.0570368,45.4681896],[9.0572563,45.4682583],[9.0574197,45.4683239],[9.0578307,45.4685662],[9.0590916,45.4693457],[9.0584284,45.4712975],[9.0591465,45.4714831],[9.0588067,45.4726347],[9.0602649,45.4731211],[9.0601799,45.4734686],[9.0599393,45.4738756],[9.0625158,45.4739649],[9.0626998,45.474223],[9.0703587,45.4744116],[9.0697358,45.4753448],[9.0681502,45.4763772],[9.0663664,45.4761588],[9.0650923,45.4782732],[9.0649649,45.4784221],[9.0648092,45.4785015],[9.0646535,45.4785312],[9.0644836,45.4784915],[9.0643137,45.4787893],[9.0640306,45.4802882],[9.0642005,45.4808937],[9.0644128,45.4806852],[9.0659842,45.481519],[9.0658285,45.4816679],[9.0671875,45.482184],[9.0690704,45.4812113],[9.0699481,45.4805661],[9.0717743,45.4790573],[9.0720999,45.4786901],[9.0722698,45.4786305],[9.0724822,45.4784915],[9.0726804,45.4783228],[9.0730343,45.4782831],[9.0733033,45.478025],[9.0736147,45.4779158],[9.0738271,45.4778662],[9.0740536,45.4777768],[9.0743933,45.4775386],[9.0746906,45.4773798],[9.0749879,45.4773103],[9.0751012,45.4772011],[9.0753135,45.4769033],[9.0756108,45.4762878],[9.0757807,45.4760297],[9.0760214,45.475861],[9.0764319,45.4756227],[9.0774795,45.4751562],[9.0772389,45.4749676],[9.0783856,45.4741138],[9.076616,45.4729523],[9.0777768,45.4720886],[9.077706,45.4719695],[9.0775362,45.4720192],[9.077253,45.4720489],[9.0769699,45.4720589],[9.0766301,45.4720291],[9.0764036,45.4719099],[9.0760638,45.4716717],[9.0747897,45.4705002],[9.0744217,45.4703513],[9.0740961,45.4702719],[9.0736713,45.4702719],[9.0732608,45.4702917],[9.0729069,45.4703314],[9.0735439,45.468743],[9.0744075,45.4669956],[9.073997,45.4668963],[9.0747897,45.4647219],[9.0750304,45.4643347],[9.075403,45.4637752],[9.0757249,45.4636398],[9.0759609,45.4636549],[9.0759395,45.4641214],[9.0759824,45.4645879],[9.0761111,45.4650845],[9.0762399,45.4655059],[9.0764974,45.4661079],[9.0773986,45.4660176],[9.0810035,45.4669205],[9.0808533,45.467387],[9.0820978,45.467703],[9.0830634,45.4681846],[9.0822266,45.4691778],[9.0861533,45.4706374],[9.0857885,45.4713597],[9.0889857,45.4720368],[9.0886853,45.4725184],[9.088342,45.4728494],[9.0879772,45.4731955],[9.0876983,45.4735566],[9.0869902,45.4747002],[9.0827416,45.4738876],[9.0820978,45.4745347],[9.0828274,45.474971],[9.0830205,45.4751967],[9.0833638,45.4760092],[9.0813039,45.4776944],[9.0818189,45.4779652],[9.082763,45.478221],[9.0843938,45.4784918],[9.0849302,45.477905],[9.0861533,45.4783413],[9.0860675,45.4793343],[9.0867756,45.4794246],[9.0868185,45.4795751],[9.0857242,45.4820124],[9.0866469,45.4836973],[9.0874193,45.4835318],[9.0885566,45.4833062],[9.0892559,45.483108],[9.0897582,45.4829752],[9.0914534,45.4824938],[9.0922473,45.4809743],[9.0900372,45.4804026],[9.0900801,45.4793193],[9.0924404,45.4789131],[9.0925477,45.4790033],[9.0948222,45.4798308],[9.0941141,45.4762349],[9.0943502,45.4761898],[9.0946935,45.4761597],[9.0952299,45.4761145],[9.0973113,45.4741434],[9.0941356,45.473346],[9.0935348,45.4731353],[9.0932129,45.4728644],[9.0931485,45.4726237],[9.0932129,45.4695239],[9.0943287,45.4676579],[9.0960882,45.4626616],[9.0971238,45.4628493],[9.0974328,45.4624672],[9.0975873,45.4618342],[9.0976767,45.4613951],[9.0977499,45.4608533],[9.0992216,45.4606137],[9.0989452,45.4613494],[9.0999697,45.4615547],[9.1002542,45.4609502],[9.1003193,45.4608533],[9.1017747,45.4610928],[9.1025309,45.4613894],[9.102474,45.4614464],[9.1031163,45.4617829],[9.1039457,45.461857],[9.1040189,45.4617943],[9.1060841,45.4621193],[9.107011,45.4622334],[9.1071655,45.4625299],[9.1074745,45.4625756],[9.1073158,45.4629929],[9.109987,45.4634652],[9.1099561,45.4635583],[9.1096292,45.464543],[9.109435,45.465073],[9.1093771,45.4652387],[9.1092714,45.4657691],[9.1087836,45.4658945],[9.1091251,45.4668981],[9.1074582,45.4668354],[9.1058354,45.4668054],[9.1051109,45.4687775],[9.1048482,45.4694927],[9.1029293,45.4691848],[9.1015958,45.4705305],[9.1020105,45.4708783],[9.1018398,45.4712261],[9.1010023,45.4721327],[9.1009454,45.4721897],[9.1009291,45.4722752],[9.1009698,45.472338],[9.1010429,45.4723722],[9.1023114,45.47272],[9.1024496,45.4727884],[9.1025228,45.4728682],[9.1025309,45.4729766],[9.1024415,45.4731704],[9.1022991,45.4736361],[9.1021069,45.473904],[9.1028044,45.474016],[9.1027179,45.4742081],[9.1021645,45.4748913],[9.1007048,45.4766934],[9.1002055,45.4773098],[9.1014072,45.4778483],[9.1015453,45.4779102],[9.1017936,45.477997],[9.1021742,45.4781785],[9.1023329,45.4783295],[9.1024389,45.4784814],[9.1028086,45.4790566],[9.1029293,45.4792368],[9.103157,45.4794363],[9.1107757,45.4768251],[9.1109024,45.4767832],[9.1113448,45.476637],[9.1126295,45.4764203],[9.1131092,45.476369],[9.1135239,45.4763861],[9.1137597,45.4764203],[9.1150932,45.4764089],[9.1152639,45.4773212],[9.1152657,45.4773449],[9.1153046,45.4778628],[9.1152396,45.4785925],[9.1148167,45.480548],[9.1143777,45.4828284],[9.1140931,45.4842308],[9.1141419,45.4843448],[9.1178821,45.4849661],[9.1182399,45.4847096],[9.124517,45.4826517],[9.1334529,45.4802402],[9.1366727,45.479556],[9.138494,45.4791456],[9.1399666,45.4787362],[9.1400389,45.4787408],[9.1401446,45.4788092],[9.1403154,45.4791171],[9.1404699,45.4794591],[9.1405756,45.4798183],[9.1406081,45.4801148],[9.1405756,45.4803941],[9.1405268,45.480702],[9.1403967,45.4810554],[9.1402747,45.4813804],[9.1401202,45.4816141],[9.1398844,45.4818707],[9.1394697,45.4821899],[9.1392909,45.4822754],[9.1372337,45.4827771],[9.1308916,45.4843334],[9.1248365,45.4858815],[9.1247446,45.4858953],[9.1192888,45.4850232],[9.1192314,45.4851736],[9.1187164,45.486708],[9.1185233,45.4873549],[9.1180083,45.4879566],[9.1168281,45.4887088],[9.1129014,45.4907696],[9.1125795,45.49092],[9.1124293,45.4907245],[9.1118285,45.49089],[9.1110989,45.4909501],[9.1090819,45.4902883],[9.1082236,45.491672199999996],[9.1077944,45.4925145],[9.1060993,45.4922738],[9.1063782,45.4915819],[9.1066143,45.4916421],[9.1072365,45.4904086],[9.1062066,45.4901529],[9.1058632,45.4908448],[9.1051981,45.4907095],[9.1054126,45.4902883],[9.1044685,45.4900626],[9.1043397,45.4904989],[9.102709,45.4901378],[9.1030308,45.4892202],[9.1015932,45.4889495],[9.1017219,45.488438],[9.1013424,45.4883722],[9.1000053,45.4878062],[9.0996191,45.4904086],[9.0992328,45.4905891],[9.0987178,45.4908749],[9.0984174,45.491266],[9.0979883,45.4911457],[9.097881,45.4931162],[9.0972802,45.4932215],[9.0967008,45.4963651],[9.0968296,45.4964854],[9.0971135,45.4964776],[9.0988087,45.4963572],[9.0993237,45.4964174],[9.1010188,45.4965979],[9.1001605,45.4972597],[9.0991735,45.4981922],[9.098401,45.4988389],[9.0972852,45.4994706],[9.096105,45.5001624],[9.09559,45.5005234],[9.0947961,45.501516],[9.0923928,45.5015912],[9.0918779,45.4993954],[9.0906548,45.4982524],[9.0910625,45.4978011],[9.0891527,45.4966881],[9.088745,45.4968837],[9.0866422,45.4961166],[9.0866636,45.4959361],[9.0869426,45.4957556],[9.0871357,45.4954698],[9.087007,45.4947779],[9.0872215,45.4941913],[9.0871357,45.4940559],[9.0843891,45.4942816],[9.084432,45.495545],[9.0828013,45.4965979],[9.0830158,45.4980267],[9.0798616,45.4978011],[9.0769219,45.4976056],[9.0749907,45.4973499],[9.0746259,45.4971394],[9.074368399999999,45.4971394],[9.0744542,45.4987788],[9.0747117,45.5000872],[9.0717076,45.5058923],[9.0727162,45.5060878],[9.0731024,45.5059976],[9.073317,45.5058923],[9.0751838,45.5062232],[9.0754198,45.5062232],[9.0755057,45.5064187],[9.0751623,45.5065991],[9.0719866,45.5117419],[9.071772,45.5119976],[9.0715145,45.5123434],[9.0711712,45.5130651],[9.0641331,45.5123133],[9.064176,45.5119224],[9.0642189,45.5114111],[9.064176,45.5108397],[9.0636825,45.508915],[9.06291,45.5087646],[9.0619229,45.5094563],[9.0609359,45.5102082],[9.0602278,45.510975],[9.0597557,45.5118021],[9.0594768,45.5127343],[9.0594982,45.5136065],[9.0596699,45.5145237],[9.0598201,45.5151852],[9.0599703,45.5160723],[9.0596699,45.5163881],[9.0592622,45.5168843],[9.0587687,45.5176962],[9.0584039,45.5181773],[9.0579533,45.5184329],[9.0574168,45.5186133],[9.0568589,45.5186734],[9.0561938,45.5186283],[9.0551423,45.518463],[9.0540909,45.5162979],[9.0531038,45.517621],[9.0529322,45.5177262],[9.0527391,45.5177713],[9.0525889,45.5176811],[9.0520095,45.5172902],[9.0523528,45.5164031],[9.0504646,45.5161175],[9.049971,45.5158618],[9.0491556,45.5156363],[9.0471778,45.5153663],[9.0471561,45.5153327],[9.0484046,45.5126291],[9.0484261,45.5123133],[9.0483188,45.5117419],[9.0485977,45.5106743],[9.0392851,45.5096969],[9.0372466,45.5132305],[9.0369891,45.5131554],[9.0364312,45.5141026],[9.0332126,45.5137719],[9.0329336,45.5136816],[9.0328478,45.5134411],[9.0326118,45.5132305],[9.0324616,45.5129749],[9.0317749,45.5122381],[9.0315603,45.5123735],[9.0309381,45.5127795],[9.0299725,45.5137117],[9.0280842,45.5137418],[9.0263032,45.5138771],[9.0253805,45.5141026],[9.0242004,45.5153807],[9.0245222,45.5154709],[9.0248012,45.5174255],[9.024651,45.517606],[9.0243935,45.5179969],[9.0222692,45.5177112],[9.0195011,45.5175007],[9.0197372,45.516343],[9.0199088,45.5160423],[9.022591,45.5169444],[9.0231275,45.5150048],[9.0218829,45.5147191],[9.0220331,45.5143733],[9.0211963,45.5141478],[9.021003200000001,45.5143282],[9.0202951,45.5141327],[9.0208744,45.5133809],[9.0211963,45.5127343],[9.019587,45.5119825],[9.0211105,45.510148],[9.0191364,45.5091405],[9.0192222,45.5090353],[9.0202092,45.5093661],[9.0208101,45.5094262],[9.0211319,45.5089601],[9.0220331,45.5093059],[9.0225481,45.5086593],[9.0261959,45.5091555],[9.0261101,45.5094864],[9.0255522,45.5095164],[9.0250372,45.5103134],[9.0255522,45.5105239],[9.0247368,45.5116216],[9.0265822,45.5122832],[9.0268182,45.5116367],[9.0273117,45.5121028],[9.02817,45.5112908],[9.0286206,45.5114262],[9.0306806,45.5094713],[9.0310024,45.5096217],[9.0334272,45.5062382],[9.0357446,45.5071555],[9.0359806,45.50693],[9.0384268,45.5077721],[9.0398215,45.505381],[9.0394782,45.5052758],[9.0398859,45.504208],[9.0365171,45.5034862],[9.037311,45.5020424],[9.0320968,45.5003429],[9.0331053,45.498854],[9.0322041,45.4983877],[9.0333842,45.4964024],[9.0345,45.4945824],[9.0346502,45.4945523],[9.03553,45.4929278],[9.0348434,45.4925367],[9.0343713,45.4924164],[9.0346932,45.4916493],[9.0349077,45.4916342],[9.0350794,45.4912732],[9.0364098,45.491559],[9.0370321,45.4901601],[9.0386843,45.4901601],[9.0386414,45.4893628],[9.038341,45.489077],[9.037826,45.4887912],[9.0382122,45.4884301],[9.0389847,45.4881895],[9.0393495,45.4874523],[9.0385555,45.4872417],[9.0398859,45.4849551],[9.0377616,45.4842781],[9.038062,45.4836312],[9.0387272,45.4826684],[9.0388115,45.4825148],[9.0388345,45.4824728],[9.038813,45.4822923],[9.0386414,45.482202],[9.0373325,45.4818409],[9.0374183,45.4813896],[9.0370964,45.4809533],[9.0371608,45.4806674],[9.0378904,45.4791178],[9.0402507,45.4795691],[9.041109,45.4775831],[9.0420317,45.4762741],[9.0430187,45.4765299],[9.0438556,45.4750253],[9.0447139,45.4737914],[9.0454864,45.4732197],[9.0412807,45.4716547],[9.0353798,45.4698189],[9.03553,45.4693223],[9.0341567,45.4690515],[9.0337705,45.4688558],[9.0334701,45.4686452],[9.0332126,45.4683743],[9.0317105,45.4700145],[9.0313029,45.4707218],[9.0310024,45.471429],[9.0304445,45.472061],[9.0312814,45.4734604],[9.0303802,45.4752359],[9.0312385,45.4754466],[9.030702,45.4757174],[9.0321397,45.4760484],[9.0319037,45.4764697],[9.0318393,45.4766653],[9.0319037,45.4769061],[9.032483,45.4781398],[9.0325259,45.4784708],[9.0325045,45.4786514],[9.0281486,45.4775681],[9.0262748,45.4810027],[9.0270882,45.481452],[9.0267062,45.4821951],[9.0245988,45.4809681],[9.024229,45.4813224],[9.0240072,45.4816248],[9.0232924,45.4830851],[9.0206304,45.4826531],[9.0204085,45.4834135],[9.0190405,45.4833271],[9.0190282,45.4836986],[9.0176546,45.4836834],[9.017463,45.4836813],[9.0174137,45.4823506],[9.0180793,45.4815298],[9.017993,45.4814693],[9.0174261,45.4821346],[9.017081,45.4820309],[9.0172782,45.4818063],[9.0169701,45.4817112],[9.0172289,45.4812014],[9.0176726,45.4812878],[9.0178944,45.4809422],[9.01803,45.4803805],[9.0176602,45.4803027],[9.0181778,45.4791102],[9.0187817,45.4783152],[9.0165264,45.4770449],[9.0162306,45.4781165],[9.0140246,45.4777708],[9.0136795,45.4786695],[9.0160334,45.4790843],[9.0156637,45.4800262],[9.0156391,45.4801904],[9.0155651,45.4803978],[9.0146655,45.4819445],[9.0145176,45.4819532],[9.0142711,45.4821951],[9.0140492,45.4827827],[9.0140369,45.483016],[9.012102,45.482679],[9.0134454,45.4793003],[9.0088238,45.478177],[9.00541,45.4774165],[9.0058906,45.4763277],[9.0058167,45.4762412],[9.0061618,45.4750746],[9.0083801,45.4755326],[9.0089717,45.4738993],[9.0094893,45.4726461],[9.0082692,45.4719634],[9.0040666,45.4696472],[8.9993465,45.4670629],[8.9987796,45.4675469],[8.9978552,45.4698114],[8.9952179,45.4692496],[8.9942936,45.4689298],[8.9935911,45.4687051],[8.9926298,45.4683853],[8.9927284,45.4682643],[8.9913481,45.4677889],[8.9911139,45.4681001],[8.9912372,45.468247],[8.991459,45.4684026],[8.9916808,45.4685927],[8.9918164,45.4687829],[8.9919643,45.468973],[8.9921491,45.4690767],[8.9927654,45.4693965],[8.9930735,45.4695867],[8.9932953,45.46982],[8.9926175,45.4710646],[8.9923587,45.4709954],[8.9918903,45.4709695],[8.9915822,45.4715485],[8.9910893,45.4714103],[8.9907935,45.4721276],[8.9904731,45.4730437],[8.990165,45.4729918],[8.9899185,45.4738733],[8.9894255,45.4738301],[8.98876,45.4737005],[8.9885258,45.4742882],[8.9872811,45.4739943],[8.9857899,45.4779523],[8.9854448,45.4779177],[8.9842986,45.4806311],[8.9872441,45.4813224],[8.9865786,45.483776400000004],[8.9850134,45.4833703],[8.9847793,45.4843121],[8.9848779,45.4843553],[8.9848286,45.4848132],[8.9845451,45.48477],[8.9842863,45.4859019],[8.9823514,45.486213],[8.9821419,45.4866795],[8.9815134,45.4867659],[8.9812176,45.4876559],[8.981994,45.4878028],[8.9821296,45.4874485],[8.9830539,45.4874399],[8.9822651,45.4893234],[8.9836947,45.4897208],[8.9839536,45.4898331],[8.9848655,45.490628],[8.9849641,45.490628],[8.9851367,45.4903083],[8.9881684,45.4910686],[8.9888709,45.4899627],[8.9901403,45.4902651],[8.9903375,45.4902478],[8.991878,45.4905934],[8.9918164,45.4907576],[8.9916932,45.4907489],[8.9916069,45.4907835],[8.9911262,45.491682],[8.9908428,45.4916129],[8.9905963,45.492088],[8.9904114,45.4920362],[8.9903005,45.4920708],[8.9901896,45.492209],[8.990128,45.4923904],[8.9900664,45.4926323],[8.9897706,45.4930902],[8.9908305,45.4933926],[8.9906026,45.4938068],[8.9898938,45.4950167],[8.9911262,45.495345],[8.9905224,45.4963644],[8.9926421,45.4968136],[8.992827,45.4966062],[8.9976696,45.4978398],[8.9982062,45.4967455],[8.9989868,45.4952409],[8.9995234,45.4939186],[9.0000113,45.4937476],[9.0007268,45.4937476],[9.0032799,45.4941694],[9.0063228,45.4937432],[9.0091198,45.492854],[9.0102988,45.490386],[9.0104696,45.4903632],[9.0128845,45.4909275],[9.0130432,45.4909639],[9.0131409,45.4909662],[9.0132341,45.490956],[9.0133446,45.4909075],[9.0134012,45.4908656],[9.0135584,45.4907568],[9.0138114,45.4905627],[9.0139833,45.4904739],[9.0141032,45.4904746],[9.0161368,45.4906425],[9.0161287,45.4906995],[9.0167711,45.4907793],[9.0160393,45.4928882],[9.0175841,45.4932131],[9.0191453,45.4936862],[9.0190884,45.4938458],[9.0200397,45.4940852],[9.0199909,45.494296],[9.0212837,45.4950484],[9.0212105,45.4954645],[9.0210235,45.4967525],[9.0208447,45.4976188],[9.0207037,45.498087],[9.0206902,45.4981318],[9.0205113,45.4986675],[9.0200234,45.4999726],[9.0196657,45.49987],[9.0182834,45.4994597],[9.0175679,45.4993229],[9.0166003,45.4990892],[9.0163482,45.499642],[9.0161938,45.4997788],[9.0158279,45.4997047],[9.0137382,45.4991006],[9.0133805,45.4997446],[9.0115347,45.4992716],[9.0118844,45.498582],[9.0109981,45.4983426],[9.0104289,45.4982116],[9.0104858,45.4981033],[9.0109087,45.4972598],[9.0106972,45.4971686],[9.0104452,45.4970147],[9.0089003,45.4965759],[9.0088109,45.4965588],[9.0084368,45.4974194],[9.0073229,45.4971629],[9.0080059,45.495909],[9.007388,45.4957437],[9.0071684,45.4961541],[9.0068757,45.4960857],[9.0066724,45.4964505],[9.006957,45.4965303],[9.0068351,45.4967753],[9.0065586,45.4967126],[9.006022,45.4977556],[9.0057536,45.4976929],[9.0053959,45.4983939],[9.0050869,45.4983255],[9.0051682,45.4981603],[9.0047698,45.4980634],[9.0046316,45.4983597],[9.0042006,45.4993286],[9.0034282,45.499169],[9.0032981,45.4993913],[9.003103,45.4993514],[9.0029078,45.4993514],[9.0026151,45.4999726],[9.002981,45.4999213],[9.0027127,45.5008559],[9.0038185,45.5010383],[9.0031436,45.5023889],[9.0034444,45.502463],[9.0048511,45.5027594],[9.0056886,45.5029702],[9.007266,45.5033634],[9.0072369,45.5034317],[9.0057914,45.506143],[9.0035311,45.5059597],[9.0025224,45.505855],[9.0021581,45.5055474],[9.0003555,45.5049124],[8.9995336,45.5044869],[8.9981139,45.503996],[8.9980112,45.5041662],[8.9975255,45.5040549],[8.9974695,45.5038389],[8.9983474,45.5007163],[8.9984969,45.499898],[8.996797,45.500042],[8.9965915,45.4999897],[8.9964794,45.499898],[8.9964421,45.4997802],[8.9964981,45.4996427],[8.9967409,45.4991517],[8.9956949,45.4989226],[8.9954894,45.4993546],[8.9933972,45.4987458],[8.9931357,45.4992434],[8.9925006,45.499047],[8.9913424,45.5008865],[8.991632,45.5009913],[8.990726,45.5022482],[8.9902403,45.5033479],[8.9890915,45.5054295],[8.9953306,45.5075634],[8.9934781,45.5109682],[8.9964652,45.512119],[8.995545,45.513359],[8.9968899,45.5138055],[8.9980224,45.5143114],[8.9983055,45.5144899],[8.9993673,45.5150951],[8.9983905,45.5160573],[8.9986311,45.5161565],[8.9976119,45.5171385],[8.9982348,45.5175552],[8.9973429,45.5184678],[8.9978525,45.5187455],[8.9956441,45.5218898],[8.9950778,45.521741],[8.9946531,45.5222469],[8.9940302,45.5219196],[8.9935772,45.522356],[8.9928976,45.5219692],[8.9922606,45.522604],[8.9909299,45.5217807],[8.9902079,45.5214236],[8.9898539,45.5212947],[8.9896557,45.5212352],[8.9895,45.5211658],[8.9895,45.5210467],[8.9897124,45.5207888],[8.9886081,45.5204318],[8.9883816,45.5204417],[8.9880985,45.5207293],[8.9861732,45.5198862],[8.98589,45.5191026],[8.9857343,45.5186661],[8.9856494,45.5183983],[8.9853521,45.5181602],[8.9841346,45.5173072],[8.9837167,45.5169143],[8.9835542,45.5167616],[8.9831436,45.5164838],[8.9814731,45.5156803],[8.9807794,45.5154125],[8.9796186,45.5150256],[8.9785427,45.5145991],[8.9766881,45.5138352],[8.9754282,45.5133293],[8.976136,45.5124563],[8.9778348,45.5105416],[8.9789815,45.5093015],[8.9797743,45.5096983],[8.980652,45.5099563],[8.981374,45.5091924],[8.9813316,45.5090634],[8.9779622,45.5068014],[8.9774859,45.5067756],[8.9777007,45.5060228],[8.9774485,45.5059967],[8.9772524,45.5067625],[8.9763557,45.506684],[8.9770842,45.5035943],[8.9721247,45.5031884],[8.9722555,45.5023505],[8.9723395,45.5020363],[8.9724236,45.5018268],[8.9724329,45.5015912],[8.9723769,45.5012508],[8.9722835,45.5009889],[8.9721901,45.5008449],[8.9719472,45.5006943],[8.9716017,45.5005176],[8.9714055,45.5003277],[8.9712934,45.5000855],[8.9710599,45.4996731],[8.9699765,45.4983376],[8.9694721,45.4977942],[8.9694068,45.497696],[8.9694161,45.4975847],[8.9694467,45.4975204],[8.9695749,45.4972508],[8.9698177,45.4968384],[8.9699111,45.4967663],[8.9700699,45.496714],[8.9701353,45.4966223],[8.970238,45.4965372],[8.9703688,45.4964979],[8.9705929,45.4965176],[8.9713072,45.4965943],[8.9720674,45.4967263],[8.9723302,45.4967532],[8.9727505,45.4967991],[8.9729933,45.4968122],[8.9732735,45.4967925],[8.9735164,45.4967598],[8.9737685,45.4967009],[8.9740581,45.4965896],[8.9742916,45.4964521],[8.9745251,45.4962426],[8.9747025,45.4960462],[8.974908,45.4957777],[8.9751042,45.4954635],[8.9752629,45.4950903],[8.9754591,45.4945469],[8.9757113,45.4937481],[8.9760382,45.4924911],[8.9765145,45.4910572],[8.9772243,45.4890405],[8.9776073,45.4880583],[8.97771,45.4879077],[8.9778688,45.4877964],[8.9780556,45.4876851],[8.978177,45.4875803],[8.9783732,45.4874756],[8.9786253,45.487397],[8.9793912,45.4872726],[8.9792698,45.4868862],[8.9791857,45.4869124],[8.9791764,45.4866178],[8.9780556,45.4867356],[8.9784572,45.4853147],[8.97856,45.4850724],[8.9786814,45.484948],[8.9787841,45.4848367],[8.9788308,45.4847188],[8.9788121,45.4846075],[8.9787748,45.4845355],[8.9787748,45.4844569],[8.9788121,45.4843063],[8.9789429,45.4839068],[8.9790363,45.4837235],[8.9791484,45.4835925],[8.9793072,45.483527],[8.9794659,45.4834812],[8.9796154,45.4834091],[8.9796994,45.4833371],[8.9797368,45.4832323],[8.9797275,45.4831669],[8.9796434,45.4830686],[8.9795126,45.4829442],[8.9792978,45.4829049],[8.9791951,45.4829311],[8.979083,45.4829311],[8.9789616,45.4828984],[8.9787841,45.4828198],[8.9787094,45.4827478],[8.978672,45.4826823],[8.9785973,45.4826299],[8.9784385,45.4826233],[8.9769722,45.4825382],[8.9769441,45.4826299],[8.9744971,45.4825382],[8.9742262,45.483252],[8.9741702,45.4833633],[8.9740487,45.4834484],[8.9738993,45.4834812],[8.9737218,45.4834877],[8.9735257,45.4834681],[8.9733576,45.4835008],[8.9732268,45.4835991],[8.9731801,45.48373],[8.9723769,45.485832],[8.9722741,45.485963],[8.9720967,45.486035],[8.9719005,45.4860415],[8.9716764,45.4860219],[8.9702847,45.4858909],[8.9706023,45.4839396],[8.9707891,45.4831669],[8.9711066,45.4824072],[8.9671278,45.4822566],[8.9671558,45.4819357],[8.9638401,45.4819816],[8.9637467,45.4799973],[8.9644939,45.4798991],[8.9644285,45.4788447],[8.9587592,45.4791001],[8.958507,45.4791067],[8.9582548,45.4794079],[8.9582268,45.4794996],[8.9581894,45.4808159],[8.9573582,45.480829],[8.9571434,45.480888],[8.9571807,45.4810189],[8.9571901,45.4812416],[8.9571527,45.481438],[8.95705,45.4815166],[8.9569192,45.4815363],[8.9567511,45.4815494],[8.9565923,45.4815952],[8.9564148,45.4816672],[8.9561627,45.4816934],[8.9558451,45.4816934],[8.9502411,45.4814839],[8.9500356,45.481438],[8.9498862,45.4813726],[8.9497834,45.4812809],[8.9497181,45.481163],[8.9497181,45.481032],[8.9497741,45.480829],[8.9499516,45.4805081],[8.950045,45.480292],[8.950129,45.4801414],[8.9504279,45.4797681],[8.9506054,45.4796044],[8.9507268,45.4795782],[8.9508949,45.4795585],[8.951063,45.4795127],[8.9511564,45.4794276],[8.9512311,45.4793162],[8.9512125,45.4791722],[8.9512218,45.4790739],[8.9512872,45.4789822],[8.9526695,45.4778951],[8.9491296,45.4776659],[8.9492324,45.4773384],[8.9472336,45.4770896],[8.9477006,45.4756815],[8.9478781,45.4751444],[8.9479995,45.4745943],[8.9481209,45.47409],[8.948205,45.4737691],[8.9484385,45.4732909],[8.948672,45.4727473],[8.9489428,45.4720596],[8.949111,45.471647],[8.9493258,45.4710771],[8.9494752,45.4709003],[8.9495873,45.47054],[8.9497928,45.4699767],[8.9497648,45.4697344],[8.9464864,45.4692235],[8.943507,45.4688567],[8.9432361,45.4688305],[8.9429185,45.4688174],[8.9424889,45.4688632],[8.9403033,45.4692497],[8.9400045,45.4692824],[8.9397243,45.4692759],[8.9394254,45.4692366],[8.9390144,45.4691514],[8.9386502,45.4691121],[8.937492,45.4690073],[8.9357267,45.4687977],[8.9351757,45.4687322],[8.9346526,45.4685947],[8.9343164,45.4685161],[8.9339802,45.4684899],[8.9338027,45.4685423],[8.9335318,45.4686995],[8.9333077,45.4688108],[8.9331115,45.4688567],[8.9328407,45.4688501],[8.9325418,45.4687912],[8.9311968,45.468503],[8.9308606,45.4684637],[8.930431,45.4684637],[8.9294316,45.4685095],[8.929525,45.4675663],[8.9265082,45.4671733],[8.9264148,45.4652409],[8.9270125,45.4653326],[8.9302815,45.4650313],[8.930459,45.4650116],[8.930431,45.4647758],[8.9303936,45.4646579],[8.9302442,45.4646448],[8.9301788,45.4645465],[8.9296651,45.4631447],[8.928068,45.463446],[8.9263868,45.463374],[8.9263214,45.4613563],[8.9251165,45.4613563],[8.924855,45.4613236],[8.9247149,45.4612711],[8.9244067,45.4611532],[8.9241732,45.4610943],[8.923893,45.4610746],[8.9234166,45.4610812],[8.9191856,45.460806],[8.9151507,45.4605636],[8.9111999,45.4603081],[8.9100453,45.4603368],[8.9093016,45.4604048],[8.9087295,45.4605276],[8.9082415,45.4607487],[8.9078854,45.4610099],[8.907642,45.461265],[8.9074919,45.4615594],[8.9073705,45.4627058],[8.907271,45.4643108],[8.9056645,45.4640619],[8.9036844,45.4637802],[8.9037031,45.4637278],[8.9033856,45.4636885],[8.9029372,45.4636492],[8.9029839,45.4633675],[8.903124,45.4632758],[8.9032455,45.4632561],[8.9033575,45.4631775],[8.9033762,45.4630661],[8.9033762,45.4629351],[8.9034323,45.4627976],[8.9040861,45.4618608],[8.9042168,45.4617756],[8.904413,45.4617429],[8.9057486,45.461828],[8.9057766,45.4617101],[8.9062249,45.4597907],[8.904888,45.4597232],[8.9042271,45.4596391],[8.9042687,45.4596167],[8.9043712,45.4595448],[8.9044896,45.4594548],[8.9046113,45.4593559],[8.9047538,45.459248],[8.9048882,45.4591446],[8.9050483,45.4590322],[8.9052036,45.4589244],[8.905354,45.458821],[8.9055477,45.4587086],[8.9057413,45.4585873],[8.905927,45.4584659],[8.9061239,45.4583175],[8.9062743,45.4581961],[8.90638,45.4581107],[8.9064664,45.4580433],[8.906492,45.4580298],[8.9066793,45.4578994],[8.9068458,45.457751],[8.9069515,45.4576431],[8.9069964,45.4575891],[8.90703,45.4575352],[8.9070396,45.4575217],[8.907058899999999,45.4574812],[8.9070685,45.4574497],[8.9070862,45.4573957],[8.9070927,45.4573597],[8.9070801,45.4572067],[8.9071027,45.4570987],[8.9071349,45.4569277],[8.9071624,45.4567837],[8.907193,45.4566352],[8.9072124,45.4564867],[8.9072319,45.4562752],[8.9072466,45.4561132],[8.9072804,45.4559602],[8.9073174,45.4558477],[8.9073414,45.4557802],[8.9073351,45.4557712],[8.9072967,45.4557487],[8.9072312,45.4557126],[8.9071881,45.4556946],[8.9071355,45.4556315],[8.9071275,45.4555775],[8.9071276,45.4555235],[8.9071343,45.455375],[8.9071744,45.455258],[8.907237,45.4551005],[8.9072932,45.4549656],[8.9073222,45.4548621],[8.9073047,45.4548081],[8.9072551,45.454781],[8.9071896,45.454763],[8.9070042,45.4547268],[8.906862,45.4547087],[8.9066766,45.4546905],[8.906504,45.4546679],[8.9062722,45.4546362],[8.906138,45.4546136],[8.9061252,45.4546136],[8.9060836,45.4546091],[8.9058103,45.4545953],[8.9055641,45.4545861],[8.9053451,45.4545544],[8.9052221,45.4545273],[8.9051566,45.4544913],[8.9051486,45.4544778],[8.9051423,45.4544508],[8.9051519,45.4544238],[8.9051889,45.4543158],[8.9052338,45.4542168],[8.9052707,45.4541133],[8.9052981,45.4539918],[8.9053255,45.4538748],[8.9053447,45.4538389],[8.9054087,45.4538389],[8.9055238,45.4538435],[8.9057076,45.4538527],[8.9058802,45.4538618],[8.9060209,45.4538664],[8.9062223,45.4538711],[8.906502,45.4538983],[8.9068361,45.4539301],[8.9070247,45.4539392],[8.9071254,45.4539393],[8.9071846,45.4539484],[8.9071782,45.4539348],[8.9072119,45.4538359],[8.9072361,45.4537279],[8.9072763,45.4535659],[8.9072989,45.4534129],[8.9073135,45.4532869],[8.9073168,45.4532149],[8.9072706,45.4531698],[8.9072178,45.4531428],[8.9070996,45.4531112],[8.9070053,45.4530976],[8.9069206,45.453084],[8.9067816,45.4530389],[8.9066858,45.4529758],[8.9066555,45.4529128],[8.9066508,45.4528453],[8.9066558,45.4527598],[8.9066687,45.4526788],[8.9067024,45.4525933],[8.9067185,45.4525213],[8.9067426,45.4524583],[8.9067828,45.4523323],[8.9068101,45.4522288],[8.9068664,45.4520129],[8.9069098,45.4518734],[8.9069564,45.4517294],[8.9069789,45.4516304],[8.9070015,45.4515314],[8.9070577,45.4513559],[8.9071203,45.451176],[8.9071733,45.451023],[8.9072216,45.450834],[8.9072682,45.4506765],[8.9073181,45.450501],[8.9073439,45.450312],[8.9073681,45.450222],[8.907434,45.4500106],[8.9075046,45.4498081],[8.9075576,45.4496461],[8.9076043,45.4494661],[8.9076461,45.4492817],[8.9076735,45.4491602],[8.9076849,45.4490342],[8.9077027,45.4488766],[8.9077254,45.4487326],[8.9077495,45.4486157],[8.907772,45.4485302],[8.9078282,45.4483817],[8.9079405,45.4481252],[8.9079773,45.4481298],[8.9080971,45.4481524],[8.9082442,45.4481795],[8.9083864,45.4482066],[8.9085462,45.4482382],[8.9087124,45.4482609],[8.9089537,45.4482926],[8.9092046,45.4483333],[8.9093868,45.4483694],[8.9096153,45.4484146],[8.9099109,45.4484643],[8.9101251,45.448496],[8.9103935,45.4485502],[8.9105981,45.4485729],[8.9107212,45.4485505],[8.9107596,45.4485145],[8.9108077,45.4484425],[8.9108638,45.4483255],[8.91092,45.4481816],[8.9109826,45.4479926],[8.911018,45.4478261],[8.9110277,45.4477811],[8.9109957,45.4477766],[8.9109718,45.4477721],[8.9108981,45.4478395],[8.9108709,45.447853],[8.9108326,45.447853],[8.910791,45.4478439],[8.9107447,45.4478259],[8.9102781,45.447758],[8.9096213,45.447654],[8.9087184,45.4475138],[8.9083061,45.447455],[8.9082629,45.4474639],[8.9082053,45.4474954],[8.9081829,45.4475179],[8.9081492,45.4475718],[8.9081236,45.4476168],[8.9080947,45.4476708],[8.9080659,45.4477203],[8.9080354,45.4477653],[8.9080161,45.4478418],[8.9075975,45.4477109],[8.9075128,45.4477019],[8.9073978,45.4476658],[8.9072652,45.4476296],[8.9070878,45.4475935],[8.9068369,45.4475483],[8.9066228,45.4475031],[8.9064375,45.4474535],[8.9062378,45.4473723],[8.906166,45.4473227],[8.9061325,45.4472597],[8.9061406,45.4472057],[8.9061791,45.4471337],[8.9062192,45.4470437],[8.9062593,45.4469223],[8.9062947,45.4468278],[8.9063796,45.4467018],[8.9064484,45.4466659],[8.9064803,45.4466704],[8.906549,45.4466795],[8.9066401,45.446702],[8.9067695,45.4467336],[8.9069069,45.4467743],[8.9070124,45.4468013],[8.9070731,45.4468194],[8.9070795,45.4468104],[8.9070987,45.4467744],[8.9071276,45.4466979],[8.9071678,45.4465854],[8.907224,45.446437],[8.9072801,45.44632],[8.9073523,45.4461805],[8.9074196,45.4460771],[8.9074419,45.4460816],[8.9075378,45.4461132],[8.9076736,45.4461493],[8.9078206,45.4461944],[8.9080107,45.4462531],[8.9081864,45.4463207],[8.9083366,45.4463658],[8.9085219,45.446411],[8.908688100000001,45.4464426],[8.9089821,45.4465194],[8.9090109,45.4464834],[8.9090301,45.4464654],[8.9090927,45.4463394],[8.9091584,45.4462045],[8.9092146,45.446065],[8.9092531,45.4459795],[8.9092996,45.445858],[8.9093654,45.4457186],[8.909444,45.4455521],[8.9095145,45.4454262],[8.9095674,45.4453137],[8.9096236,45.4451472],[8.9096862,45.4450032],[8.9097166,45.4450123],[8.9098204,45.4450393],[8.9099179,45.4450664],[8.9100489,45.4450935],[8.9102374,45.4451432],[8.9104819,45.4452109],[8.9106225,45.445256],[8.910763,45.4453056],[8.9109947,45.4453778],[8.9112487,45.4454635],[8.9114245,45.4455086],[8.9115954,45.4455583],[8.9117568,45.4455899],[8.9118415,45.4455944],[8.9118575,45.445572],[8.9118896,45.445518],[8.9119377,45.4454235],[8.9119842,45.4453155],[8.9120403,45.4451941],[8.9120852,45.4450951],[8.9121157,45.4450006],[8.9121399,45.4448971],[8.9121512,45.4448161],[8.9121545,45.4447441],[8.9121754,45.4446856],[8.9122235,45.4445821],[8.9122636,45.4444831],[8.9123006,45.4443301],[8.9123072,45.4441906],[8.9122994,45.4440916],[8.9122852,45.4439746],[8.9122678,45.4438621],[8.91222,45.4437585],[8.9120731,45.4436459],[8.9120236,45.4436188],[8.9119053,45.4435873],[8.9117983,45.4435692],[8.9116816,45.4435511],[8.9110361,45.4434291],[8.910929,45.443411],[8.9108444,45.4433929],[8.9107101,45.4433658],[8.9106063,45.4433387],[8.9104849,45.4433026],[8.9103123,45.443253],[8.9102117,45.4432259],[8.9100551,45.4431988],[8.9099576,45.4431852],[8.9098953,45.4431762],[8.9097722,45.4431581],[8.9095805,45.4431264],[8.9094591,45.4430993],[8.9093872,45.4430678],[8.909325,45.4430002],[8.9093011,45.4429282],[8.9092869,45.4428472],[8.909279,45.4427571],[8.9092776,45.4426221],[8.9092203,45.4424826],[8.9091053,45.4424105],[8.9089967,45.4423699],[8.9089184,45.4423518],[8.9087762,45.4423292],[8.9085909,45.442302],[8.9084199,45.4422614],[8.9082969,45.4422253],[8.9081962,45.4421982],[8.9080748,45.4421531],[8.9079343,45.4420855],[8.9078257,45.4420269],[8.9077571,45.4419683],[8.90773,45.4419008],[8.9077301,45.4418738],[8.9077285,45.4418423],[8.9077318,45.4418063],[8.9077479,45.4417478],[8.9077752,45.4416713],[8.9078136,45.4415858],[8.9078794,45.4414509],[8.9079324,45.4413159],[8.9079708,45.4412529],[8.9080493,45.441127],[8.9081327,45.440992],[8.9082209,45.4408076],[8.9083075,45.4406186],[8.9083908,45.4404657],[8.9084758,45.4403037],[8.9085511,45.4401597],[8.9086184,45.4400518],[8.9086681,45.4399573],[8.908713,45.4398628],[8.9087467,45.4397774],[8.9087837,45.4396694],[8.908803,45.4395974],[8.9088207,45.4394804],[8.9088321,45.4393904],[8.9088274,45.4392914],[8.9088068,45.4392283],[8.9087797,45.4391698],[8.9087367,45.4390933],[8.9087064,45.4390302],[8.9086761,45.4389762],[8.9086092,45.4388456],[8.9084928,45.438652],[8.9084355,45.4385395],[8.9083782,45.4383819],[8.9083369,45.4382558],[8.9083162,45.4381793],[8.9082924,45.4380803],[8.9082782,45.4379498],[8.908312,45.4378238],[8.9083745,45.4377293],[8.9084545,45.4376664],[8.908536,45.4376574],[8.9086111,45.437662],[8.9087181,45.4376801],[8.9089003,45.4377162],[8.9090441,45.4377523],[8.9092038,45.437793],[8.9093955,45.4378381],[8.909576,45.4378788],[8.9097358,45.4379104],[8.9099371,45.4379646],[8.9101496,45.4380277],[8.9103381,45.4380819],[8.9105202,45.438127],[8.9106544,45.4381586],[8.910696,45.4381137],[8.9107568,45.4380372],[8.9108161,45.4379337],[8.9108995,45.4377808],[8.9109716,45.4376638],[8.9110581,45.4375469],[8.9111141,45.4374569],[8.9111237,45.4374614],[8.9111892,45.4374795],[8.9112675,45.4375065],[8.911349,45.4375246],[8.9114704,45.4375562],[8.9116781,45.4376103],[8.9118873,45.437687],[8.9120901,45.4377637],[8.9122563,45.4378178],[8.9124224,45.4378539],[8.9126285,45.4378946],[8.9128618,45.4379353],[8.913012,45.4379624],[8.9130967,45.4379715],[8.9131191,45.437967],[8.9131383,45.437949],[8.9131703,45.4378995],[8.9132023,45.4378545],[8.9132312,45.4378185],[8.9133001,45.4377016],[8.9133801,45.4376026],[8.913409,45.4375576],[8.913409,45.4375441],[8.913449,45.4374677],[8.9135548,45.4373012],[8.9136397,45.4371528],[8.9137134,45.4370583],[8.9137886,45.4369458],[8.9138847,45.4368334],[8.9141713,45.4364961],[8.9142208,45.4365006],[8.9143183,45.4365232],[8.9144285,45.4365458],[8.9145435,45.4365638],[8.9146267,45.4365594],[8.9147146,45.43651],[8.9147754,45.4364605],[8.9148074,45.4364425],[8.9148298,45.436447],[8.9148761,45.4364606],[8.9149576,45.4364831],[8.9150774,45.4365192],[8.9152244,45.4365553],[8.9154272,45.4366185],[8.9156365,45.4366817],[8.9158154,45.4367313],[8.9161972,45.4368531],[8.9164384,45.4369073],[8.9166206,45.4369524],[8.9168155,45.436984],[8.9168714,45.4369706],[8.9168938,45.4369526],[8.9169035,45.4369346],[8.9169115,45.4368941],[8.9169052,45.4368491],[8.9168941,45.4367816],[8.916883,45.4367231],[8.916789,45.436489],[8.9167125,45.4363404],[8.9166249,45.4361783],[8.9165451,45.4360927],[8.9165004,45.4360837],[8.9164748,45.4360792],[8.9164125,45.4360791],[8.9163917,45.4360836],[8.9163469,45.4360836],[8.9162734,45.436088],[8.9161695,45.4360925],[8.9160225,45.4360969],[8.9158931,45.4360968],[8.915754,45.4360922],[8.9154248,45.4360739],[8.9152858,45.4360648],[8.9151069,45.4360467],[8.9149439,45.4360241],[8.9147585,45.4359969],[8.9145892,45.4359473],[8.9144918,45.4359202],[8.914471,45.4359112],[8.9143384,45.4358751],[8.9142266,45.4358345],[8.9140573,45.4357849],[8.913872,45.4357398],[8.9136883,45.4356946],[8.9135029,45.4356585],[8.9134151,45.4356359],[8.9130955,45.4356267],[8.9118316,45.4354862],[8.9119574,45.4347527],[8.9119911,45.4346402],[8.9120522,45.4344152],[8.912081,45.434347699999996],[8.9120971,45.4343118],[8.9122905,45.4343029],[8.912789,45.4343438],[8.913107,45.4343755],[8.9133674,45.4344162],[8.9138228,45.4344661],[8.9143884,45.4344935],[8.9146185,45.4345296],[8.9148438,45.4345703],[8.9150579,45.434593],[8.9153183,45.4346112],[8.9153775,45.4346067],[8.9154718,45.4346068],[8.9156588,45.4345979],[8.9159289,45.4345621],[8.9161767,45.4344948],[8.9162503,45.4344318],[8.9163271,45.4343329],[8.9163816,45.4342294],[8.9164217,45.4341439],[8.9164634,45.4340539],[8.9165099,45.4339729],[8.9165899,45.4338605],[8.9166876,45.4337255],[8.9167773,45.4336086],[8.9168509,45.4334961],[8.916907,45.4333972],[8.9169679,45.4332757],[8.9170112,45.4331857],[8.9170609,45.4330777],[8.9171026,45.4329922],[8.9171378,45.4329338],[8.9171634,45.4328978],[8.9171698,45.4329023],[8.9172673,45.4329159],[8.9174063,45.4329475],[8.9175564,45.4329881],[8.9177337,45.4330287],[8.9179973,45.4331009],[8.9181922,45.433164],[8.9183519,45.4332047],[8.9184765,45.4332317],[8.9185245,45.4332408],[8.9186157,45.4331598],[8.9186878,45.4330294],[8.9187439,45.4328989],[8.9188288,45.4327504],[8.9188736,45.4326875],[8.9188832,45.4326695],[8.9189697,45.432539],[8.9190354,45.4324085],[8.9191139,45.4322601],[8.9192117,45.4320756],[8.9192966,45.4319227],[8.9193735,45.4317967],[8.9194295,45.4316932],[8.9194968,45.4315627],[8.9195369,45.4314998],[8.9195817,45.4314233],[8.9196202,45.4313648],[8.919633,45.4313378],[8.9196394,45.4313333],[8.919649,45.4313243],[8.9196793,45.4313333],[8.9198343,45.4313649],[8.9199509,45.431383],[8.9201011,45.4314191],[8.9202336,45.4314687],[8.920363,45.4315048],[8.9204876,45.4315364],[8.9205292,45.4315499],[8.9206921,45.4316041],[8.9207831,45.4316311],[8.9209716,45.4316673],[8.9211043,45.4316809],[8.9212113,45.4316944],[8.9213183,45.4317125],[8.9213966,45.4317351],[8.9214877,45.4317486],[8.9215324,45.4317622],[8.9215692,45.4317667],[8.9215883,45.4317712],[8.9216299,45.4317712],[8.9216555,45.4317622],[8.9216619,45.4317577],[8.9216683,45.4317172],[8.9216652,45.4316812],[8.9216653,45.4315732],[8.921675,45.4315282],[8.9216958,45.4314832],[8.9217374,45.4314382],[8.9218318,45.4313708],[8.9219325,45.4313214],[8.9220556,45.4312764],[8.9221404,45.431245],[8.9222283,45.431209],[8.9222475,45.4312001],[8.9224745,45.4311597],[8.9225815,45.4311418],[8.9226662,45.4311328],[8.9228292,45.4311329],[8.922906,45.4311285],[8.9229363,45.4311285],[8.9229811,45.431124],[8.923021,45.4311151],[8.9230594,45.4311016],[8.9230786,45.4310926],[8.9231074,45.4310746],[8.923125,45.4310611],[8.9231314,45.4310521],[8.9238942,45.4294414],[8.9246987,45.4276507],[8.9251538,45.4266339],[8.9251107,45.4266114],[8.9250788,45.4265978],[8.9250388,45.4265888],[8.9250165,45.4265798],[8.9249845,45.4265708],[8.9249654,45.4265617],[8.9249558,45.4265617],[8.9249414,45.4265572],[8.9247737,45.4265076],[8.9246156,45.4264625],[8.9244143,45.4264309],[8.9241699,45.4263992],[8.9240596,45.4263946],[8.9239158,45.4263675],[8.9237769,45.4263405],[8.923689,45.4263314],[8.9235883,45.4263178],[8.9234893,45.4262953],[8.9234606,45.4262727],[8.9234303,45.4262322],[8.9234224,45.4261422],[8.923469,45.4259847],[8.9235411,45.4257822],[8.923594,45.4256382],[8.923663,45.4254898],[8.9237126,45.4253728],[8.9237607,45.4252693],[8.9238008,45.4251838],[8.92382,45.4251388],[8.9238249,45.4250938],[8.9238217,45.4250848],[8.9237961,45.4250623],[8.9236844,45.4250037],[8.9234799,45.4249631],[8.9231636,45.4249179],[8.9228473,45.4248682],[8.9225422,45.4248185],[8.9222195,45.4247687],[8.9220613,45.4247461],[8.9219655,45.4247281],[8.9217419,45.4246829],[8.9214479,45.4246332],[8.9212068,45.4245835],[8.9209272,45.4245248],[8.9206892,45.4244887],[8.9204256,45.424439],[8.9201684,45.4243893],[8.9199704,45.4243577],[8.919694,45.4243035],[8.9195215,45.4242628],[8.919456,45.4242493],[8.9192532,45.4242087],[8.9190264,45.424159],[8.918774,45.4240823],[8.9186047,45.4240417],[8.9185376,45.4240281],[8.91852,45.4240236],[8.9183619,45.424001],[8.9182708,45.4239919],[8.9181926,45.4239829],[8.9180168,45.4239603],[8.9177692,45.4239556],[8.9175327,45.4239509],[8.9173154,45.4239373],[8.9171333,45.4239146],[8.9170327,45.4238966],[8.9169049,45.4238785],[8.9167979,45.4238694],[8.9166813,45.4238468],[8.9165119,45.4238152],[8.916365,45.4237881],[8.9161925,45.4237609],[8.9160391,45.4237383],[8.9158953,45.4237112],[8.9158538,45.4236977],[8.9145666,45.4233142],[8.9182209,45.4211746],[8.9191879,45.4206397],[8.9192759,45.4205947],[8.9193558,45.4205408],[8.919423,45.4204823],[8.919511,45.4204013],[8.9196198,45.4202979],[8.9197461,45.42019],[8.919839,45.420091],[8.919944599999999,45.4199471],[8.9201638,45.4196997],[8.9205736,45.4191419],[8.9218667,45.4175091],[8.925532,45.4130398],[8.9257564,45.4131249],[8.9264141,45.4133731],[8.9265067,45.4134081],[8.9266837,45.4135075],[8.9270942,45.4138553],[8.9272216,45.4139746],[8.9274057,45.4141087],[8.9276251,45.414228],[8.9278658,45.4143472],[8.9280993,45.4144367],[8.9288567,45.4146603],[8.9297911,45.4149236],[8.9302441,45.4150628],[8.9305839,45.4152168],[8.9309873,45.4154851],[8.9316598,45.4142528],[8.9316598,45.4141485],[8.9325163,45.4128118],[8.930959,45.4113907],[8.9292661,45.4098506],[8.9286019,45.4092283],[8.9331748,45.4035732],[8.9345577,45.4018788],[8.9353114,45.4021753],[8.9351129,45.4024615],[8.9365184,45.403034],[8.9371138,45.4022845],[8.9381438,45.4017685],[8.9374786,45.4011583],[8.937425,45.401083],[8.9374499,45.4006386],[8.937515,45.3999398],[8.9403291,45.4000711],[8.9542134,45.4011373],[8.9542002,45.4015257],[8.9594665,45.4030863],[8.9578792,45.4054521],[8.9573588,45.4062171],[8.9565701,45.4074101],[8.9584158,45.4080095],[8.962278,45.4092596],[8.9651797,45.4048827],[8.9654084,45.4045502],[8.9643854,45.4045139],[8.966136,45.4021437],[8.9606504,45.4017725],[8.9607185,45.4016369],[8.962111,45.3995311],[8.9623701,45.3990046],[8.9627121,45.3985231],[8.9612654,45.3981581],[8.9606204,45.397937400000004],[8.9616441,45.3954894],[8.9610135,45.3952596],[8.9604578,45.3951469],[8.9607159,45.391353],[8.96062,45.391398],[8.9604059,45.391623],[8.960361,45.3918345],[8.9601323,45.3923745],[8.9598109,45.3929999],[8.9578316,45.3918291],[8.9585647,45.3915548],[8.9589865,45.3912939],[8.9591814,45.391213],[8.9593953,45.3912446],[8.9598886,45.3914338],[8.9601505,45.3914698],[8.9603102,45.3914249],[8.9605116,45.3911954],[8.9606122,45.3911415],[8.9606635,45.3909209],[8.9608154,45.390642],[8.9609386,45.3902684],[8.9608731,45.3902099],[8.9604421,45.3901063],[8.9613313,45.3880048],[8.9616273,45.3871363],[8.9623086,45.3855163],[8.9621395,45.3851877],[8.9614659,45.3849489],[8.9610013,45.3848587],[8.9555377,45.38244],[8.9555712,45.3824085],[8.9557343,45.382197],[8.956343,45.3816167],[8.9563814,45.3815762],[8.9564628,45.3814907],[8.9565795,45.3813647],[8.9566386,45.3813017],[8.9567057,45.3812297],[8.9568847,45.3810813],[8.9569565,45.3810183],[8.9570221,45.3809598],[8.9570796,45.3809013],[8.9571291,45.3808563],[8.9571643,45.3808203],[8.9572106,45.3807754],[8.9572713,45.3807214],[8.9573208,45.3806809],[8.9573927,45.3806134],[8.9574311,45.3805819],[8.9574902,45.3805279],[8.957503,45.3805099],[8.9575349,45.3804694],[8.9575573,45.3804334],[8.9575941,45.3803794],[8.9576324,45.3803119],[8.9576788,45.38024],[8.9577139,45.3801815],[8.9577603,45.380114],[8.9577859,45.380078],[8.9578178,45.3800375],[8.9578578,45.3800015],[8.9578929,45.3799655],[8.9579297,45.3799295],[8.9579776,45.3798845],[8.9580271,45.379844],[8.9580687,45.379808],[8.9581278,45.3797586],[8.9581789,45.3797181],[8.9582284,45.3796821],[8.9582795,45.3796371],[8.9583578,45.3795741],[8.9584169,45.3795291],[8.9584648,45.3794886],[8.9585239,45.3794436],[8.9585751,45.3794032],[8.9586278,45.3793582],[8.9586757,45.3793132],[8.958722,45.3792682],[8.9587668,45.3792232],[8.9587939,45.3791872],[8.9588227,45.3791557],[8.9588547,45.3791062],[8.9588946,45.3790477],[8.9589234,45.3790027],[8.9589633,45.3789442],[8.9589921,45.3789037],[8.9590177,45.3788632],[8.9590576,45.3788003],[8.9590896,45.3787553],[8.9591391,45.3786878],[8.9591743,45.3786383],[8.9592063,45.3785978],[8.9592622,45.3785348],[8.9593037,45.3784853],[8.9594571,45.3783323],[8.959684,45.3781074],[8.9599507,45.3778824],[8.9601456,45.377707],[8.9602622,45.3775855],[8.9603901,45.377446],[8.9606137,45.3772301],[8.9607735,45.3770771],[8.9608805,45.3769556],[8.9609748,45.3768656],[8.9610099,45.3768206],[8.961192,45.3766497],[8.961486,45.3763167],[8.9618694,45.3759568],[8.9624477,45.3753629],[8.9630436,45.374724],[8.9635899,45.3741751],[8.9637544,45.3740041],[8.9638854,45.3738737],[8.9639797,45.3737747],[8.9640707,45.3736937],[8.9641713,45.3736217],[8.964256,45.3735407],[8.9643406,45.3734733],[8.9643566,45.3734643],[8.9646042,45.3732573],[8.9647894,45.3731043],[8.9648837,45.3730279],[8.965013,45.3729109],[8.9651328,45.3728119],[8.9652143,45.3727399],[8.9653309,45.3726364],[8.9659426,45.372056],[8.966326,45.3716916],[8.9664298,45.3715881],[8.966548,45.3714891],[8.9666374,45.3714216],[8.9667715,45.3713272],[8.9668977,45.3712282],[8.9670734,45.3711067],[8.9672075,45.3709943],[8.9673145,45.3708998],[8.9674247,45.3708188],[8.9675413,45.3707243],[8.9676547,45.3706343],[8.9677793,45.3705398],[8.9678863,45.3704499],[8.9679613,45.3703869],[8.9680348,45.3703329],[8.9680939,45.3702789],[8.9680971,45.3702744],[8.9682759,45.3701124],[8.9683925,45.3699954],[8.9684995,45.369892],[8.9685778,45.369811],[8.9686529,45.36973],[8.9687151,45.369667],[8.9687599,45.3696175],[8.9688126,45.369568],[8.9688222,45.3695635],[8.9689052,45.36946],[8.9685461,45.3693744],[8.9678694,45.3691852],[8.9675661,45.3691086],[8.9674034,45.3690725],[8.9671735,45.369005],[8.9669501,45.3689419],[8.9667203,45.3688833],[8.9666468,45.3688743],[8.9663292,45.3688112],[8.9658887,45.3687121],[8.9657307,45.368667],[8.9656014,45.3686355],[8.9654849,45.3686084],[8.9653349,45.3685724],[8.9652248,45.3685453],[8.9650572,45.3685138],[8.9648752,45.3684777],[8.9647619,45.3684507],[8.9646518,45.3684282],[8.9645449,45.3684101],[8.9644315,45.3684011],[8.9643406,45.3683966],[8.9642639,45.3683965],[8.9653219,45.3662726],[8.9656746,45.3663537],[8.9659253,45.3661512],[8.9661903,45.3661738],[8.966369,45.3662144],[8.966527,45.3662414],[8.9666835,45.3662505],[8.9668718,45.3662505],[8.9670266,45.3662551],[8.9671495,45.3662596],[8.9672788,45.3662776],[8.9673682,45.3663002],[8.9674161,45.3663227],[8.9674847,45.3663497],[8.9675725,45.366376700000004],[8.9676794,45.3663857],[8.9677672,45.3663948],[8.9678342,45.3663993],[8.9678901,45.3664038],[8.9679587,45.3664218],[8.9680194,45.3664489],[8.9680624,45.3664759],[8.9681103,45.3665029],[8.9681454,45.3665254],[8.9681789,45.3665389],[8.9684087,45.3666065],[8.9686785,45.3666606],[8.9687854,45.3666876],[8.9690184,45.3667417],[8.9692386,45.3667957],[8.9693855,45.3668588],[8.9694525,45.3668903],[8.9695849,45.3669758],[8.969703,45.3670479],[8.9698514,45.3671424],[8.9699679,45.36721],[8.970078,45.367264],[8.9701817,45.367318],[8.9703126,45.3673811],[8.9704355,45.3674441],[8.9705488,45.3674982],[8.9706557,45.3675477],[8.9707131,45.3675702],[8.9707339,45.3675792],[8.970979699999999,45.3676918],[8.9710403,45.3676918],[8.971235,45.3677549],[8.9714329,45.3678089],[8.9716627,45.367872],[8.9717122,45.367881],[8.9717218,45.3678765],[8.9719133,45.3679261],[8.9720171,45.3679531],[8.9721735,45.3679891],[8.9723618,45.3680252],[8.9725134,45.3680612],[8.9726427,45.3680927],[8.9727113,45.3681063],[8.9728374,45.3681288],[8.9729156,45.3681513],[8.9729747,45.3681783],[8.9730577,45.3682054],[8.9731295,45.3682324],[8.9732205,45.3682639],[8.9733242,45.3682954],[8.9733992,45.368327],[8.9734806,45.368354],[8.9735508,45.368381],[8.9736482,45.3684125],[8.9737551,45.3684486],[8.9738892,45.3684846],[8.9739722,45.3685116],[8.9740536,45.3685296],[8.9741318,45.3685341],[8.9742324,45.3685432],[8.9743138,45.3685567],[8.9744079,45.3685567],[8.9745723,45.3685657],[8.9747192,45.3685613],[8.9748389,45.3685658],[8.9749554,45.3685748],[8.9750783,45.3685839],[8.9751885,45.3685974],[8.9752603,45.3686109],[8.9753258,45.3686154],[8.9753832,45.3686199],[8.9755796,45.3686155],[8.9758701,45.3685885],[8.9765425,45.3676075],[8.9771398,45.366784],[8.9775358,45.3663385],[8.9772964,45.366316],[8.9772214,45.3663115],[8.9771081,45.366298],[8.9770139,45.3662754],[8.9769724,45.3662619],[8.9769293,45.3662394],[8.9769134,45.3662304],[8.9769166,45.3661764],[8.9769629,45.3661044],[8.976998,45.3660279],[8.9769949,45.3659289],[8.9769757,45.3658704],[8.9769726,45.3658074],[8.9770141,45.3657084],[8.9770573,45.3656048],[8.9770637,45.3655328],[8.9770733,45.3654743],[8.977102,45.3654203],[8.9771866,45.3653708],[8.9773463,45.3653304],[8.9775857,45.3652944],[8.9777932,45.3652764],[8.9779225,45.3652675],[8.9780757,45.3652495],[8.9781891,45.3652405],[8.9782864,45.365236],[8.9783774,45.365254],[8.9784556,45.3652856],[8.9785625,45.3653396],[8.9785976,45.3653531],[8.9786136,45.3653621],[8.9786758,45.3653846],[8.9787205,45.3653891],[8.9787636,45.3653936],[8.9788211,45.3653801],[8.9788674,45.3653532],[8.9788802,45.3653171],[8.978893,45.3652586],[8.978893,45.3651866],[8.9789058,45.3651281],[8.9789393,45.3650651],[8.9789872,45.3650246],[8.9790303,45.3650021],[8.9790527,45.3649886],[8.9790718,45.3649661],[8.9790878,45.3649031],[8.9792123,45.3649121],[8.9794007,45.3649392],[8.9797119,45.3649662],[8.9799641,45.3649933],[8.9802178,45.3650203],[8.9804189,45.3650564],[8.98047,45.3650609],[8.9807589,45.3650699],[8.9810015,45.3650835],[8.9812409,45.3651015],[8.9814293,45.3651105],[8.9816368,45.3651286],[8.981806,45.3651421],[8.9819927,45.3651466]],[[9.0374932,45.3069975],[9.0369201,45.3080029],[9.0368339,45.3080723],[9.0367537,45.3081286],[9.036002,45.3095891],[9.0365627,45.3097624],[9.0365874,45.3098188],[9.036575,45.3098534],[9.03737,45.3100528],[9.0371358,45.3104948],[9.037105,45.3105771],[9.0371296,45.3106335],[9.037333,45.3106942],[9.0369078,45.3113269],[9.0368339,45.3113529],[9.0367537,45.3114092],[9.0365812,45.3116259],[9.0362916,45.3119205],[9.0361683,45.3120202],[9.0360451,45.3121025],[9.0358541,45.3122195],[9.0356815,45.3123582],[9.0351208,45.3129259],[9.03623,45.3134719],[9.0370249,45.3138576],[9.0381341,45.3141956],[9.0385716,45.3135976],[9.0389458,45.3136941],[9.0391094,45.3137363],[9.0391262,45.3137406],[9.0391508,45.3137926],[9.0391508,45.3138879],[9.0392186,45.3139486],[9.039613,45.3139962],[9.0399211,45.3140352],[9.0401675,45.3140309],[9.0405558,45.3139312],[9.0408084,45.3138359],[9.0409933,45.3137536],[9.0412582,45.3133766],[9.0412644,45.3133159],[9.0412582,45.3132639],[9.0417759,45.3125316],[9.0418621,45.3123799],[9.0419299,45.3122412],[9.0424845,45.3110278],[9.0432363,45.3096281],[9.044062,45.3080116],[9.0449062,45.3063561],[9.0435012,45.3057753],[9.0421887,45.3052336],[9.0410611,45.3048349],[9.0404695,45.305914],[9.0398286,45.3057277],[9.0388427,45.3073832],[9.0374932,45.3069975]],[[9.0586747,45.3165716],[9.0586586,45.3166546],[9.0587605,45.3166621],[9.0593935,45.3166885],[9.0597207,45.3167639],[9.0597475,45.3167225],[9.0602518,45.3168432],[9.0602625,45.3168922],[9.0602035,45.3169714],[9.0601123,45.3170393],[9.0600801,45.317111],[9.0600801,45.3171676],[9.0601338,45.3172392],[9.0601982,45.3172921],[9.0602893,45.3173222],[9.0603966,45.3173298],[9.06052,45.3172883],[9.0606166,45.3172355],[9.0607239,45.3172166],[9.0609331,45.3172053],[9.061094,45.3172242],[9.0614051,45.3172921],[9.0626658,45.3175901],[9.0633363,45.3177598],[9.0631164,45.3170506],[9.0632988,45.3166093],[9.0633202,45.3164999],[9.0627302,45.3161793],[9.063229,45.3152362],[9.062302,45.3152025],[9.0622404,45.3151765],[9.062228,45.3151462],[9.0622157,45.3142665],[9.0621726,45.3142145],[9.0619076,45.3143315],[9.0611004,45.3147345],[9.0610203,45.3147518],[9.0609217,45.3147389],[9.060706,45.3146609],[9.0598125,45.3143402],[9.0597077,45.3142795],[9.0586663,45.3136339],[9.0580899,45.3158662],[9.0578539,45.315836],[9.0576876,45.3164169],[9.0586747,45.3165716]],[[9.0687502,45.3218885],[9.0692788,45.3219628],[9.0697991,45.3220429],[9.0701813,45.3210767],[9.069913,45.3210252],[9.0707342,45.3185496],[9.0686201,45.3183209],[9.0683844,45.3191671],[9.0682786,45.3196645],[9.0682543,45.3199332],[9.0681811,45.3208308],[9.0681567,45.3211967],[9.0681729,45.3214368],[9.0682299,45.3215969],[9.0683518,45.3217799],[9.0684575,45.3218485],[9.0687502,45.3218885]],[[9.0678988,45.3271744],[9.0668158,45.327035],[9.0666743,45.3275725],[9.0663699,45.3287221],[9.0661859,45.3287669],[9.0660018,45.3288614],[9.0658744,45.3289808],[9.0657541,45.3291152],[9.0656691,45.3292744],[9.0656054,45.3294536],[9.0653506,45.3305981],[9.0650887,45.3318073],[9.0603533,45.3312052],[9.0600064,45.3325388],[9.0612381,45.3327329],[9.0626254,45.3329916],[9.0628449,45.3330265],[9.0630855,45.3330414],[9.0637509,45.3330514],[9.0657895,45.3330762],[9.0677927,45.3331061],[9.0683306,45.333116],[9.0686987,45.3331359],[9.069265,45.3331807],[9.07279,45.333529],[9.0748923,45.3337281],[9.0750055,45.33334],[9.0753241,45.3324443],[9.0732784,45.3321606],[9.0729953,45.3321308],[9.0728325,45.332086],[9.0726272,45.3320462],[9.0724148,45.3319765],[9.072252,45.3319566],[9.0712894,45.3318073],[9.0712894,45.3317476],[9.0715584,45.330623],[9.0716079,45.3305533],[9.0716716,45.3305384],[9.0723511,45.3305981],[9.0727829,45.3288763],[9.0762159,45.3292894],[9.076039,45.3296626],[9.0758479,45.3301055],[9.0756709,45.3305434],[9.0755364,45.3309763],[9.0755249,45.3314425],[9.0767749,45.3315223],[9.0775216,45.3316123],[9.0778227,45.3313346],[9.0779855,45.3313047],[9.0793234,45.3300159],[9.0794862,45.3298716],[9.0795499,45.3297024],[9.0796206,45.3295133],[9.0796985,45.3294038],[9.0798755,45.3292496],[9.080831,45.3285529],[9.0809514,45.3284683],[9.0812558,45.3282991],[9.0818149,45.3280005],[9.0821476,45.3278014],[9.08236,45.3276472],[9.0825157,45.3275028],[9.0826006,45.3273088],[9.0822609,45.3272689],[9.0819494,45.3272192],[9.0817017,45.3271694],[9.0815247,45.3271047],[9.0813336,45.3270201],[9.0816946,45.3252932],[9.0809089,45.3252982],[9.0805621,45.3255222],[9.0803851,45.3256217],[9.0801515,45.3257113],[9.0798755,45.3257809],[9.0797268,45.3258058],[9.0795853,45.3258058],[9.0794154,45.325766],[9.0790331,45.3256466],[9.0787358,45.3255421],[9.0781908,45.3254525],[9.0778369,45.3254127],[9.0778157,45.3256814],[9.0777803,45.3257909],[9.0777166,45.3258407],[9.0776104,45.3258556],[9.0773626,45.3258456],[9.0767539,45.3257959],[9.0764354,45.325776],[9.0757134,45.3256814],[9.075501,45.3256615],[9.075225,45.3256615],[9.0745738,45.3256665],[9.0728183,45.3256167],[9.0724078,45.3272739],[9.0723582,45.3273834],[9.0720892,45.3274929],[9.0717495,45.3276472],[9.0714522,45.3277716],[9.0712752,45.3278412],[9.0710983,45.327829],[9.0700038,45.327665],[9.0693216,45.3275178],[9.0687646,45.3273763],[9.0681324,45.3272291],[9.0678988,45.3271744]],[[9.0292205,45.3255929],[9.0294447,45.3255732],[9.0297155,45.3255371],[9.0295661,45.3250905],[9.0269555,45.3252054],[9.026143,45.3248344],[9.025307,45.3256618],[9.0253818,45.3257111],[9.0254285,45.325757],[9.0254191,45.3257964],[9.0253864,45.3258326],[9.0253117,45.3259015],[9.0252697,45.325954],[9.0249241,45.3268405],[9.0256246,45.3270277],[9.0256433,45.3270113],[9.0257413,45.3268734],[9.0267267,45.3272378],[9.0274179,45.3266238],[9.0277261,45.3263776],[9.0287021,45.3256684],[9.0288049,45.3256421],[9.0289777,45.3256224],[9.0292205,45.3255929]],[[9.0095355,45.3518705],[9.0094934,45.3524317],[9.0094794,45.3525367],[9.0094981,45.3525794],[9.0095448,45.3526023],[9.0096102,45.3526122],[9.0097176,45.3526187],[9.0097876,45.3526351],[9.0098437,45.3526581],[9.009867,45.3527041],[9.0097129,45.3539478],[9.0085361,45.3538789],[9.0082699,45.3556773],[9.0097923,45.3558217],[9.0098437,45.3554443],[9.0108244,45.3555231],[9.0108898,45.3555329],[9.0108991,45.3555788],[9.0108431,45.3556773],[9.0107964,45.3558053],[9.0107637,45.3559267],[9.010731,45.3560284],[9.010689,45.3561039],[9.0106516,45.3561564],[9.0105862,45.3562155],[9.0105115,45.3562745],[9.0104601,45.3563402],[9.0104414,45.3563992],[9.0104368,45.3564714],[9.0104601,45.3565239],[9.0104975,45.3565732],[9.0105489,45.356606],[9.0106142,45.356629],[9.010703,45.3566388],[9.0107964,45.3566355],[9.0109038,45.3566158],[9.0109832,45.3565699],[9.0110485,45.3565043],[9.0110812,45.3564583],[9.0112027,45.3564124],[9.0114735,45.3563467],[9.0118378,45.3562877],[9.0122347,45.3562549],[9.0128325,45.3562384],[9.0146351,45.3562155],[9.0170588,45.3561794],[9.019618,45.3561498],[9.0216448,45.356117],[9.0239891,45.3560842],[9.0242553,45.3560875],[9.0244234,45.3561072],[9.0245682,45.3561367],[9.024713,45.3561859],[9.0248577,45.3562516],[9.0249511,45.3562877],[9.0250632,45.3563041],[9.0251846,45.3562975],[9.0252687,45.3562713],[9.0253621,45.356222],[9.0254321,45.356163],[9.0254788,45.3560908],[9.0254928,45.3560284],[9.0254882,45.3559398],[9.0254415,45.3558643],[9.0253668,45.3558053],[9.0252173,45.3557068],[9.0251146,45.3556117],[9.0250445,45.3555132],[9.0248951,45.355208],[9.0245635,45.3544762],[9.024274,45.3538231],[9.0242273,45.3536755],[9.0242039,45.3535376],[9.0242086,45.3534589],[9.0242226,45.3533735],[9.0242319,45.3528616],[9.0242319,45.3521626],[9.0242366,45.3513946],[9.0242273,45.3512272],[9.0242086,45.3510894],[9.0241712,45.3508958],[9.024147900000001,45.3507087],[9.0241199,45.3496782],[9.0240732,45.3487231],[9.0240825,45.3484376],[9.0241292,45.348198],[9.0242506,45.347814],[9.0235875,45.3478173],[9.0228029,45.3478173],[9.022859,45.3463042],[9.0225741,45.3462878],[9.0213646,45.3460548],[9.0194312,45.3456839],[9.0191323,45.3463567],[9.0189548,45.346767],[9.0169794,45.3465339],[9.016638499999999,45.3465044],[9.0166012,45.3466521],[9.0153356,45.3465143],[9.0155784,45.345569],[9.0139206,45.3456051],[9.0138879,45.345267],[9.0138926,45.344988],[9.0139206,45.3448075],[9.0139766,45.3446795],[9.0140747,45.3445416],[9.0142522,45.344348],[9.0146211,45.3439443],[9.0149713,45.3435504],[9.0151348,45.3433896],[9.0153263,45.3432287],[9.0156111,45.3430154],[9.0160828,45.342697],[9.0163396,45.3425197],[9.0165498,45.3423589],[9.0167179,45.3422079],[9.0169047,45.341965],[9.0170168,45.341791],[9.0171662,45.3414661],[9.0174791,45.3407177],[9.0178247,45.3398905],[9.0179321,45.3396377],[9.0180115,45.3394178],[9.0180722,45.3392143],[9.0181283,45.3389911],[9.0181516,45.3388302],[9.0174745,45.3387613],[9.0173297,45.3387383],[9.0171616,45.3386956],[9.0170075,45.3386562],[9.0169,45.3386398],[9.0167506,45.3386595],[9.0166292,45.3387055],[9.0165311,45.3387678],[9.0164237,45.3388827],[9.0163443,45.3389549],[9.0162603,45.3390108],[9.0161155,45.3390731],[9.0159053,45.3391618],[9.0156952,45.3392307],[9.0155084,45.3392668],[9.0153356,45.3392832],[9.0147845,45.3392832],[9.0143035,45.3392832],[9.014,45.3392537],[9.0135143,45.3391913],[9.0131594,45.3391191],[9.0130753,45.3391027],[9.0129819,45.3391125],[9.0129072,45.3391289],[9.0119639,45.3396804],[9.0118144,45.3397723],[9.0116977,45.3398314],[9.0115669,45.3398642],[9.0114642,45.3399102],[9.0113708,45.3399857],[9.011282,45.3400645],[9.01117,45.3401629],[9.0110345,45.3402581],[9.0109738,45.3403205],[9.0108851,45.3404222],[9.0108197,45.3405371],[9.010731,45.3406619],[9.0104088,45.3410328],[9.0096802,45.341837],[9.0106563,45.3420405],[9.0099791,45.3439771],[9.0120619,45.3443414],[9.0114688,45.3459202],[9.0110205,45.3471083],[9.0109645,45.3470985],[9.0109084,45.3471969],[9.0109131,45.3473446],[9.0108384,45.3480765],[9.0107777,45.3486837],[9.0106703,45.3495502],[9.0106142,45.3499342],[9.0105675,45.3503214],[9.0105395,45.3506135],[9.0105255,45.3508597],[9.0105115,45.3509286],[9.0104555,45.3509909],[9.0103107,45.3510369],[9.0102837,45.35105],[9.01025,45.3510664],[9.0101893,45.3517097],[9.0101519,45.3517556],[9.0100865,45.3517852],[9.0099978,45.3517983],[9.0095448,45.3518048],[9.0095355,45.3518705]],[[9.0061603,45.3741275],[9.0041357,45.3739447],[9.0030299,45.3737848],[9.0030868,45.3736249],[9.0030949,45.3735049],[9.0031275,45.3734192],[9.00316,45.3732707],[9.00316,45.3731451],[9.0031437,45.3729851],[9.0031518,45.3728709],[9.0032169,45.3728024],[9.003347,45.3727053],[9.0034933,45.3725682],[9.0036234,45.3724082],[9.0038105,45.3722597],[9.0039975,45.3721455],[9.0041194,45.3719913],[9.0041601,45.371837],[9.0026559,45.3715514],[9.0021517,45.3723568],[9.0008508,45.3720712],[9.0006394,45.3722369],[8.9984115,45.3717342],[8.9982652,45.3716828],[8.998175700000001,45.3716086],[8.9964113,45.3717057],[8.9963788,45.3717571],[8.99633,45.3718085],[8.9962243,45.3718256],[8.9961023,45.3718085],[8.9956307,45.3717057],[8.9954681,45.3720769],[8.9953788,45.3722559],[8.9952974,45.372414],[8.9952079,45.3725453],[8.995151,45.3727452],[8.9950534,45.3732707],[8.995029,45.3735163],[8.9950209,45.3737163],[8.9950453,45.3739276],[8.9950534,45.3741389],[8.996452,45.3742874],[8.9964276,45.3757782],[8.9978017,45.3759895],[8.9978423,45.3761038],[8.9979643,45.3762408],[8.9980863,45.3763551],[8.9987367,45.3765321],[8.9985904,45.376989],[8.9979643,45.3783826],[8.9985253,45.3785311],[8.998688,45.3785882],[8.9987611,45.3786453],[9.0010378,45.3795534],[9.0019566,45.3782798],[9.002355,45.3785597],[9.0027615,45.3781104],[9.002851,45.3780114],[9.0032332,45.3779143],[9.0033714,45.3779086],[9.003534,45.3779314],[9.0049732,45.3782341],[9.0058025,45.3773774],[9.0059733,45.3772689],[9.0062172,45.3773146],[9.0063717,45.3773374],[9.0067376,45.3769433],[9.0048024,45.3759667],[9.0055586,45.3749786],[9.0061603,45.3741275]],[[8.9916322,45.3776569],[8.9919437,45.3771746],[8.9906412,45.376916],[8.990344,45.3768414],[8.9899617,45.3767768],[8.9886451,45.376384],[8.9878736,45.3761752],[8.987456,45.3759912],[8.9863517,45.3756531],[8.9858846,45.3764586],[8.9883054,45.3772243],[8.9873498,45.3789247],[8.9880435,45.3791186],[8.9886522,45.3785916],[8.9895936,45.3788501],[8.9897989,45.3789048],[8.9902449,45.3789148],[8.9906979,45.37887],[8.9909669,45.3785369],[8.9913208,45.3780894],[8.9916322,45.3776569]],[[9.0509892,45.3339216],[9.0508712,45.3338123],[9.05078,45.3336916],[9.0507264,45.333586],[9.0506781,45.3334427],[9.0506191,45.3333183],[9.0505386,45.33319],[9.0504367,45.333043],[9.0503777,45.3329148],[9.0503616,45.3328016],[9.0503938,45.3327526],[9.0505386,45.3327073],[9.0512628,45.3324773],[9.0513272,45.3324245],[9.051354,45.3323415],[9.051354,45.3322322],[9.0513057,45.3320436],[9.0512467,45.3314176],[9.0513379,45.3313761],[9.0515364,45.331312],[9.0517939,45.3312743],[9.0519763,45.3312668],[9.0520889,45.3312479],[9.052164,45.331214],[9.0522284,45.3311612],[9.0522499,45.3310857],[9.0522445,45.3310028],[9.0522177,45.3309387],[9.0521372,45.3308859],[9.051928,45.3308218],[9.0517939,45.330784],[9.0516651,45.3307275],[9.0513462,45.3305209],[9.0490104,45.3291275],[9.0485149,45.330277],[9.0483025,45.3307697],[9.0481822,45.331113],[9.0480831,45.331322],[9.0479344,45.3315012],[9.0480689,45.3315609],[9.0482105,45.3316355],[9.0483804,45.33174],[9.048522,45.3318396],[9.0486352,45.3320535],[9.0486564,45.332168],[9.0489537,45.3325263],[9.0488051,45.3326308],[9.0486918,45.3327452],[9.0485927,45.3328696],[9.0485078,45.332994],[9.0484899,45.3330308],[9.0483238,45.3333722],[9.0491307,45.3335662],[9.0491519,45.3337802],[9.0486918,45.3338598],[9.0484299,45.3338051],[9.0483379,45.3339743],[9.0510013,45.3346486],[9.0510751,45.3342271],[9.0510751,45.3341026],[9.0510429,45.3339971],[9.0509892,45.3339216]],[[9.0699389,45.3561863],[9.070047,45.3562978],[9.070047,45.3564064],[9.0684452,45.3564178],[9.0683964,45.3569434],[9.0675752,45.3569263],[9.0673638,45.3569434],[9.0671036,45.3569891],[9.0669786,45.359433],[9.0699332,45.359503],[9.0699575,45.3590003],[9.0709902,45.3590117],[9.0711203,45.3589888],[9.0717138,45.3588746],[9.0714618,45.3585318],[9.0713723,45.3583889],[9.0713154,45.3582175],[9.0713154,45.3580747],[9.0713561,45.3578804],[9.0715512,45.3573662],[9.0715756,45.357252],[9.0715837,45.3570406],[9.0715024,45.356692],[9.0714374,45.3564178],[9.0714374,45.3562407],[9.0714943,45.3559493],[9.0715837,45.3556465],[9.0716163,45.3555036],[9.0716,45.3552236],[9.0716,45.354978],[9.0715431,45.3547894],[9.0715268,45.3546351],[9.0715675,45.354498],[9.0716569,45.3542866],[9.0714943,45.3542866],[9.0701608,45.3542923],[9.0699982,45.3545666],[9.0698437,45.3547837],[9.0696974,45.3549494],[9.0694941,45.3551779],[9.0691851,45.3554922],[9.0695103,45.355755],[9.0699389,45.3561863]],[[9.0473266,45.356557],[9.0471921,45.356567],[9.0470293,45.3570544],[9.046916,45.3575021],[9.0467603,45.3579845],[9.0466188,45.3584272],[9.0465763,45.3586212],[9.0465904,45.3587903],[9.046548,45.3589892],[9.046555,45.3591434],[9.0465197,45.3593672],[9.0464701,45.3596557],[9.0464418,45.3597701],[9.0464276,45.3599094],[9.0464347,45.3600337],[9.0464843,45.360173],[9.0464843,45.3602973],[9.046463,45.3603769],[9.0463781,45.3605559],[9.0462365,45.3608295],[9.0461162,45.361113],[9.0460879,45.3612473],[9.0458614,45.3628437],[9.0461233,45.3628786],[9.0507101,45.3633361],[9.0507313,45.3632565],[9.0508021,45.3632118],[9.052147,45.363351],[9.0534636,45.3634654],[9.0535343,45.3630029],[9.0537467,45.3615705],[9.0539095,45.3604764],[9.0540369,45.359795],[9.0541572,45.3592827],[9.0545607,45.3579696],[9.0548014,45.3572484],[9.0549642,45.3567709],[9.054313,45.3567461],[9.053775,45.3567311],[9.0532866,45.3567361],[9.0526849,45.3567262],[9.0490113,45.3566217],[9.0486007,45.3566068],[9.0483884,45.3565769],[9.0482539,45.3565421],[9.048176,45.3565023],[9.0480911,45.3564178],[9.0479636,45.356383],[9.0478008,45.356383],[9.0477159,45.3563979],[9.0476097,45.3564426],[9.0474752,45.3565173],[9.0473266,45.356557]],[[9.0561585,45.4110776],[9.0562939,45.4111235],[9.0563911,45.4110369],[9.0573587,45.4101408],[9.0577327,45.4097926],[9.0575131,45.4091533],[9.0573749,45.4089078],[9.0571798,45.4086909],[9.0569114,45.4084911],[9.0565943,45.4083084],[9.0562122,45.4081543],[9.0557812,45.408023],[9.0552306,45.4078866],[9.0545582,45.4077652],[9.0546095,45.4084111],[9.0544694,45.4084964],[9.0535214,45.4084505],[9.0533397,45.4083301],[9.0532739,45.4082865],[9.0531385,45.4082308],[9.0519663,45.40808],[9.0518449,45.4081029],[9.0517982,45.4081554],[9.0516908,45.4083456],[9.05156,45.4083882],[9.0509296,45.4093881],[9.0503879,45.4092275],[9.0508829,45.4085685],[9.0499769,45.4082833],[9.0496733,45.4082341],[9.0492764,45.4081062],[9.0484638,45.407798],[9.0481603,45.4076603],[9.0476886,45.407398],[9.0474598,45.407303],[9.0472076,45.4072538],[9.0481556,45.4054144],[9.0469647,45.4051587],[9.0468807,45.4050374],[9.0467966,45.4049325],[9.0466565,45.4048046],[9.0465164,45.4046997],[9.0463156,45.4045947],[9.0461241,45.4045128],[9.0456898,45.4043587],[9.0447418,45.4040505],[9.0444943,45.4039685],[9.0443916,45.4039226],[9.0442655,45.4038603],[9.0437985,45.4036964],[9.04314,45.40348],[9.0428187,45.4036081],[9.0422621,45.4047456],[9.0408564,45.4037127],[9.0405155,45.4046111],[9.0404361,45.404762],[9.0394414,45.403916],[9.038951,45.403739],[9.0383252,45.4037783],[9.0382225,45.4037882],[9.0381571,45.4038275],[9.0380824,45.4039292],[9.0380337,45.4039914],[9.0378992,45.4039765],[9.0378396,45.4039717],[9.0378115,45.4038898],[9.0377695,45.40368],[9.0376574,45.403598],[9.0375734,45.4035586],[9.0374426,45.4035488],[9.0372325,45.4035882],[9.0371251,45.4036013],[9.037041,45.4035554],[9.037013,45.4034996],[9.0370363,45.4033816],[9.0371624,45.4030996],[9.0372605,45.4029094],[9.0373399,45.4028209],[9.0373492,45.4027324],[9.0372418,45.4025619],[9.0372044,45.4024209],[9.0372325,45.4023127],[9.0372652,45.4022012],[9.0372044,45.4021487],[9.0365273,45.4019848],[9.0364666,45.4019585],[9.0364432,45.4016929],[9.0363779,45.4015585],[9.0361537,45.4013191],[9.0360883,45.4012306],[9.0360323,45.4010535],[9.0359015,45.4002633],[9.0357147,45.3985057],[9.0345472,45.3982171],[9.0344865,45.3982893],[9.0343184,45.3985713],[9.034225,45.3987287],[9.0341876,45.3988041],[9.0342016,45.3989123],[9.0342157,45.3990271],[9.034183,45.3991156],[9.0340429,45.3992927],[9.0340008,45.3993878],[9.0338747,45.4000633],[9.0337066,45.4000502],[9.0314697,45.3998174],[9.0311521,45.3987516],[9.0304983,45.3964333],[9.032044,45.3963858],[9.0326294,45.3963685],[9.0324076,45.3949708],[9.0319824,45.3949925],[9.0305343,45.3950444],[9.0297949,45.3951699],[9.029838,45.3953906],[9.0300598,45.3963166],[9.0298935,45.3968272],[9.0297764,45.3969786],[9.0295669,45.3970435],[9.0292896,45.3969916],[9.0291109,45.3970132],[9.0285994,45.3968877],[9.027977,45.3968272],[9.0278168,45.3969397],[9.0274163,45.3973464],[9.0267261,45.3993411],[9.0266645,45.3994492],[9.0262948,45.3995747],[9.0258881,45.4004401],[9.0249453,45.4024433],[9.0294472,45.4034206],[9.0301664,45.403719],[9.0294659,45.4048764],[9.0306474,45.4051223],[9.0306955,45.4051373],[9.0301071,45.4064029],[9.0271229,45.4062258],[9.0270272,45.4070214],[9.0268998,45.407727],[9.0267396,45.4085183],[9.0269166,45.4087047],[9.02709,45.4088761],[9.0272953,45.4090451],[9.0274793,45.4091693],[9.0276527,45.4092687],[9.0279288,45.4094054],[9.0283889,45.4096116],[9.0290047,45.409865],[9.0294896,45.4100563],[9.0296417,45.4101259],[9.0297727,45.4102402],[9.0298364,45.4103272],[9.0298824,45.410429],[9.0299107,45.4104862],[9.0299426,45.4105384],[9.0299815,45.4105856],[9.0300558,45.4106303],[9.0301443,45.4106676],[9.0302646,45.4107073],[9.0304274,45.4107346],[9.0305584,45.4107346],[9.0307212,45.4107272],[9.0308769,45.4107197],[9.0310574,45.4107471],[9.0312202,45.4107794],[9.0313972,45.4108266],[9.0318608,45.4110005],[9.0331102,45.4114775],[9.0352817,45.4084198],[9.036107,45.4072667],[9.0377332,45.407769],[9.040705,45.4087023],[9.0434047,45.40954],[9.045693,45.4102514],[9.047575,45.4108416],[9.0493683,45.4113989],[9.0508907,45.4118841],[9.0527447,45.4124611],[9.0546641,45.413061],[9.0547435,45.4129692],[9.0552338,45.4124053],[9.0555374,45.4119988],[9.0560324,45.4114087],[9.0557942,45.4113104],[9.0560791,45.4109727],[9.0562005,45.4110252],[9.0561585,45.4110776]],[[9.0342843,45.3813425],[9.034577,45.3807885],[9.0351868,45.3799604],[9.0359999,45.3786411],[9.0361463,45.3783327],[9.0360325,45.378327],[9.0361951,45.3780585],[9.0303508,45.3769443],[9.0300825,45.3779843],[9.0300503,45.3780107],[9.0300074,45.3780145],[9.0283927,45.3778261],[9.0283874,45.3776301],[9.0284088,45.3774229],[9.028441,45.3772571],[9.0284625,45.3771704],[9.0284464,45.3771026],[9.0283927,45.3770046],[9.0282747,45.3768238],[9.0281782,45.3766429],[9.0281084,45.3764469],[9.0280601,45.3762774],[9.0278187,45.3751054],[9.0274432,45.3733645],[9.0272072,45.3722528],[9.0268585,45.3707077],[9.026194,45.3707018],[9.0260233,45.3720613],[9.0258607,45.373592],[9.0256086,45.3754826],[9.0253891,45.3770133],[9.0253484,45.3771561],[9.0252996,45.3772703],[9.025202,45.377396],[9.0249012,45.3777558],[9.0240881,45.3787039],[9.0238442,45.3790009],[9.0237547,45.3790637],[9.0235189,45.3791151],[9.0234051,45.3793207],[9.0234946,45.3795492],[9.0238686,45.3795035],[9.0239336,45.3796291],[9.0247305,45.3806514],[9.0254378,45.381491],[9.0255761,45.3816623],[9.0256899,45.3818336],[9.025755,45.3819935],[9.0260151,45.3828844],[9.0264786,45.3843178],[9.0267795,45.3852487],[9.0271291,45.3864365],[9.0272023,45.3866763],[9.0272754,45.3868191],[9.0274462,45.387156],[9.0276251,45.3875386],[9.027747,45.3880069],[9.0278446,45.3884637],[9.0279503,45.3888349],[9.0280154,45.3890633],[9.0280804,45.3892574],[9.028178,45.3894402],[9.0285113,45.3893773],[9.0286333,45.3894516],[9.028861,45.3895258],[9.0290399,45.3895258],[9.0292594,45.3894858],[9.029544,45.3893202],[9.0298773,45.3891318],[9.0300481,45.3890176],[9.0301131,45.3889262],[9.030105,45.3888349],[9.0299424,45.3887435],[9.0299017,45.3886578],[9.0299993,45.3885893],[9.0301619,45.3885722],[9.0303733,45.3885893],[9.0305603,45.3885722],[9.030666,45.3885037],[9.0307148,45.388378],[9.030666,45.3882296],[9.0305034,45.3879954],[9.0304628,45.3877899],[9.0304546,45.3876414],[9.0305278,45.3873959],[9.0306335,45.3872074],[9.030788,45.3870761],[9.0309913,45.3869961],[9.0310563,45.3869162],[9.0310482,45.3868362],[9.0309506,45.386762],[9.0308937,45.3866992],[9.0309181,45.3866421],[9.0310319,45.3866249],[9.0311376,45.3866421],[9.0312677,45.3866935],[9.0313816,45.3867049],[9.0315035,45.3866478],[9.031593,45.3865336],[9.0317393,45.386288],[9.0319345,45.3860767],[9.0321865,45.3858826],[9.0323004,45.3857684],[9.0323898,45.3856027],[9.0325036,45.3854828],[9.0326988,45.3853401],[9.033024,45.3849289],[9.0332598,45.3846776],[9.0334631,45.3845406],[9.0336745,45.3843578],[9.0341705,45.3838324],[9.0344063,45.383524],[9.0344388,45.3834098],[9.0344063,45.3833127],[9.0342518,45.3831985],[9.0341786,45.3831014],[9.0340973,45.3829073],[9.0339509,45.3820392],[9.0339184,45.3818051],[9.0339591,45.3816509],[9.0340729,45.3815138],[9.0342843,45.3813425]],[[8.9783169,45.3918258],[8.9782036,45.3917462],[8.9779771,45.3917711],[8.9775949,45.3923278],[8.9770145,45.3932474],[8.9762925,45.394495],[8.9754147,45.3959912],[8.976158,45.3963043],[8.9764623,45.3964435],[8.9767101,45.396528],[8.9769224,45.3965727],[8.9770428,45.3965976],[8.9770782,45.396692],[8.9767596,45.3972288],[8.9757049,45.3992765],[8.9738009,45.3988541],[8.9736593,45.3992169],[8.9736097,45.3993262],[8.973539,45.3993759],[8.9734328,45.3994058],[8.9733408,45.3994107],[8.9731426,45.399361],[8.9725834,45.3992119],[8.9721168,45.399091],[8.9676924,45.3977756],[8.9662505,45.3998784],[8.968447,45.4005701],[8.9685025,45.4011585],[8.9692543,45.4011974],[8.9692727,45.4010936],[8.9694514,45.4011109],[8.969359,45.4020627],[8.9711029,45.4021882],[8.9743441,45.4024175],[8.9745044,45.402318],[8.9745906,45.4022877],[8.9748001,45.4022445],[8.9760449,45.4022315],[8.976735,45.4022228],[8.9769877,45.4022012],[8.9772218,45.4021493],[8.9775731,45.402093],[8.9778381,45.4020671],[8.9785221,45.4019719],[8.9800564,45.4017382],[8.9803275,45.4011758],[8.9809314,45.3999384],[8.9812642,45.3992071],[8.9813628,45.3992028],[8.9816832,45.3992374],[8.981905,45.3992417],[8.9820406,45.3992288],[8.9821639,45.3991682],[8.9822131,45.3991076],[8.9822686,45.3987831],[8.9823549,45.3980735],[8.9824042,45.3979047],[8.9824843,45.3978052],[8.9826938,45.3976538],[8.9829526,45.3975067],[8.9831683,45.3974288],[8.9834086,45.3973725],[8.9837044,45.397312],[8.9838769,45.3972947],[8.9840433,45.3973206],[8.9841665,45.3973725],[8.9844377,45.3974547],[8.9845609,45.3981124],[8.9860152,45.3983158],[8.98786,45.398563],[8.9880178,45.3985841],[8.987833,45.3996355],[8.9887943,45.399722],[8.988899,45.3993672],[8.9892934,45.3980822],[8.9894228,45.3980908],[8.9894906,45.3979307],[8.989583,45.3978312],[8.9898233,45.3976711],[8.98962,45.3975456],[8.9900205,45.3972168],[8.989583,45.3969485],[8.9891763,45.3971692],[8.9891024,45.3971951],[8.9890161,45.3971995],[8.9889674,45.3971858],[8.9889545,45.3971822],[8.9888867,45.3971302],[8.9888435,45.3970931],[8.9888312,45.3970826],[8.9887635,45.3970653],[8.988671,45.3970697],[8.9872722,45.3970653],[8.9872476,45.3972471],[8.9870196,45.3972341],[8.9870381,45.3956547],[8.9858858,45.3953735],[8.9862,45.3945037],[8.9862432,45.3943479],[8.9862493,45.3942527],[8.9862386,45.3942226],[8.9862326,45.3942058],[8.9862185,45.3941662],[8.9861977,45.3941425],[8.9861591,45.3940988],[8.9861384,45.3940753],[8.9861292,45.3940676],[8.9860688,45.3940173],[8.9860398,45.3939931],[8.9853127,45.3936123],[8.9857194,45.3931536],[8.9862555,45.3926257],[8.9866992,45.3920934],[8.9862986,45.3913967],[8.9866129,45.3910116],[8.9859659,45.3907606],[8.9864835,45.3900379],[8.9878946,45.3903192],[8.9878638,45.390423],[8.9879008,45.3904966],[8.9879747,45.3905875],[8.9880548,45.3906394],[8.9884738,45.3907043],[8.9888559,45.3898648],[8.9906059,45.3902543],[8.9909665,45.3896939],[8.9911811,45.3893059],[8.9913688,45.3890007],[8.9916746,45.3883791],[8.991739,45.3882435],[8.9918194,45.3881568],[8.9920555,45.3875842],[8.9922754,45.3869399],[8.9923452,45.3866574],[8.99249,45.38642],[8.9907519,45.3859641],[8.9908598,45.3857865],[8.9878424,45.3848587],[8.9877468,45.3847941],[8.9876973,45.3847394],[8.9876725,45.3846748],[8.9876664,45.3846568],[8.9876548,45.3846226],[8.9876284,45.3845881],[8.9876053,45.384558],[8.9875727,45.3845405],[8.9875451,45.3845257],[8.9875265,45.3845219],[8.9874776,45.3845119],[8.9874602,45.3845083],[8.987354,45.3845083],[8.9873387,45.384509],[8.9872513,45.3845132],[8.9871098,45.3844809],[8.9870355,45.3845406],[8.9857012,45.3841056],[8.9843952,45.3837153],[8.9843052,45.3838569],[8.983562,45.3835885],[8.9834204,45.3837873],[8.9827126,45.3848264],[8.9819127,45.3860344],[8.9807306,45.3877794],[8.9815092,45.3881572],[8.9817994,45.3883113],[8.9806244,45.3897877],[8.9803767,45.3896783],[8.9785929,45.3917611],[8.9785221,45.3918357],[8.9784301,45.3918606],[8.9783169,45.3918258]],[[9.0114446,45.4159603],[9.0114819,45.416016],[9.0115753,45.4160685],[9.0114212,45.4163537],[9.0112204,45.4166815],[9.0110943,45.4170093],[9.0109355,45.4172781],[9.0103378,45.4170453],[9.0097354,45.4178583],[9.0108001,45.4182517],[9.011141,45.4183566],[9.0113605,45.418432],[9.011538,45.418468],[9.0117808,45.4184713],[9.0119583,45.4184647],[9.0120984,45.4184975],[9.0122058,45.4185467],[9.0123646,45.418609],[9.0125981,45.4187401],[9.0128642,45.418881],[9.01349,45.4191728],[9.0139477,45.4193793],[9.014382,45.419553],[9.0147322,45.4196841],[9.0149611,45.4198021],[9.0150778,45.4198841],[9.0151619,45.4199726],[9.0151946,45.4200644],[9.0151992,45.4201725],[9.0152179,45.4202643],[9.0152553,45.4203364],[9.015316,45.4203889],[9.015386,45.4204282],[9.0154981,45.4204413],[9.0156336,45.4204348],[9.0157456,45.420402],[9.0158437,45.4203331],[9.0158904,45.4202643],[9.0158997,45.4201725],[9.0159044,45.4200939],[9.0159464,45.4200152],[9.0163294,45.4197694],[9.0175623,45.4190449],[9.0187998,45.4182812],[9.0200981,45.417501],[9.0199767,45.4174125],[9.0196824,45.4172486],[9.0194163,45.4170781],[9.0193836,45.4170355],[9.0193836,45.4169667],[9.0194116,45.4168716],[9.0194489,45.4167897],[9.0183375,45.4164815],[9.018132,45.4164717],[9.0168571,45.4162881],[9.0168011,45.4163602],[9.0166376,45.4164782],[9.0163247,45.4163602],[9.0163948,45.4162783],[9.0147883,45.4157308],[9.0144474,45.4162062],[9.0135321,45.4159144],[9.0141718,45.4146982],[9.0122245,45.4139213],[9.0121871,45.4140753],[9.0119769,45.4145409],[9.0117014,45.4151932],[9.0114539,45.41578],[9.0114306,45.4158816],[9.0114446,45.4159603]],[[8.939654,45.4240342],[8.9397848,45.4240735],[8.9400183,45.4241522],[8.9403638,45.4242177],[8.9404572,45.4241849],[8.9404012,45.4240473],[8.9403825,45.4238899],[8.9404012,45.4236867],[8.9404386,45.4234638],[8.940532,45.4234442],[8.9412978,45.4236605],[8.9416154,45.4237588],[8.9417648,45.4238899],[8.9418769,45.4240473],[8.9419983,45.4243226],[8.9420637,45.4243881],[8.9428389,45.4245979],[8.9436422,45.4234048],[8.9429884,45.4232147],[8.9444734,45.4212415],[8.9451272,45.4203958],[8.9460706,45.4192814],[8.9464909,45.419006],[8.947154,45.4186258],[8.9469485,45.4184946],[8.9465843,45.4183045],[8.9458464,45.4180095],[8.9446849,45.4176244],[8.9432923,45.4171702],[8.9422077,45.4168242],[8.9419736,45.4167377],[8.941801,45.4166684],[8.9417148,45.4165906],[8.94161,45.4164738],[8.9415422,45.4163959],[8.9414313,45.4163484],[8.9412957,45.4163181],[8.9411355,45.4163354],[8.9409692,45.4163397],[8.9408274,45.4163267],[8.9406364,45.4162705],[8.9403899,45.4161926],[8.9402482,45.4161624],[8.9400572,45.4161061],[8.9388227,45.4156821],[8.9366185,45.4149412],[8.9357125,45.4146527],[8.935012,45.4143905],[8.9344983,45.4141741],[8.9343862,45.4143052],[8.9339659,45.4174326],[8.933116,45.4170195],[8.9324902,45.41877],[8.9322287,45.4188552],[8.9319765,45.4189011],[8.931715,45.418888],[8.9312947,45.4187962],[8.9310052,45.4187175],[8.9304448,45.4185209],[8.9298844,45.4196354],[8.928913,45.4219036],[8.9287542,45.4219823],[8.9285581,45.4220741],[8.9282685,45.422179],[8.9279043,45.4222576],[8.9272505,45.4223691],[8.9288943,45.4234376],[8.9327704,45.42585],[8.9332748,45.4259221],[8.9350214,45.4263875],[8.9354417,45.425555],[8.9355444,45.4253059],[8.9355911,45.4251289],[8.9356098,45.4249847],[8.9363383,45.4243947],[8.9370762,45.424611],[8.9372256,45.4246766],[8.9379168,45.4248732],[8.9380008,45.4249453],[8.9380755,45.425024],[8.9387013,45.4252534],[8.939654,45.4240342]],[[9.2356439,45.4067411],[9.2351909,45.404967],[9.234752,45.4029592],[9.234476,45.4013837],[9.2341645,45.39951],[9.2334213,45.3992714],[9.2326214,45.3990329],[9.2323595,45.3989682],[9.22933,45.3980487],[9.2292196,45.3983322],[9.2280894,45.4012439],[9.227129,45.4041435],[9.2259542,45.4060907],[9.2275796,45.4065953],[9.2274991,45.4066292],[9.226677,45.4072957],[9.2277828,45.4079236],[9.2358492,45.4081326],[9.2355727,45.4070076],[9.2355037,45.4067271],[9.2356439,45.4067411]],[[9.241313,45.4191288],[9.2430081,45.4184398],[9.2436626,45.4181574],[9.2434104,45.4168771],[9.242477,45.4174081],[9.2420107,45.4168466],[9.2415919,45.4163424],[9.2415919,45.416301],[9.2419308,45.4155639],[9.2421874,45.4150056],[9.2413878,45.414619],[9.240739,45.4143052],[9.2402454,45.4140793],[9.2400255,45.413955],[9.2399611,45.4139701],[9.2399021,45.4146065],[9.2398592,45.414791],[9.2398064,45.4149014],[9.2397052,45.4151128],[9.2396393,45.4152504],[9.2395144,45.4156027],[9.239371,45.4160073],[9.2390116,45.4162294],[9.2390599,45.416301],[9.2390027,45.4163311],[9.2388021,45.4164438],[9.2387541,45.4164704],[9.2388024,45.4165194],[9.2384626,45.4167481],[9.2384108,45.416783],[9.2382821,45.4168395],[9.238175,45.4168576],[9.2379924,45.4168884],[9.2377617,45.4169562],[9.2369517,45.417329],[9.2366957,45.4174507],[9.2366628,45.4174663],[9.2364367,45.4175737],[9.2370965,45.4182365],[9.2376958,45.4188464],[9.2380031,45.419159],[9.2381249,45.4192946],[9.238561,45.4197803],[9.2386576,45.4199422],[9.2387005,45.4200476],[9.2387219,45.4201606],[9.2389419,45.4201493],[9.241313,45.4191288]],[[9.3466463,45.4162315],[9.3466045,45.4167296],[9.3465672,45.416799],[9.3464722,45.4168635],[9.3464183,45.4169102],[9.3464183,45.4169369],[9.3464436,45.4169702],[9.3465806,45.4170147],[9.3466482,45.4170548],[9.3467134,45.4171148],[9.346749,45.4171794],[9.346728,45.4172388],[9.3473211,45.4173379],[9.3469551,45.4180795],[9.3496431,45.4182071],[9.3496507,45.4177126],[9.350782,45.4176794],[9.3512477,45.4177379],[9.3520592,45.4161493],[9.3504851,45.415931],[9.3505072,45.415856],[9.3494651,45.4156914],[9.3494521,45.4164778],[9.3485662,45.4163681],[9.3484881,45.4167979],[9.3473167,45.416743],[9.3470398,45.4163972],[9.3468239,45.4162773],[9.3466463,45.4162315]],[[9.2978204,45.4455513],[9.2982673,45.4444911],[9.2986368,45.4434169],[9.2988464,45.4430106],[9.2990615,45.44267],[9.299249,45.4422599],[9.2998116,45.4397101],[9.3000873,45.4384357],[9.3001314,45.4376153],[9.3001837,45.4375549],[9.3010007,45.4376136],[9.301734,45.434865],[9.3016168,45.4346347],[9.3012418,45.4347381],[9.2993701,45.4352362],[9.2965636,45.4360327],[9.2940384,45.4367205],[9.2941121,45.4369272],[9.2941255,45.4371034],[9.2940719,45.43765],[9.2939781,45.4380424],[9.2939179,45.4380424],[9.2938241,45.4383619],[9.2932485,45.4395957],[9.2930792,45.4400673],[9.2927535,45.4402776],[9.292265,45.4420358],[9.2919589,45.4429963],[9.2920566,45.4431334],[9.2918351,45.4437046],[9.2915746,45.4439468],[9.2913377,45.4446124],[9.2914536,45.4446333],[9.2914813,45.4446694],[9.2912598,45.4454946],[9.2912796,45.4457859],[9.2912519,45.4460716],[9.2911412,45.4465958],[9.2936161,45.4469268],[9.293066,45.4483794],[9.2928762,45.4487837],[9.2921868,45.4489578],[9.2918283,45.4491513],[9.2916022,45.4497782],[9.2923247,45.4499987],[9.2955482,45.4506448],[9.2959177,45.4508035],[9.296563,45.4509041],[9.2968773,45.4509195],[9.2968663,45.450552],[9.2968332,45.4504939],[9.2966678,45.4503817],[9.2966126,45.4503237],[9.2965905,45.4502541],[9.2966071,45.4501689],[9.2966733,45.4498091],[9.2966788,45.4495615],[9.2966457,45.4493305],[9.2965574,45.4490984],[9.2964968,45.4490055],[9.2963754,45.4489475],[9.2970373,45.446685],[9.2973406,45.4461859],[9.2978204,45.4455513]],[[9.2846695,45.4612796],[9.2847013,45.4611426],[9.2846967,45.4610598],[9.284692,45.460334],[9.2850147,45.4603131],[9.2850192,45.4600364],[9.2850263,45.4599792],[9.2850882,45.4599381],[9.2854594,45.4598239],[9.2857862,45.4597165],[9.2858546,45.45968],[9.2858871,45.4596457],[9.2859523,45.4595635],[9.2860695,45.4594424],[9.2862095,45.4593404],[9.2863138,45.4592422],[9.2863789,45.459144],[9.286457,45.4589909],[9.2865417,45.4588744],[9.2866199,45.4586574],[9.2866329,45.4585204],[9.2863072,45.4568331],[9.2859718,45.45498],[9.2856787,45.4537384],[9.285695,45.4533774],[9.285822,45.4531672],[9.2860369,45.4530302],[9.2863463,45.4529022],[9.2866231,45.4528474],[9.2866713,45.4527769],[9.2864335,45.4514149],[9.286173,45.4513052],[9.2859808,45.4512847],[9.284965,45.4508695],[9.2837867,45.4503318],[9.2818614,45.4494611],[9.2814805,45.4493256],[9.2810299,45.4491939],[9.2802306,45.4490239],[9.2805345,45.4460322],[9.2807729,45.4437439],[9.2814076,45.4437547],[9.2817729,45.4438168],[9.2830412,45.4440759],[9.2850758,45.4443673],[9.2853635,45.4443713],[9.2856049,45.4443374],[9.2861467,45.444217],[9.2863754,45.4448492],[9.286625,45.4451019],[9.286667,45.4461149],[9.2866617,45.4470558],[9.2873376,45.4472101],[9.2878579,45.4472101],[9.28752,45.4440394],[9.2880403,45.4440921],[9.2882124,45.4441222],[9.2884662,45.4424208],[9.2885585,45.4419108],[9.2887047,45.4419297],[9.2890701,45.4408048],[9.2893585,45.4403353],[9.2897662,45.4398765],[9.2902729,45.4386682],[9.2905267,45.4380259],[9.2905767,45.4376957],[9.2908882,45.4375823],[9.2916795,45.4373421],[9.2918872,45.4363717],[9.2919872,45.4363285],[9.292108,45.436273],[9.2921742,45.436213],[9.2922045,45.4361356],[9.2922045,45.4360679],[9.2921604,45.4359963],[9.292097,45.4359228],[9.2920225,45.4358822],[9.2926333,45.433262],[9.2927601,45.433231],[9.2928539,45.4331865],[9.2929366,45.4331052],[9.2929532,45.433024],[9.2929035,45.4329175],[9.2928401,45.4328576],[9.2927739,45.4328169],[9.2929145,45.4324071],[9.2929201,45.4322832],[9.2927445,45.4309951],[9.2928357,45.4309236],[9.293069,45.4290938],[9.2944479,45.4293576],[9.294763,45.4285943],[9.2956745,45.428757],[9.2958128,45.4282441],[9.2960061,45.428281],[9.2960243,45.4282075],[9.2960532,45.4281673],[9.2960749,45.4281555],[9.2960988,45.428146],[9.296124,45.4281392],[9.2961442,45.4281357],[9.2961716,45.4281401],[9.2961814,45.428138],[9.2962882,45.4281146],[9.2973599,45.4282306],[9.2979346,45.4283035],[9.3019914,45.4287898],[9.3018257,45.4294756],[9.3022248,45.4295208],[9.3020053,45.4304982],[9.30431,45.4307522],[9.304352,45.4307162],[9.3043979,45.4306258],[9.3045703,45.4305376],[9.3064383,45.4307616],[9.3062139,45.4315147],[9.3060833,45.4321513],[9.3059594,45.4329417],[9.3059929,45.4335233],[9.3067479,45.4333155],[9.3068556,45.4333047],[9.306944,45.4333182],[9.3070094,45.433356],[9.3070479,45.4334208],[9.3070517,45.4335314],[9.3070133,45.4343467],[9.3070325,45.4345653],[9.3070863,45.4347299],[9.3079652,45.4354742],[9.3077256,45.4363946],[9.3084534,45.4364924],[9.3107151,45.4368658],[9.3140232,45.4373015],[9.3150368,45.4371814],[9.3153254,45.4371901],[9.3155525,45.4372315],[9.3169128,45.4373877],[9.3173352,45.43741],[9.317308,45.4370721],[9.316884,45.4336216],[9.3168158,45.4330454],[9.3176789,45.4329976],[9.3176607,45.431951],[9.3176834,45.4319063],[9.3196734,45.4325152],[9.3197052,45.4337341],[9.3228545,45.4347127],[9.3229136,45.4334345],[9.3236502,45.4335356],[9.3236392,45.433195],[9.3239067,45.4319019],[9.3257362,45.4320567],[9.3262353,45.4303444],[9.3264697,45.4296517],[9.3269037,45.4283422],[9.3238509,45.4280829],[9.3204843,45.4277934],[9.3204319,45.4274206],[9.3198633,45.4273524],[9.3211502,45.425425],[9.3167843,45.4246374],[9.3172033,45.4227766],[9.3165299,45.4227346],[9.316298,45.4226243],[9.3161932,45.4224405],[9.3163578,45.4222147],[9.3163888,45.4216242],[9.3148849,45.4213302],[9.314638,45.4208102],[9.3139083,45.4207549],[9.3139128,45.4206656],[9.3128953,45.4204775],[9.3130923,45.4197406],[9.3139144,45.4175189],[9.3144159,45.4161455],[9.3138069,45.4160106],[9.3132771,45.4158741],[9.3130947,45.4158123],[9.3130003,45.4159244],[9.3119065,45.4155934],[9.3113358,45.4154946],[9.3108994,45.4153551],[9.3106161,45.4152568],[9.3102844,45.4151082],[9.309646,45.4163989],[9.3094684,45.4163623],[9.3092274,45.4163258],[9.3091525,45.4163258],[9.3086673,45.4162069],[9.3084654,45.4170459],[9.3076903,45.4169247],[9.3073723,45.4185087],[9.3069135,45.4189232],[9.3064638,45.4193568],[9.3063866,45.4195046],[9.3057007,45.4204356],[9.3053873,45.4208915],[9.30536,45.4209712],[9.3055372,45.4210445],[9.3051102,45.4230345],[9.3030923,45.4228624],[9.3030106,45.4232737],[9.3010116,45.4234522],[9.3005392,45.4235223],[9.2978732,45.4228983],[9.2926908,45.4219937],[9.2921065,45.4236546],[9.2910497,45.4234515],[9.2908389,45.4233789],[9.2904664,45.4232355],[9.2903086,45.4232148],[9.2899046,45.4232253],[9.2894033,45.4231833],[9.289104,45.423136],[9.2882885,45.4230258],[9.2881987,45.423845],[9.2874355,45.4239185],[9.2856473,45.4258503],[9.285258,45.4262688],[9.2852505,45.4264788],[9.2850859,45.4266573],[9.2847567,45.4268149],[9.2833426,45.427655],[9.2831107,45.4281434],[9.2836269,45.4282169],[9.2835372,45.428679],[9.2835596,45.428973],[9.2835222,45.4293091],[9.284374,45.4294117],[9.2838988,45.4326499],[9.2827887,45.4326102],[9.2828041,45.4325049],[9.2827618,45.4322863],[9.2825657,45.4321271],[9.2824004,45.4320218],[9.2822388,45.4319678],[9.2812368,45.4316898],[9.2805445,45.4314604],[9.280483,45.4315036],[9.2802676,45.4314334],[9.2800291,45.4313308],[9.2798022,45.4311905],[9.2796242,45.4310366],[9.2794973,45.4308936],[9.2793704,45.4306669],[9.2793281,45.4305292],[9.2793242,45.4303702],[9.2793319,45.4302056],[9.2797627,45.4262513],[9.2797318,45.426156],[9.2797169,45.4261212],[9.2796627,45.4260596],[9.2796068,45.4260227],[9.2795225,45.4259955],[9.2794347,45.425978],[9.2790598,45.4259551],[9.2789368,45.4259678],[9.2787888,45.4259967],[9.2787225,45.4260209],[9.2786368,45.4260614],[9.2785344,45.426129],[9.2783797,45.4262424],[9.278239,45.4263662],[9.2781122,45.4265211],[9.2780267,45.4266682],[9.277955,45.4268114],[9.2779164,45.426939],[9.2779081,45.4270667],[9.2779247,45.4272196],[9.2779605,45.4273376],[9.2780046,45.4274596],[9.2781039,45.4277077],[9.2781508,45.427878],[9.2781618,45.4280019],[9.2781563,45.4281122],[9.2779991,45.4293553],[9.2779522,45.4297052],[9.2778971,45.4298774],[9.2778088,45.4300439],[9.2776898,45.4302005],[9.2775217,45.4303567],[9.2773139,45.4305028],[9.2770277,45.4306526],[9.2755969,45.4313412],[9.2754243,45.4315037],[9.2751836,45.4319595],[9.2744689,45.4333296],[9.2744386,45.433436],[9.273967,45.4343509],[9.2739532,45.4345212],[9.2739174,45.4347282],[9.274047,45.4359122],[9.2741159,45.436127],[9.2740277,45.4364057],[9.2740966,45.4366476],[9.2741435,45.4375142],[9.2756767,45.4375722],[9.2753348,45.4405693],[9.2750618,45.4431494],[9.2748936,45.4446716],[9.274502,45.4448167],[9.2740001,45.4449656],[9.2737186,45.4450508],[9.2735201,45.4450759],[9.2721843,45.445126],[9.2721842,45.4450858],[9.2724694,45.4443388],[9.2727948,45.4435393],[9.2730044,45.4430498],[9.2732168,45.4425838],[9.2732554,45.4424503],[9.2732829,45.4422801],[9.2733983,45.441297],[9.2729196,45.4413216],[9.2729033,45.441381],[9.2727991,45.4413833],[9.2703411,45.4415775],[9.2695996,45.4416397],[9.2694824,45.4416146],[9.2682036,45.4417974],[9.2676217,45.4457295],[9.2684348,45.4457094],[9.2687971,45.447811],[9.2698662,45.44778],[9.2698221,45.4478915],[9.2695481,45.4480155],[9.2685938,45.4485734],[9.2685055,45.4487104],[9.2684524,45.4493985],[9.2681609,45.4495783],[9.2677809,45.4498573],[9.2675777,45.4501238],[9.2670563,45.4506693],[9.2668336,45.4508588],[9.2666374,45.4510004],[9.2664105,45.4511299],[9.2661182,45.4512648],[9.2657528,45.4513916],[9.2655336,45.451451],[9.2651951,45.4515157],[9.2649024,45.4515616],[9.2629904,45.4517511],[9.2626288,45.4517888],[9.262275,45.4518671],[9.261975,45.4519642],[9.2616519,45.4521126],[9.2613558,45.4522934],[9.2611635,45.4524445],[9.2610019,45.4526064],[9.2608924,45.4527515],[9.2601963,45.4537787],[9.2595789,45.4547053],[9.2589638,45.4556296],[9.2581868,45.456803],[9.2576907,45.4575314],[9.2575676,45.4576825],[9.2574291,45.4578039],[9.2571962,45.4579413],[9.2561333,45.458502],[9.2559289,45.4586422],[9.2558862,45.4586828],[9.2558501,45.458717],[9.2557745,45.4587888],[9.2556246,45.4589863],[9.2551357,45.4597301],[9.2548386,45.4601821],[9.2547628,45.4602974],[9.254549,45.460589],[9.2544084,45.4608598],[9.2543505,45.4610449],[9.2543256,45.4612712],[9.2543229,45.4614627],[9.254345,45.4616186],[9.2542101,45.4615422],[9.2533737,45.4609425],[9.2532636,45.4611271],[9.2532029,45.4612702],[9.253145,45.4614733],[9.2531174,45.4617074],[9.2531285,45.4620904],[9.2531643,45.463317],[9.2533022,45.4634524],[9.2571099,45.4634562],[9.2571377,45.4632669],[9.2572444,45.4625402],[9.2572751,45.4624244],[9.2574155,45.4620907],[9.2574297,45.4620725],[9.2574434,45.4620576],[9.2574636,45.462042],[9.2574934,45.4620323],[9.2575222,45.4620273],[9.2578148,45.4620251],[9.2616891,45.4620037],[9.2652149,45.4619828],[9.2682363,45.4619649],[9.2694237,45.4619591],[9.2722891,45.461932],[9.2722367,45.4619977],[9.2719968,45.4627105],[9.2719913,45.4631282],[9.2719582,45.4631998],[9.2718038,45.4633197],[9.2715115,45.4633236],[9.2715335,45.4636934],[9.271581,45.4646669],[9.2738621,45.4646175],[9.2743254,45.4659874],[9.2744253,45.4660415],[9.2745253,45.4660479],[9.2750658,45.4658504],[9.2751248,45.4658313],[9.2752339,45.4658472],[9.2753202,45.4658982],[9.2754428,45.4664047],[9.2757968,45.4680505],[9.2758451,45.4681559],[9.2764245,45.4681897],[9.2778139,45.4682349],[9.2779426,45.4702664],[9.277948,45.4703379],[9.2782216,45.4703604],[9.2784415,45.4703379],[9.2784407,45.4702997],[9.2812065,45.4702484],[9.2819629,45.4702538],[9.2844245,45.4707597],[9.2842514,45.4700336],[9.2842691,45.4698876],[9.2840437,45.4685782],[9.284382,45.4685075],[9.2847306,45.4684449],[9.284771,45.4684393],[9.2852671,45.4683711],[9.2860714,45.4682653],[9.2857596,45.4664576],[9.2857214,45.4662363],[9.2856405,45.4660491],[9.2855035,45.4658747],[9.2853133,45.4656514],[9.2851741,45.4655637],[9.2848066,45.4653727],[9.2844227,45.4652311],[9.2840804,45.4651151],[9.2837799,45.4650472],[9.2834492,45.4650068],[9.283153,45.4650014],[9.2821335,45.4650287],[9.2818161,45.4629472],[9.2820105,45.462941],[9.282005,45.4626795],[9.2820074,45.4615695],[9.2837474,45.4615345],[9.2842561,45.4615377],[9.2843742,45.4615154],[9.2844969,45.4614516],[9.2846241,45.4613688],[9.2846695,45.4612796]],[[9.3458727,45.4569776],[9.345965,45.4570478],[9.3461535,45.4571206],[9.3464342,45.4571827],[9.3467958,45.4572204],[9.3468479,45.4576465],[9.347165,45.4576898],[9.347815,45.4577762],[9.3480112,45.4577114],[9.3480804,45.4570821],[9.3477919,45.4570686],[9.347865,45.4567745],[9.3479573,45.4565101],[9.3479804,45.4564018],[9.3479765,45.455819],[9.3475573,45.4557057],[9.3462359,45.4552454],[9.3464091,45.4548958],[9.3450436,45.454696],[9.3449421,45.4551501],[9.3449066,45.4552951],[9.3442897,45.4552295],[9.3440628,45.4551917],[9.3439583,45.4551714],[9.3439296,45.4553765],[9.3437078,45.4559051],[9.3432897,45.456963],[9.3434282,45.4570278],[9.3443142,45.4570678],[9.3455342,45.4570747],[9.3455535,45.4569237],[9.3456958,45.4569291],[9.3456996,45.4568535],[9.3457958,45.4568535],[9.3458342,45.4569318],[9.3458727,45.4569776]],[[9.072813,45.489559],[9.0729192,45.4895341],[9.0727776,45.4893009],[9.0726785,45.4891769],[9.0722113,45.489425],[9.0720344,45.4894796],[9.0718928,45.4894944],[9.0716734,45.4894845],[9.0717088,45.4912957],[9.0717442,45.492174],[9.0719211,45.4922137],[9.071907,45.4924717],[9.0725865,45.4925511],[9.0726431,45.4926007],[9.0722467,45.4934641],[9.071914,45.4944515],[9.0734571,45.4947442],[9.0736766,45.4942183],[9.0759841,45.4947889],[9.0761115,45.4948534],[9.0772391,45.4951602],[9.0778018,45.4944071],[9.0779451,45.4944115],[9.0784686,45.4946649],[9.0788792,45.4948137],[9.0806842,45.4926553],[9.0803232,45.4925164],[9.0813354,45.4912262],[9.0815336,45.4913205],[9.0820007,45.4908987],[9.0816964,45.4907251],[9.0820998,45.4903876],[9.0816822,45.4901395],[9.0808399,45.4908541],[9.0796578,45.4902884],[9.0786829,45.4914331],[9.077777,45.4911084],[9.0764017,45.4907598],[9.0725794,45.489951],[9.0726289,45.489683],[9.0726856,45.4896135],[9.072813,45.489559]],[[9.0400173,45.4982251],[9.0407039,45.4983937],[9.040888,45.4984285],[9.0410437,45.4984285],[9.0411782,45.4984086],[9.0413198,45.498359],[9.0414684,45.4982747],[9.0418365,45.4980266],[9.0435919,45.4985525],[9.0435282,45.4986716],[9.0440732,45.4988204],[9.0441299,45.4988204],[9.0446678,45.4979323],[9.0451987,45.4980712],[9.0452341,45.4980067],[9.0469683,45.4985724],[9.0476195,45.4976495],[9.0476691,45.4975751],[9.0454465,45.4968557],[9.0456871,45.4963794],[9.0454677,45.4963198],[9.0460481,45.495387],[9.0460552,45.4953126],[9.0456305,45.4951886],[9.0464374,45.4937496],[9.0465578,45.4937149],[9.0466427,45.4936752],[9.0467135,45.4936107],[9.0467347,45.4935363],[9.0467206,45.4934618],[9.0466781,45.4933874],[9.0470462,45.4927176],[9.0470391,45.4926779],[9.0433229,45.4916904],[9.0411569,45.4911247],[9.0395218,45.493045],[9.0386017,45.494216],[9.0384955,45.4943798],[9.0384247,45.4946576],[9.0381486,45.4959874],[9.0381132,45.4964935],[9.0381274,45.4966374],[9.0404916,45.4972774],[9.0394369,45.4980167],[9.0394581,45.4981457],[9.0397059,45.4981606],[9.0400173,45.4982251]],[[8.9638341,45.433734],[8.9639615,45.4336198],[8.9640535,45.4335403],[8.9641809,45.4334012],[8.9643013,45.4333118],[8.9644145,45.433277],[8.9646127,45.4332373],[8.9647189,45.4331628],[8.9647684,45.4330932],[8.9648109,45.4329194],[8.9648888,45.4328449],[8.9654975,45.4325319],[8.9658019,45.4324078],[8.9661841,45.4322736],[8.966538,45.432219],[8.9651436,45.4312404],[8.9620645,45.4290895],[8.9583696,45.4264765],[8.9560833,45.4287567],[8.9571733,45.4291442],[8.9572937,45.4291491],[8.9574352,45.4291044],[8.9577891,45.4286673],[8.9578882,45.4286474],[8.9593464,45.429328],[8.9587235,45.4300731],[8.9583059,45.4299241],[8.9578104,45.4305549],[8.9600118,45.4315087],[8.9607762,45.4319905],[8.9632678,45.4334012],[8.9638341,45.433734]],[[9.0030307,45.4285139],[9.0027781,45.4282544],[9.0024515,45.427982],[9.0009664,45.4293961],[9.0012252,45.4295907],[9.0004735,45.4305118],[9.0016134,45.4309961],[9.0015956,45.4310289],[8.9987335,45.4341909],[8.9995435,45.4345786],[8.999978,45.4343678],[9.0002248,45.4341683],[9.0003214,45.4341156],[9.0008095,45.4340215],[9.0010885,45.4339801],[9.0012977,45.4339199],[9.0019361,45.4336789],[9.0021023,45.4335472],[9.002215,45.4335999],[9.0030304,45.4344017],[9.0031484,45.4345297],[9.0032342,45.4345485],[9.0033791,45.434477],[9.003599,45.4342624],[9.0036741,45.4341344],[9.0037439,45.4339575],[9.0038297,45.4337467],[9.0042213,45.4334004],[9.0045646,45.4330616],[9.0050581,45.4324216],[9.0049884,45.4322635],[9.0049777,45.4321318],[9.0050367,45.4319849],[9.0054873,45.4313788],[9.0058306,45.4309873],[9.0064583,45.4303511],[9.0070423,45.429794],[9.006463,45.4294999],[9.0059331,45.4292361],[9.0052676,45.4289637],[9.0053415,45.4288772],[9.0054339,45.4287734],[9.005588,45.4286782],[9.0058715,45.4284836],[9.0060502,45.4283063],[9.0062042,45.4281117],[9.0044295,45.4273765],[9.0037332,45.4283193],[9.0034621,45.4286263],[9.0032402,45.4288728],[9.0031232,45.428648],[9.0030307,45.4285139]],[[8.986026,45.4492603],[8.9867655,45.4494678],[8.9870119,45.4487804],[8.9891502,45.449403],[8.989865,45.4479331],[8.9900314,45.4479893],[8.9901361,45.4480196],[8.9902779,45.4480153],[8.9903888,45.4479893],[8.990475,45.4479375],[8.9905798,45.4478078],[8.9909249,45.4478769],[8.9916027,45.4468221],[8.9918184,45.4464589],[8.9920525,45.4464244],[8.9924901,45.4463293],[8.993667,45.4460482],[8.9937841,45.4460137],[8.9940367,45.4461217],[8.9943633,45.4462428],[8.9946037,45.4463552],[8.9948317,45.4464719],[8.995035,45.4465627],[8.9953493,45.4466492],[8.9959223,45.4467745],[8.996329,45.4468696],[8.9968775,45.4469777],[8.9973396,45.4470772],[8.9976724,45.4471679],[8.9979189,45.447276],[8.9981407,45.4473971],[8.9982886,45.4474965],[8.9985227,45.4476132],[8.9993361,45.4463552],[8.9991574,45.4462385],[9.0000633,45.4449112],[9.0002666,45.4446216],[9.0013203,45.4450842],[9.0015791,45.444708],[9.0018503,45.4443146],[9.0021645,45.4437915],[8.999558,45.4430911],[8.9972164,45.4424599],[8.995226,45.4419238],[8.9934144,45.4414265],[8.9923668,45.4411369],[8.9915657,45.4409466],[8.99074,45.4407996],[8.9894028,45.4405661],[8.9883368,45.4403932],[8.9871783,45.4402159],[8.9864327,45.4400992],[8.9860014,45.4400084],[8.9856809,45.4399262],[8.9854653,45.4398484],[8.985305,45.439749],[8.9851756,45.4396841],[8.9850216,45.4396409],[8.9848244,45.4396452],[8.9846704,45.4396625],[8.9844547,45.4396755],[8.9840973,45.4396582],[8.9835612,45.4395933],[8.9827046,45.4394636],[8.9810902,45.4391869],[8.9793217,45.4389015],[8.9784281,45.4387545],[8.977547,45.4385902],[8.9766042,45.4383481],[8.9759387,45.4381492],[8.9753101,45.43792],[8.9748541,45.4377082],[8.9744413,45.4375006],[8.9741208,45.4375136],[8.9739606,45.4375482],[8.973825100000001,45.4376044],[8.9737265,45.4376952],[8.9736957,45.437786],[8.9737203,45.437946],[8.9736957,45.4381967],[8.9736464,45.4384778],[8.9735231,45.4388583],[8.9733814,45.4392993],[8.9728761,45.440631],[8.9731458,45.440687],[8.973313599999999,45.4407218],[8.9747247,45.4410634],[8.9761605,45.4416816],[8.9763823,45.4416557],[8.9765734,45.4413141],[8.9766103,45.4414482],[8.9766719,45.4415563],[8.9768383,45.4417335],[8.9771464,45.4419843],[8.9774299,45.4422005],[8.9777257,45.4423647],[8.9778406,45.4424047],[8.9784905,45.4426308],[8.9792046,45.4428792],[8.9790342,45.4431518],[8.9793355,45.4432458],[8.979471,45.4432887],[8.9806795,45.4436706],[8.9803529,45.4441073],[8.9804268,45.4441721],[8.9802296,45.4444402],[8.9812402,45.444812],[8.9808579,45.4454214],[8.9803939,45.4460785],[8.9828833,45.4467659],[8.9830642,45.4464375],[8.9835673,45.44658],[8.9836804,45.4466105],[8.983779,45.4466105],[8.98397,45.4466018],[8.9841118,45.4466018],[8.9842535,45.4466148],[8.9843521,45.4465975],[8.9844753,45.446524],[8.9845862,45.4464073],[8.9849908,45.4465541],[8.9845964,45.4470512],[8.9844978,45.4471809],[8.9844864,45.4472331],[8.9844917,45.4472458],[8.9845718,45.447276],[8.9856316,45.4475441],[8.985872,45.4476262],[8.9860568,45.4477127],[8.9861616,45.4477905],[8.986217,45.4479029],[8.9862725,45.4480715],[8.986328,45.4484],[8.9863403,45.4485384],[8.986328,45.448668],[8.9862725,45.4487977],[8.986026,45.4492603]],[[8.9352505,45.4507109],[8.9357655,45.4497513],[8.9369618,45.4500523],[8.9371817,45.4490739],[8.9373427,45.4484906],[8.9400302,45.4487653],[8.9402341,45.4482873],[8.9401161,45.4481594],[8.9406096,45.4469061],[8.9397191,45.4464922],[8.9395367,45.4464319],[8.9393114,45.4464094],[8.9391344,45.4464206],[8.9389842,45.4464583],[8.9389949,45.4464922],[8.9389734,45.4465637],[8.9388554,45.4466841],[8.9383565,45.4469889],[8.9382988,45.4470316],[8.9379105,45.4468889],[8.937356,45.4471353],[8.9369329,45.4464661],[8.9348773,45.4456391],[8.9286256,45.4437595],[8.9278776,45.4436397],[8.9246658,45.4429037],[8.9245195,45.4433887],[8.9236413,45.4462581],[8.9235519,45.4463836],[8.9233486,45.4479238],[8.922934,45.4478724],[8.9229583,45.4519167],[8.9241048,45.4519908],[8.9239828,45.4525954],[8.9239015,45.4528578],[8.923804,45.4530232],[8.9236739,45.4531943],[8.9260562,45.4534738],[8.9262839,45.4522703],[8.9266417,45.4523216],[8.9269181,45.4510782],[8.9270401,45.451101],[8.9273734,45.449635],[8.9282841,45.4496407],[8.9281378,45.4486026],[8.9292761,45.4486482],[8.9325361,45.4490814],[8.9332335,45.4492056],[8.9329599,45.4500373],[8.9328687,45.4500335],[8.9326971,45.4511211],[8.9315598,45.451076],[8.9314954,45.4514372],[8.9330189,45.4516141],[8.9333515,45.4508426],[8.9342206,45.451091],[8.9345263,45.4505378],[8.9352505,45.4507109]],[[9.0407194,45.4475772],[9.0407838,45.447502],[9.0388204,45.4467794],[9.0379407,45.4479385],[9.0357198,45.4474192],[9.0359987,45.4467568],[9.0360953,45.446546],[9.0361704,45.4459439],[9.0360738,45.4459288],[9.0345289,45.4459815],[9.0343894,45.4451083],[9.0329303,45.4451987],[9.0330054,45.445846],[9.0319754,45.4459062],[9.0320398,45.4466589],[9.0319754,45.4466589],[9.0320291,45.447231],[9.0311171,45.4472686],[9.0307738,45.4479987],[9.0306021,45.448217],[9.0301408,45.4489847],[9.0292503,45.4509567],[9.0323402,45.451747],[9.0315463,45.4531243],[9.030806,45.4542306],[9.0309776,45.4542984],[9.0333809,45.4554348],[9.0333058,45.4554875],[9.0340032,45.4558337],[9.0349151,45.4547725],[9.0356018,45.4540049],[9.0363421,45.453049],[9.0364493,45.4528609],[9.040537,45.4542984],[9.0406121,45.4541554],[9.0440883,45.4553671],[9.0452792,45.4536436],[9.0431012,45.4526878],[9.0444531,45.4509341],[9.0463842,45.4514836],[9.0468134,45.4514986],[9.0470923,45.4514309],[9.0471782,45.4512352],[9.0471889,45.4510094],[9.047146,45.4506782],[9.0474464,45.4503094],[9.043863,45.4488493],[9.0438952,45.4486837],[9.0407194,45.4475772]],[[8.9391631,45.461025],[8.9398298,45.4609794],[8.9417324,45.4610364],[8.941765,45.4593369],[8.945619,45.4594396],[8.9457491,45.458778],[8.9451799,45.4586981],[8.9460418,45.4578883],[8.9461069,45.4576487],[8.9448059,45.457067],[8.944627,45.4572039],[8.9444644,45.4571354],[8.9435538,45.4579681],[8.9429195,45.4576373],[8.942578,45.4580594],[8.9423829,45.4579681],[8.9422203,45.4583674],[8.9410332,45.4575575],[8.940773,45.4582875],[8.9399111,45.4583445],[8.9399111,45.4582077],[8.9382849,45.4582305],[8.9383012,45.4586069],[8.9372442,45.4586411],[8.9367563,45.4586753],[8.936366,45.4587438],[8.935992,45.458835],[8.9348862,45.459143],[8.9338129,45.4594852],[8.933943,45.459873],[8.9335527,45.4599186],[8.9336178,45.4615497],[8.9348699,45.4615155],[8.9349512,45.4613102],[8.934935,45.461025],[8.9348374,45.4607627],[8.9347561,45.4602266],[8.9347886,45.4598844],[8.9350488,45.4597247],[8.9354066,45.4596221],[8.9356993,45.4595992],[8.9361871,45.4596221],[8.9368701,45.4596221],[8.9378621,45.4595422],[8.9378946,45.4598502],[8.9383987,45.4598502],[8.9384313,45.4610364],[8.9391631,45.461025]],[[9.0490196,45.4424374],[9.0491376,45.4423622],[9.0496097,45.4421213],[9.0498135,45.4419707],[9.0500281,45.4416847],[9.0514336,45.4397801],[9.0515838,45.4397199],[9.0519915,45.4396371],[9.0521095,45.4395769],[9.052603,45.4389821],[9.0526567,45.4388692],[9.0526352,45.438139],[9.0526138,45.4379658],[9.0525279,45.4378906],[9.0510366,45.4372582],[9.0476141,45.4358278],[9.0433977,45.4339833],[9.0404902,45.4387864],[9.0400396,45.4397199],[9.0395782,45.4401264],[9.0375934,45.4424977],[9.0371857,45.4438526],[9.0385268,45.4440483],[9.0389881,45.4441612],[9.0394173,45.4442967],[9.0396641,45.4444774],[9.0398464,45.4446656],[9.039943,45.4447785],[9.0401147,45.4448462],[9.0403292,45.4448839],[9.0404794,45.4448763],[9.0407369,45.4448914],[9.0411017,45.4449892],[9.0415309,45.4451699],[9.041842,45.445343],[9.0421424,45.4455613],[9.0416167,45.4462613],[9.0414987,45.446314],[9.041606,45.4463818],[9.0417884,45.4463291],[9.0432153,45.446156],[9.0444706,45.4459828],[9.0446208,45.4459377],[9.0451572,45.4454333],[9.045404,45.4452677],[9.0471742,45.4444172],[9.0473995,45.4443193],[9.0476141,45.4441838],[9.0488479,45.4430547],[9.048923,45.4429192],[9.0489552,45.4426181],[9.0490196,45.4424374]],[[9.0676138,45.4482282],[9.0675569,45.4483652],[9.0673203,45.4486479],[9.0669663,45.4490769],[9.0664084,45.4496941],[9.0663655,45.4498597],[9.0663762,45.4500177],[9.065646600000001,45.4508682],[9.0650887,45.4518391],[9.0649707,45.4521327],[9.0649278,45.4523509],[9.0649493,45.4525842],[9.0650351,45.452795],[9.0652282,45.4530057],[9.0654857,45.4531638],[9.066108,45.4533745],[9.0718264,45.4547141],[9.0731354,45.4549249],[9.0745623,45.4547292],[9.0753777,45.4543529],[9.0736289,45.453382],[9.0749805,45.4520842],[9.0732079,45.4513199],[9.0740373,45.4500992],[9.0739885,45.4497228],[9.0737771,45.4497228],[9.0734763,45.4497113],[9.0732323,45.4496714],[9.0729721,45.4496087],[9.0725168,45.4494375],[9.0716712,45.4490953],[9.0725412,45.4480514],[9.0721916,45.4479088],[9.0723623,45.4470589],[9.072403,45.4467166],[9.0712321,45.4464143],[9.0699637,45.448661800000004],[9.0682074,45.4481826],[9.068118,45.4481028],[9.0680285,45.4480229],[9.0678903,45.4479773],[9.0677277,45.4480058],[9.0676301,45.4481028],[9.0676138,45.4482282]],[[9.0401184,45.46226],[9.0405421,45.4614511],[9.0415399,45.4616844],[9.0417491,45.4613345],[9.0417384,45.460898],[9.0420442,45.460898],[9.0420496,45.4608453],[9.0426075,45.4608002],[9.042468,45.4603524],[9.0443348,45.4608228],[9.0447425,45.4599461],[9.0451555,45.4594569],[9.0453862,45.4588925],[9.0460568,45.459043],[9.0459924,45.4591672],[9.0466576,45.4593553],[9.0474462,45.4583394],[9.0470814,45.4580196],[9.0474944,45.4573837],[9.0459548,45.4568794],[9.0434711,45.4560478],[9.0431117,45.4565596],[9.0426235,45.4572745],[9.0421515,45.4580647],[9.0418564,45.4579857],[9.0416097,45.4584297],[9.0408533,45.4582604],[9.0408271,45.4583099],[9.0402096,45.4594795],[9.0397965,45.4602697],[9.0393244,45.4612103],[9.0390347,45.4620644],[9.0387826,45.463306],[9.0388524,45.4633399],[9.0389006,45.463291],[9.0390347,45.4631856],[9.0391528,45.4630953],[9.0393834,45.4629599],[9.0397321,45.4627416],[9.0399145,45.4625723],[9.0400218,45.4624406],[9.0401184,45.46226]],[[9.0636556,45.4844435],[9.0631299,45.4845338],[9.0629475,45.4845488],[9.0627114,45.4845112],[9.0625398,45.4844435],[9.0622286,45.4842179],[9.0619819,45.4839471],[9.0617244,45.4838794],[9.0622715,45.4824878],[9.0610189,45.4819041],[9.0617995,45.4810134],[9.0619497,45.4810811],[9.0631835,45.4796668],[9.0636234,45.4784557],[9.0619282,45.4780795],[9.0587954,45.4774551],[9.0564029,45.4769737],[9.0552442,45.4766803],[9.0531306,45.4761687],[9.0527336,45.4761085],[9.0521543,45.476116],[9.0520899,45.4763417],[9.0518002,45.4773573],[9.0511136,45.4783579],[9.0519397,45.4787792],[9.0521864,45.4790274],[9.0515642,45.4793735],[9.0507381,45.4798474],[9.0504591,45.4800279],[9.0504913,45.4800956],[9.05062,45.4803063],[9.05062,45.4804191],[9.0505449,45.4805771],[9.0502982,45.4808479],[9.0500407,45.4810736],[9.049751,45.4813068],[9.049472,45.4815249],[9.0492146,45.4816754],[9.0489785,45.4818785],[9.0488283,45.4820364],[9.0487425,45.4821869],[9.0487639,45.4824878],[9.0488605,45.4828864],[9.0489571,45.4832475],[9.0489571,45.4835108],[9.0489249,45.4838568],[9.0487532,45.484451],[9.0486459,45.4848572],[9.048603,45.4854665],[9.0486137,45.4858802],[9.0491073,45.4860156],[9.0509741,45.4865948],[9.0502445,45.487723],[9.0496652,45.4883624],[9.047852,45.4883097],[9.0468006,45.4897463],[9.0464251,45.4902653],[9.0465002,45.4903856],[9.0477018,45.4901449],[9.0480129,45.4904082],[9.046918,45.4923894],[9.0468649,45.492499],[9.0471439,45.4925893],[9.0494184,45.4932361],[9.0507381,45.4936272],[9.0526156,45.4943341],[9.0545575,45.4950561],[9.0567321,45.4960807],[9.0569996,45.4958655],[9.0575275,45.4957487],[9.0586452,45.4959059],[9.058892,45.495387],[9.05901,45.4950711],[9.0591924,45.494823],[9.0599863,45.4942363],[9.0614454,45.4948606],[9.0622501,45.4942739],[9.0625612,45.4939129],[9.0628187,45.4936046],[9.0632586,45.493221],[9.0634195,45.4930781],[9.0626578,45.4927848],[9.0619819,45.4937024],[9.0601258,45.4931007],[9.0600507,45.4932361],[9.0599648,45.4932812],[9.059643,45.4932286],[9.0595679,45.4931458],[9.0596398,45.4930084],[9.06004,45.4922433],[9.0602331,45.491965],[9.0606086,45.4917996],[9.0608446,45.4914461],[9.0610163,45.4910099],[9.0608553,45.4909948],[9.0611343,45.4900848],[9.0613995,45.4901012],[9.0614991,45.4901073],[9.0614609,45.4896323],[9.0614454,45.4891295],[9.0616922,45.4890919],[9.0637414,45.4886181],[9.0640096,45.488588],[9.0641813,45.4885805],[9.0642027,45.4886632],[9.0637092,45.4890242],[9.0633659,45.4891972],[9.0631191,45.4893326],[9.0629689,45.4895883],[9.0628509,45.4898065],[9.0628938,45.4899494],[9.0628509,45.4900923],[9.0627651,45.4902577],[9.0650289,45.4902277],[9.067121,45.4902577],[9.0672926,45.4900923],[9.0675823,45.4899118],[9.0677325,45.4897613],[9.0677862,45.4895583],[9.0677969,45.4893627],[9.0679149,45.488949],[9.0680651,45.4885429],[9.0685265,45.4875576],[9.0685694,45.487377],[9.068387,45.4871213],[9.068269,45.4870235],[9.067357,45.4867527],[9.0668206,45.4864368],[9.0663914,45.4863466],[9.0654044,45.4860833],[9.0649108,45.485978],[9.0646212,45.4859855],[9.0648465,45.4856846],[9.0649323,45.485474],[9.064943,45.4852409],[9.0649108,45.4850001],[9.0647821,45.4847745],[9.0645997,45.4846466],[9.0643208,45.4845037],[9.0639774,45.484436],[9.0636556,45.4844435]],[[9.1430887,45.3259378],[9.1435184,45.3254486],[9.1439947,45.3248806],[9.1446719,45.3251039],[9.1447746,45.3251958],[9.1458907,45.3256062],[9.1461382,45.3252253],[9.146283,45.3249824],[9.1464465,45.324769],[9.1466286,45.3245884],[9.1467453,45.3244964],[9.1468574,45.3244603],[9.1470676,45.3244603],[9.1472964,45.3244603],[9.1473991,45.3244242],[9.1475766,45.3243487],[9.1478755,45.3242764],[9.1479922,45.3242239],[9.1482071,45.3241385],[9.1484406,45.3240072],[9.148646,45.3238332],[9.1488048,45.323646],[9.1489356,45.3236263],[9.1491317,45.3235574],[9.1493652,45.3234392],[9.149524,45.3233406],[9.1496548,45.3232192],[9.1498089,45.3230583],[9.1501544,45.3228251],[9.150019,45.3226314],[9.1484826,45.3220437],[9.1484639,45.3219944],[9.1486974,45.3216628],[9.1471843,45.3213081],[9.1474645,45.3207072],[9.1470769,45.3206186],[9.1454985,45.3201293],[9.1451482,45.3199947],[9.1449848,45.3199126],[9.144896,45.3198732],[9.144798,45.3198469],[9.1446392,45.3198469],[9.1445364,45.3198765],[9.1444524,45.3199224],[9.1443777,45.3199454],[9.1441582,45.3199454],[9.1437939,45.3199323],[9.143495,45.3194266],[9.1424536,45.3193445],[9.1418605,45.3193117],[9.1418512,45.3194003],[9.1411273,45.3192919],[9.1414682,45.3185991],[9.1415056,45.3184677],[9.1414963,45.3181492],[9.1427385,45.3173972],[9.1427105,45.317013],[9.142972,45.3169079],[9.1430545,45.3168712],[9.1431494,45.3168291],[9.1434063,45.316678],[9.1436958,45.3164547],[9.1440554,45.3162084],[9.1445084,45.3159818],[9.1441815,45.3154728],[9.1439667,45.3152265],[9.1437052,45.3149868],[9.1435044,45.314816],[9.1432475,45.3146124],[9.1427105,45.3142348],[9.1425704,45.3141264],[9.1425003,45.3140115],[9.142463,45.3139162],[9.1423088,45.3139228],[9.1422762,45.3140574],[9.1422154,45.3141428],[9.1421407,45.3141822],[9.1419913,45.3142151],[9.1418418,45.3141954],[9.1417496,45.3141782],[9.1397123,45.313798],[9.1370411,45.3132233],[9.1351684,45.3132561],[9.1346034,45.3132167],[9.1339776,45.3138768],[9.1337394,45.3144909],[9.1336273,45.3150229],[9.1336227,45.3153875],[9.1335433,45.3158669],[9.1333845,45.3167536],[9.1332771,45.3171181],[9.1329128,45.3175056],[9.1326746,45.3175844],[9.1324411,45.3175286],[9.1319555,45.3187107],[9.1316846,45.319663],[9.1313997,45.3196958],[9.1312503,45.319709],[9.1311289,45.3196958],[9.1309888,45.3196532],[9.1307273,45.3202508],[9.1300174,45.320126],[9.1299427,45.3202968],[9.1293776,45.3216562],[9.1289527,45.322661],[9.128934,45.3227825],[9.1284483,45.32382],[9.1282008,45.3244176],[9.1281634,45.3245391],[9.1281494,45.3246869],[9.1281541,45.3248281],[9.1281728,45.3249495],[9.1282195,45.3250612],[9.1282662,45.3251268],[9.1283362,45.3251991],[9.1284997,45.3253009],[9.1287518,45.3254026],[9.1291161,45.3255143],[9.1323197,45.3261775],[9.131778,45.3265945],[9.1310682,45.3272873],[9.1308113,45.3276287],[9.1305545,45.3279209],[9.130405,45.3280556],[9.1302696,45.3281311],[9.1292936,45.3284397],[9.1288779,45.3285677],[9.1285417,45.3286597],[9.1281868,45.3287516],[9.1271127,45.3290865],[9.1259919,45.3294279],[9.1241939,45.3299959],[9.1237176,45.3292769],[9.1236242,45.3291029],[9.1236102,45.3290142],[9.1236148,45.3289486],[9.1237876,45.3285054],[9.1239698,45.3281114],[9.1240492,45.328003],[9.1223119,45.3276025],[9.121971,45.3275073],[9.1219243,45.327655],[9.1218636,45.3277962],[9.1216955,45.3279374],[9.121447999999999,45.3281048],[9.121247200000001,45.3282263],[9.1209576,45.3283543],[9.1208549,45.3284233],[9.1207988,45.3285218],[9.1207381,45.3287943],[9.1206914,45.3289519],[9.120626,45.3290602],[9.120514,45.3291456],[9.1202805,45.3292342],[9.1199956,45.3293163],[9.1197854,45.329359],[9.1194492,45.329382],[9.1187954,45.3293787],[9.1185526,45.3293984],[9.1183751,45.3294443],[9.1182537,45.3295231],[9.118193,45.3295954],[9.1181276,45.3297924],[9.1181043,45.3300944],[9.1180949,45.3302093],[9.1180529,45.3302717],[9.1179408,45.3303144],[9.1178007,45.3303308],[9.1174551,45.3303308],[9.117245,45.3303603],[9.1170909,45.3304161],[9.1169181,45.3305278],[9.116806,45.3308298],[9.11682,45.3310662],[9.1170255,45.3315028],[9.1170769,45.3316539],[9.1170909,45.3317458],[9.1170582,45.3318673],[9.1170208,45.3320609],[9.1171469,45.3322711],[9.1153443,45.332839],[9.1129999,45.3335678],[9.1111179,45.3341587],[9.1092453,45.3347398],[9.1080311,45.3351272],[9.1075781,45.3352683],[9.1073399,45.3353176],[9.1070971,45.3353504],[9.1067748,45.33538],[9.1066861,45.3353767],[9.1066301,45.3353635],[9.1065507,45.3353307],[9.1063172,45.3351896],[9.1059669,45.3349532],[9.1057568,45.3348087],[9.105584,45.3346577],[9.1052384,45.3343623],[9.1049722,45.3341456],[9.1046126,45.3338994],[9.1045472,45.3331837],[9.1043745,45.3315324],[9.1042577,45.330426],[9.104155,45.3293787],[9.1040429,45.3283018],[9.1039168,45.3271264],[9.1037814,45.3258623],[9.1036786,45.32492],[9.1036693,45.3246409],[9.1036833,45.3244045],[9.1037253,45.3241287],[9.1037814,45.3239087],[9.1039308,45.3235048],[9.1043184,45.3224344],[9.1047247,45.321341],[9.1049535,45.3207171],[9.1050329,45.3205004],[9.105117,45.3203132],[9.1052384,45.3201162],[9.1054159,45.3198732],[9.1058782,45.3192788],[9.106228399999999,45.3188289],[9.1064152,45.3185728],[9.106588,45.3182773],[9.1067235,45.3179916],[9.1070457,45.3170918],[9.1071858,45.3167043],[9.1072418,45.3164941],[9.1072605,45.3162873],[9.1072605,45.3158209],[9.1072418,45.3147372],[9.1072418,45.31433],[9.1072745,45.3139589],[9.1076108,45.3130492],[9.1080077,45.3119819],[9.1083766,45.3109638],[9.1088717,45.3096829],[9.109404,45.3082805],[9.108358,45.3080802],[9.1086568,45.3073938],[9.1086288,45.3072887],[9.1081057,45.3073741],[9.1057334,45.3076894],[9.1050422,45.3078207],[9.1045005,45.3080507],[9.1036599,45.3084711],[9.1026699,45.3090294],[9.1017639,45.3095614],[9.1009046,45.3101329],[9.0997745,45.3109014],[9.1005217,45.3112561],[9.0996063,45.3133251],[9.0992981,45.3145928],[9.0985696,45.3145008],[9.0984388,45.3145402],[9.0968688,45.318681],[9.0964441,45.3187308],[9.0962035,45.3187805],[9.0960619,45.3189],[9.0959203,45.3191787],[9.0957221,45.3196963],[9.0954886,45.3196864],[9.0954744,45.3199701],[9.0955452,45.320204],[9.0957084,45.320551],[9.0957929,45.3208112],[9.0961539,45.3215777],[9.0962743,45.3216424],[9.0975908,45.3218713],[9.0974634,45.3226328],[9.0974705,45.3228518],[9.0980226,45.3233097],[9.0986867,45.3236971],[9.0991989,45.3238486],[9.0993493,45.3240544],[9.0995648,45.3242717],[9.0998412,45.3244717],[9.1000039,45.3246232],[9.1001584,45.3248319],[9.1003169,45.3250491],[9.1004307,45.3252292],[9.1005649,45.325355],[9.100817,45.3256265],[9.1001624,45.3259295],[9.0991345,45.3252729],[9.0986839,45.3250617],[9.0984478,45.3249901],[9.0980455,45.3249109],[9.0977129,45.3248958],[9.0973428,45.3249222],[9.0968278,45.3250014],[9.0953204,45.3254313],[9.0925899,45.3262271],[9.091179,45.3266835],[9.0910932,45.326642],[9.0909323,45.3266156],[9.0907767,45.3266118],[9.0904173,45.3266722],[9.0895214,45.325024],[9.0888026,45.3237567],[9.0884325,45.3231306],[9.0880087,45.3224479],[9.0845486,45.3218746],[9.0843448,45.3225724],[9.0838027,45.3246663],[9.0836629,45.3253115],[9.0837948,45.3253087],[9.0842159,45.3252973],[9.0844788,45.3252955],[9.0847524,45.325303],[9.0849106,45.32532],[9.0849535,45.3253615],[9.084865,45.325963],[9.0847631,45.3264929],[9.0846853,45.3269663],[9.084696,45.3270606],[9.085227099999999,45.3270794],[9.0858182,45.3271307],[9.0863319,45.3271816],[9.0865934,45.3272374],[9.0871071,45.3274311],[9.0877283,45.3276938],[9.0870091,45.3280878],[9.0870091,45.3281764],[9.0886669,45.3289118],[9.0885035,45.3295159],[9.0871912,45.3300511],[9.0860657,45.3297556],[9.0849636,45.3301955],[9.0846974,45.3309375],[9.0845667,45.3313906],[9.0842024,45.332648],[9.084123,45.3331141],[9.0825305,45.3333111],[9.083133,45.3337084],[9.0834832,45.3345652],[9.082652,45.334749],[9.0819188,45.3349329],[9.081704,45.3349821],[9.081279,45.3350445],[9.0807653,45.3351265],[9.0805411,45.3351659],[9.080345,45.3352152],[9.0799153,45.3350642],[9.0793783,45.3359669],[9.0796912,45.3360227],[9.0798733,45.3360589],[9.0799434,45.3361409],[9.0799667,45.3362328],[9.0799574,45.3363477],[9.0822223,45.3367548],[9.0842351,45.3371028],[9.0843659,45.3371389],[9.0831376,45.3385734],[9.0830116,45.338708],[9.0828574,45.3388196],[9.0822503,45.339138],[9.082185,45.3391741],[9.082171,45.3392168],[9.0822036,45.3392595],[9.082708,45.339463],[9.0816059,45.340776],[9.084576,45.341961],[9.0850804,45.341334],[9.085538,45.3407661],[9.0880878,45.3418034],[9.0896196,45.3424566],[9.0898531,45.3424763],[9.0899091,45.3424468],[9.0904415,45.3418329],[9.0908224,45.3413995],[9.0916417,45.3413734],[9.0927298,45.3410353],[9.0927205,45.3411863],[9.0925477,45.3416623],[9.0941075,45.3422728],[9.0940935,45.3423877],[9.0940981,45.3425255],[9.0941495,45.3426765],[9.0942289,45.3427684],[9.0943223,45.3428275],[9.0945138,45.3428669],[9.0946772,45.3428636],[9.09485,45.3428308],[9.0951862,45.3427126],[9.0969281,45.3421579],[9.0988662,45.3415244],[9.099011,45.3414686],[9.0990904,45.3413898],[9.0991557,45.3412355],[9.0992258,45.3410845],[9.0993098,45.3409894],[9.0994499,45.3409401],[9.09952,45.3410123],[9.0996461,45.3404904],[9.0996087,45.3404051],[9.0998002,45.3402771],[9.1001831,45.3402409],[9.1015188,45.3398306],[9.1017663,45.3397092],[9.1019484,45.339568],[9.1020792,45.33944],[9.1033727,45.3392956],[9.1048858,45.3390592],[9.1057871,45.3389476],[9.1058058,45.3390297],[9.106072,45.3389837],[9.1070714,45.3386555],[9.1071975,45.3385898],[9.1072675,45.3385209],[9.1073282,45.3384125],[9.1073936,45.338232],[9.1075477,45.3377921],[9.1076505,45.3373391],[9.1081969,45.3371159],[9.1092009,45.3380318],[9.1097473,45.3384979],[9.1097099,45.3386358],[9.1104711,45.339312],[9.1106906,45.3393087],[9.1113678,45.3399028],[9.1114845,45.3400374],[9.1115686,45.3401556],[9.111676,45.3402574],[9.1118394,45.3403788],[9.1120227,45.34051],[9.1120916,45.3405593],[9.1131797,45.3415211],[9.1140951,45.3423319],[9.1153373,45.3434019],[9.1165468,45.3444785],[9.1184101,45.3461131],[9.1202408,45.3477508],[9.1216885,45.3490046],[9.1235238,45.3506324],[9.1242803,45.3512954],[9.1249762,45.3519058],[9.1242243,45.3528805],[9.1247715,45.353095],[9.1249528,45.3531693],[9.1246072,45.353701],[9.1247847,45.3537699],[9.1246679,45.3539996],[9.1258448,45.3543015],[9.1261063,45.354331],[9.1262417,45.3543081],[9.1264472,45.3542359],[9.126676,45.3541276],[9.1269375,45.3542424],[9.127073,45.3543179],[9.1271197,45.3544262],[9.127115,45.3544787],[9.1270636,45.3545444],[9.1270543,45.3546034],[9.127073,45.3546428],[9.127129,45.3546592],[9.1272364,45.3546264],[9.1277688,45.3543507],[9.1280583,45.3545969],[9.1282218,45.3545214],[9.1297255,45.3539175],[9.1299404,45.3533793],[9.1295434,45.3532875],[9.1297115,45.3529166],[9.1309996,45.3530601],[9.1314309,45.3515271],[9.1315172,45.3510075],[9.1315049,45.3505398],[9.1314186,45.35015],[9.1312461,45.3497776],[9.1309996,45.3493879],[9.1305685,45.3490085],[9.1291301,45.3480075],[9.1292655,45.3475841],[9.1297933,45.3459693],[9.1300968,45.3449781],[9.1304424,45.3438424],[9.130774,45.3427526],[9.1310308,45.3418401],[9.131339,45.3408849],[9.1316239,45.3399757],[9.1318761,45.3391715],[9.1321469,45.3383081],[9.1323898,45.3374021],[9.132698,45.3364501],[9.1329548,45.3356163],[9.1331323,45.3350812],[9.1333425,45.3344378],[9.1335619,45.3337484],[9.1338608,45.3327143],[9.134057,45.3321036],[9.134099,45.3320413],[9.1342484,45.3320183],[9.1343792,45.3320183],[9.134636,45.3320774],[9.1361725,45.3324418],[9.1361958,45.3323695],[9.1364854,45.3315554],[9.1370784,45.3298646],[9.1374987,45.3286991],[9.137905,45.3276123],[9.1412768,45.3278192],[9.1421361,45.3268867],[9.1420473,45.326844],[9.1422435,45.3266339],[9.1423836,45.3265124],[9.1425517,45.3264172],[9.1427758,45.3262662],[9.1430887,45.3259378]],[[9.1615724,45.33156],[9.1611539,45.3316316],[9.1608643,45.331692],[9.1607902,45.3317148],[9.1605209,45.3317976],[9.1599845,45.3319673],[9.1598826,45.332005],[9.1598236,45.3320917],[9.1597538,45.332235],[9.1596787,45.3323293],[9.1595446,45.3324424],[9.1594159,45.332548],[9.1593783,45.3326197],[9.159373,45.3327026],[9.1595232,45.3332457],[9.1595714,45.3333701],[9.1596144,45.3334418],[9.1596787,45.3334833],[9.1597807,45.3335021],[9.1600328,45.3334757],[9.1602581,45.333438],[9.1604941,45.3333852],[9.1607194,45.3333173],[9.160875,45.3332532],[9.1609984,45.3333701],[9.1599148,45.3342676],[9.1590672,45.3349389],[9.1587936,45.3350821],[9.1584503,45.3352066],[9.1581177,45.3352971],[9.158005,45.3353499],[9.1579192,45.3354743],[9.1578173,45.3356817],[9.1576403,45.336006],[9.1573774,45.3363454],[9.157018,45.3367602],[9.1564064,45.337439],[9.1555213,45.3385061],[9.1530751,45.3374088],[9.1522061,45.3383628],[9.1509347,45.3397353],[9.1498994,45.3408778],[9.1489714,45.3419261],[9.1492825,45.3420354],[9.149422,45.3421221],[9.1495561,45.3422164],[9.1496795,45.3422541],[9.1504519,45.3416847],[9.1506451,45.3414887],[9.1520666,45.341187],[9.1521149,45.340991],[9.152072,45.3406403],[9.1522007,45.3402331],[9.1523831,45.3399352],[9.1523348,45.3396298],[9.1529732,45.3397353],[9.1532253,45.339215],[9.1560041,45.3396185],[9.1573345,45.3399352],[9.1576188,45.3400521],[9.1578656,45.339988],[9.158005,45.3398636],[9.1583966,45.3398749],[9.1603225,45.3396976],[9.1613668,45.3383163],[9.1619103,45.3375973],[9.1625648,45.3369752],[9.1626184,45.3368432],[9.1636538,45.3355762],[9.1645013,45.3347126],[9.1650431,45.3340263],[9.1649305,45.3339207],[9.1646784,45.3336982],[9.1645872,45.3335775],[9.1645335,45.3334493],[9.1645174,45.3332721],[9.1645228,45.3331099],[9.164555,45.3329742],[9.1646301,45.3328535],[9.1649573,45.3324688],[9.1658264,45.3315109],[9.1660195,45.3313375],[9.1661214,45.331247],[9.1661911,45.3312243],[9.166277,45.3312168],[9.1663843,45.3311942],[9.1664594,45.331164],[9.1665237,45.3310961],[9.1665559,45.3310094],[9.1665452,45.3309264],[9.1664915,45.3308548],[9.1663789,45.3308095],[9.166277,45.3307906],[9.1661482,45.3307982],[9.1660302,45.3308246],[9.1659444,45.3308698],[9.1651236,45.3299459],[9.1652953,45.329697],[9.1654294,45.3296781],[9.1655528,45.3296366],[9.1658639,45.3294443],[9.1661804,45.3292633],[9.1662287,45.3291577],[9.166057,45.3291464],[9.1640561,45.3290257],[9.162495,45.3289427],[9.1624468,45.329267],[9.1624307,45.3295159],[9.1624307,45.3296857],[9.1624736,45.3299421],[9.162538,45.3302287],[9.1625862,45.3304286],[9.1626828,45.3306775],[9.1627472,45.3308849],[9.1627686,45.3310773],[9.1627633,45.3311715],[9.1627257,45.3312356],[9.1626721,45.3312998],[9.1625916,45.3313412],[9.1624575,45.331379],[9.1621195,45.3314506],[9.1615724,45.33156]],[[9.2765253,45.3451446],[9.276631,45.3450189],[9.2769562,45.3446474],[9.2776433,45.3438702],[9.2778994,45.3435788],[9.2783791,45.343093],[9.2784442,45.3429958],[9.2784361,45.3429215],[9.2783913,45.342893],[9.2782856,45.3428987],[9.2781393,45.3428787],[9.278062,45.3428101],[9.2780336,45.3427072],[9.2780702,45.3426101],[9.2782043,45.3424729],[9.2785824,45.3421815],[9.2795134,45.3414585],[9.2800704,45.340987],[9.2805135,45.3405812],[9.2805094,45.3404441],[9.2814445,45.3404126],[9.281851,45.3401669],[9.2819516,45.3400985],[9.2791347,45.3377327],[9.2784622,45.3379292],[9.2784056,45.3379243],[9.2783631,45.3378994],[9.2782782,45.3378894],[9.2781968,45.3378969],[9.2781295,45.3379243],[9.2780587,45.337979],[9.2779915,45.3380238],[9.2778853,45.3380661],[9.2760987,45.3386284],[9.2743795,45.3375196],[9.2746013,45.337238],[9.274891,45.3369132],[9.27531,45.3365103],[9.2757105,45.336142100000004],[9.275045,45.3358173],[9.2741762,45.3354621],[9.2721057,45.3346477],[9.2708946,45.3365005],[9.2701954,45.3375607],[9.2696709,45.338418],[9.2689635,45.3396239],[9.2687115,45.3400526],[9.2693213,45.3402355],[9.2692888,45.3402755],[9.2692581,45.340357],[9.2692522,45.3403726],[9.2692237,45.3405126],[9.2691749,45.3405869],[9.2690773,45.340647],[9.2687033,45.3406412],[9.2673251,45.3414756],[9.2662153,45.3421986],[9.2676219,45.3426901],[9.2691383,45.3432244],[9.2693823,45.3433073],[9.2695611,45.3433959],[9.2696628,45.3434616],[9.269736,45.3435502],[9.2697847,45.3436473],[9.2698417,45.3437016],[9.2699148,45.3437331],[9.2700327,45.3437502],[9.2701506,45.3437502],[9.2702604,45.3437245],[9.2703905,45.3437159],[9.270545,45.3437388],[9.2709393,45.3438531],[9.2732932,45.3446503],[9.2745251,45.3440645],[9.2752162,45.3444417],[9.2761716,45.3449875],[9.2765253,45.3451446]],[[9.195189,45.3496365],[9.1953057,45.3496825],[9.1954972,45.3498137],[9.1964826,45.3506277],[9.1977155,45.351668],[9.1982478,45.3521275],[9.1984907,45.3523769],[9.1986915,45.3526099],[9.1988129,45.3528134],[9.1989203,45.3530431],[9.1990651,45.353473],[9.199392,45.3544247],[9.1996862,45.3552845],[9.1997376,45.3554781],[9.1997422,45.3556061],[9.1997236,45.3557341],[9.1996862,45.3558653],[9.1995682,45.3562121],[9.1994341,45.3565664],[9.1996862,45.3567134],[9.2000724,45.3564043],[9.2001636,45.3563779],[9.2002709,45.3563855],[9.2010809,45.3567813],[9.2010917,45.3568227],[9.2009254,45.356819],[9.2009629,45.3578518],[9.2011453,45.3581684],[9.2024542,45.3576407],[9.2029799,45.3576332],[9.2030336,45.3575389],[9.2032535,45.3573844],[9.2035861,45.3571733],[9.2036773,45.3571281],[9.2039026,45.3568868],[9.2037363,45.3567964],[9.2038973,45.3566079],[9.2041601,45.3561668],[9.205056,45.3557597],[9.2057694,45.3554355],[9.2061932,45.3553903],[9.2062898,45.3553677],[9.2064346,45.3552923],[9.2065151,45.3552772],[9.2065956,45.3552848],[9.2067243,45.3553564],[9.2078133,45.3548663],[9.2079313,45.3548136],[9.2090525,45.3538975],[9.2091651,45.3537995],[9.2098786,45.3530003],[9.2076094,45.351794],[9.2075182,45.3517676],[9.2069711,45.3522162],[9.2069121,45.3522501],[9.2068477,45.3522464],[9.206794,45.3522011],[9.2056461,45.3512323],[9.2050238,45.350712],[9.2049648,45.3507233],[9.2035754,45.3494906],[9.2033769,45.349287],[9.2034306,45.3492078],[9.2035432,45.3491211],[9.203672,45.3490532],[9.2038329,45.348925],[9.2016603,45.3473642],[9.2016496,45.3470098],[9.2016764,45.3469043],[9.2017408,45.3468213],[9.2024274,45.3463727],[9.2039348,45.3454339],[9.2040045,45.345366],[9.2039992,45.343609],[9.2040045,45.3412148],[9.2040467,45.340056],[9.2040352,45.3400435],[9.2027864,45.3386843],[9.2018391,45.3376184],[9.2010504,45.3367296],[9.2002089,45.3357837],[9.1997129,45.3352064],[9.1993389,45.3347692],[9.1989242,45.3342833],[9.1986111,45.3338804],[9.1982005,45.3333202],[9.1973346,45.3334774],[9.1971516,45.3335002],[9.1970215,45.3335031],[9.1968711,45.3334917],[9.1960987,45.3333574],[9.1956718,45.333263],[9.1955934,45.3332123],[9.194777,45.3324672],[9.1938526,45.3329589],[9.1927606,45.3327548],[9.1909626,45.3324101],[9.1897251,45.3330503],[9.188707,45.3335985],[9.1877357,45.3341271],[9.1871799,45.3344192],[9.1864841,45.3347639],[9.1860405,45.3349412],[9.1856995,45.3351841],[9.186302,45.3357783],[9.1865635,45.3359293],[9.1875442,45.3369699],[9.1876516,45.3369601],[9.1879178,45.3372555],[9.1878524,45.3373573],[9.1865915,45.3383388],[9.1860856,45.3388079],[9.1852145,45.3391339],[9.1851578,45.3397471],[9.1851905,45.3403478],[9.1848916,45.3407252],[9.1851672,45.3409681],[9.1854661,45.3413423],[9.1848925,45.3417897],[9.1848832,45.3417969],[9.1848065,45.3419015],[9.1850784,45.3428326],[9.1852279,45.3429113],[9.1850271,45.343338],[9.1847329,45.3439321],[9.1846395,45.3440733],[9.1846348,45.3441192],[9.1846581,45.3441455],[9.1847282,45.3441455],[9.1847936,45.3441225],[9.1861479,45.3436958],[9.1889172,45.3427669],[9.1894075,45.3434858],[9.1894822,45.3436236],[9.1895103,45.3437418],[9.1895056,45.3438567],[9.1894869,45.3439453],[9.1894916,45.3440437],[9.1895243,45.344116],[9.1895897,45.3441914],[9.1896364,45.3442538],[9.1896597,45.3443359],[9.1896597,45.344477],[9.1896317,45.3446969],[9.1896317,45.3448807],[9.1896457,45.3450251],[9.1896924,45.3452089],[9.1897531,45.3453862],[9.1898232,45.3455405],[9.1898979,45.3456849],[9.1900053,45.3458457],[9.1901127,45.3459934],[9.1902715,45.3461509],[9.1904396,45.3462888],[9.1907431,45.3464923],[9.1915884,45.3470765],[9.1930595,45.3481136],[9.194297,45.3489703],[9.1944558,45.3490786],[9.1945165,45.3491573],[9.1945632,45.3492624],[9.1945772,45.349351],[9.1945912,45.349433],[9.1946333,45.3495019],[9.194708,45.349561],[9.194806,45.3496037],[9.1949228,45.3496201],[9.1950582,45.3496201],[9.195189,45.3496365]],[[9.3460041,45.3311879],[9.3456148,45.3311182],[9.3451051,45.3310436],[9.3442487,45.3309391],[9.3441071,45.3309042],[9.3439938,45.3308545],[9.342804,45.3301283],[9.3433404,45.3294344],[9.3425894,45.3291704],[9.3431687,45.3282577],[9.3443382,45.3264172],[9.3444777,45.3261683],[9.3448961,45.3262965],[9.3459582,45.3246672],[9.3464303,45.3239657],[9.3467736,45.3235432],[9.3457007,45.3232717],[9.3438339,45.322721],[9.3436944,45.3226456],[9.3434906,45.322555],[9.3428576,45.3223589],[9.340862,45.3243806],[9.3405402,45.3246521],[9.3402934,45.3247954],[9.3401325,45.3248332],[9.3399286,45.3248558],[9.3397784,45.3248935],[9.3396926,45.3249765],[9.3396819,45.3251047],[9.3397141,45.325233],[9.3396819,45.3253763],[9.3396175,45.3255573],[9.3394673,45.3257534],[9.338448,45.3267944],[9.3363667,45.3288762],[9.334532,45.3307091],[9.3341029,45.3311616],[9.3337917,45.3315463],[9.3336093,45.3318404],[9.3332016,45.3328587],[9.3323004,45.335604],[9.331131,45.3384019],[9.3332016,45.3380927],[9.3362701,45.3375724],[9.3371713,45.3373687],[9.3374349,45.3369884],[9.3390409,45.3346715],[9.3360023,45.3339396],[9.3363209,45.333452],[9.3390106,45.3338401],[9.3391947,45.333865],[9.339492,45.3321781],[9.3395344,45.3321184],[9.3397114,45.3321035],[9.3408369,45.3325414],[9.3411554,45.3321433],[9.3414881,45.3315661],[9.3420048,45.3317651],[9.3419623,45.3318348],[9.3420614,45.3322876],[9.3430524,45.3325762],[9.3434205,45.3321483],[9.3445601,45.3324867],[9.3444469,45.3327056],[9.3452113,45.3329046],[9.3466978,45.3332679],[9.3469314,45.3328599],[9.3472357,45.3322777],[9.3467049,45.3321383],[9.3466128,45.3320736],[9.3465704,45.3319791],[9.3465491,45.3317801],[9.3465137,45.3315014],[9.3464642,45.3313571],[9.3463439,45.3312725],[9.3460041,45.3311879]],[[9.2763256,45.3546853],[9.2800625,45.3558711],[9.2828293,45.3566549],[9.2838447,45.3552466],[9.2841908,45.3547706],[9.2844139,45.3544638],[9.2849383,45.3536925],[9.2855441,45.3527982],[9.2866052,45.3513812],[9.2867312,45.3511926],[9.2859709,45.350964],[9.2869223,45.3494812],[9.2870036,45.3494183],[9.2874223,45.3488812],[9.2874589,45.3488269],[9.2874264,45.3487841],[9.2873085,45.3487612],[9.2869629,45.3486583],[9.2868735,45.3486212],[9.2868816,45.3485469],[9.2870727,45.3483983],[9.285475,45.347744],[9.2854465,45.347764],[9.2848326,45.3485726],[9.2843041,45.3483869],[9.2836211,45.3481412],[9.2833609,45.3480383],[9.2831048,45.3479326],[9.2829056,45.347824],[9.2828039,45.3477583],[9.2833406,45.3471897],[9.2830926,45.3469812],[9.282747,45.346744],[9.282495,45.3466011],[9.2821128,45.346444],[9.2814379,45.346184],[9.2799297,45.3456611],[9.2794732,45.3462179],[9.2792303,45.3461523],[9.2782963,45.3473338],[9.2776612,45.3479049],[9.2774464,45.3481741],[9.2761948,45.3498216],[9.2732995,45.3487451],[9.2730286,45.3486664],[9.2728792,45.3486664],[9.2727858,45.3487189],[9.2714875,45.3500645],[9.2713754,45.3501958],[9.2713754,45.3502942],[9.2714968,45.3503861],[9.2753449,45.3517251],[9.2744389,45.3529066],[9.2745697,45.3528803],[9.2747378,45.3528344],[9.2748686,45.3528606],[9.2757092,45.3534645],[9.2750554,45.3541471],[9.2762135,45.3547509],[9.2763256,45.3546853]],[[9.3370109,45.3649525],[9.3371084,45.3645983],[9.3371328,45.3642727],[9.337084,45.3639413],[9.3369702,45.3635243],[9.3361734,45.3617647],[9.3354009,45.3600451],[9.3357831,45.3591367],[9.3359213,45.3590967],[9.3378665,45.3595747],[9.3388972,45.359828],[9.339068,45.3598908],[9.339133,45.3599594],[9.3392306,45.3600279],[9.3393607,45.3600679],[9.3395152,45.3600393],[9.3396859,45.3600222],[9.3399217,45.3600451],[9.3403608,45.3601422],[9.3417431,45.3604507],[9.3420927,45.3588796],[9.3426131,45.3577654],[9.3428733,45.3576855],[9.3431091,45.3571313],[9.341613,45.356777],[9.3407104,45.3567713],[9.3407999,45.3562342],[9.3410357,45.35532],[9.342361,45.35532],[9.3428245,45.3553543],[9.3431822,45.3554115],[9.3433855,45.3554572],[9.3437026,45.3555543],[9.3439466,45.3556057],[9.3443202,45.3556578],[9.3442339,45.3564459],[9.345072,45.3565152],[9.3450843,45.3566537],[9.3456266,45.3570261],[9.3458607,45.3570607],[9.3458607,45.35713],[9.3460579,45.3573205],[9.3458977,45.3578921],[9.3456882,45.3589746],[9.3457065,45.3590899],[9.3457314,45.3592468],[9.3466574,45.3599791],[9.3465187,45.3616642],[9.34872,45.3621873],[9.3496936,45.3582039],[9.3520845,45.3585156],[9.352713,45.3567403],[9.3516408,45.3564805],[9.3517147,45.3562727],[9.3518626,45.3560388],[9.3520228,45.3558397],[9.3521707,45.3555192],[9.352257,45.3552075],[9.3523679,45.3545926],[9.3524665,45.3541942],[9.3525271,45.3540405],[9.3526687,45.3538813],[9.3524705,45.3537122],[9.3524564,45.3534734],[9.3479262,45.3530556],[9.3478979,45.3529064],[9.3448586,45.349517],[9.3453058,45.3491284],[9.3432162,45.348237],[9.3432162,45.3481741],[9.3430129,45.348157],[9.3410696,45.347997],[9.3408582,45.3486999],[9.3406305,45.3493913],[9.340533,45.3496656],[9.3404029,45.3498199],[9.3403216,45.3500084],[9.340289,45.350317],[9.3401833,45.350597],[9.3400939,45.3507627],[9.3399719,45.3509284],[9.339728,45.3511627],[9.3396386,45.3512998],[9.3396467,45.3514198],[9.3396792,45.3515741],[9.3370367,45.3531855],[9.3381018,45.3538083],[9.3376953,45.3542939],[9.3366708,45.3554367],[9.3360691,45.3561052],[9.3356951,45.3565051],[9.3353048,45.3568479],[9.334882,45.3571679],[9.3345323,45.3574307],[9.3343534,45.3574936],[9.3341827,45.3574936],[9.3339957,45.357425],[9.3338331,45.3573164],[9.333272,45.3568994],[9.3326053,45.3562366],[9.3320117,45.355271],[9.3319142,45.3549567],[9.3319304,45.3547453],[9.332028,45.3546139],[9.3325484,45.3541625],[9.3326297,45.3540082],[9.3326216,45.3538711],[9.3325159,45.3537397],[9.3308328,45.3528083],[9.3306457,45.3527055],[9.3315483,45.3521341],[9.329418,45.3512427],[9.3296212,45.3506999],[9.3304587,45.349637],[9.3287268,45.348837],[9.3280601,45.3490599],[9.3273771,45.3480599],[9.3238458,45.3474152],[9.3240505,45.3471507],[9.3241119,45.3470732],[9.3241898,45.3469855],[9.3242873,45.3469227],[9.3244012,45.346877],[9.3244988,45.3467855],[9.3245638,45.3466712],[9.3246858,45.3465569],[9.3253769,45.3460998],[9.3265477,45.3453455],[9.3280032,45.3444139],[9.3285642,45.3440539],[9.3289626,45.3437625],[9.3293529,45.3434367],[9.3296863,45.343111],[9.3300522,45.3426938],[9.3303042,45.3422537],[9.3306213,45.3415051],[9.3307921,45.340865],[9.3309303,45.3402134],[9.3310929,45.3395562],[9.3298083,45.3396248],[9.3297676,45.3393504],[9.3290277,45.3393161],[9.3241491,45.3405678],[9.3236531,45.3407278],[9.3230596,45.3409678],[9.3224739,45.3412896],[9.3223881,45.3413368],[9.3223522,45.3413565],[9.322227,45.3413151],[9.3220757,45.341265],[9.3213602,45.3420566],[9.3212301,45.3423337],[9.3210024,45.3422937],[9.3208805,45.3425623],[9.320604,45.3425395],[9.3205878,45.3426652],[9.3205634,45.3427509],[9.3204089,45.3427909],[9.3201568,45.3428366],[9.3193356,45.342991],[9.3191079,45.3430652],[9.3178233,45.3438768],[9.3172947,45.3442025],[9.3171809,45.3442997],[9.3135092,45.3473967],[9.3124499,45.3467802],[9.3123809,45.3468292],[9.3121042,45.3470243],[9.3116051,45.3474097],[9.3112415,45.3476566],[9.3107239,45.3479381],[9.3105329,45.3480334],[9.3103603,45.3480897],[9.31012,45.3481113],[9.3097071,45.348107],[9.3094976,45.3480853],[9.309282,45.3480377],[9.3091587,45.348029],[9.309017,45.3480464],[9.3088999,45.348094],[9.308715,45.3482369],[9.3081851,45.3487046],[9.307877,45.3489774],[9.3078092,45.34909],[9.307803,45.3492113],[9.30784,45.3494105],[9.3079016,45.3499388],[9.3079016,45.3502593],[9.3078832,45.3504845],[9.3077907,45.350662],[9.3075381,45.3508829],[9.3069527,45.3513896],[9.3066014,45.3516927],[9.3064597,45.3517836],[9.3062625,45.3518616],[9.30609,45.3519309],[9.3056525,45.3521907],[9.3055477,45.3523249],[9.3053012,45.352771],[9.3052335,45.3529052],[9.3050917,45.3530481],[9.3042598,45.3537453],[9.3033232,45.354568],[9.3027748,45.3550487],[9.3037854,45.3554038],[9.3044836,45.3556481],[9.3049273,45.3558213],[9.3050628,45.3558993],[9.3052231,45.3559426],[9.3054079,45.3560248],[9.3058639,45.3561937],[9.3063507,45.3563279],[9.3068683,45.3564968],[9.3068683,45.3566484],[9.3074168,45.3568692],[9.3079159,45.3572286],[9.3085013,45.3575966],[9.3089018,45.3579041],[9.3100973,45.3589779],[9.3113913,45.3600777],[9.3117364,45.3603894],[9.3121246,45.3608787],[9.3121801,45.3609653],[9.3121801,45.3610259],[9.3121431,45.3610822],[9.3120322,45.3611558],[9.3118905,45.3612597],[9.311798,45.3613636],[9.3117487,45.3615022],[9.3117302,45.3616537],[9.3117056,45.3617316],[9.3116316,45.3617922],[9.3115392,45.3618139],[9.3109661,45.3618139],[9.3107751,45.3618269],[9.3106211,45.3618572],[9.3103561,45.3619568],[9.3099001,45.3621429],[9.3096351,45.3622598],[9.3094626,45.3624287],[9.3093209,45.3626538],[9.3091853,45.3629396],[9.3090559,45.3632383],[9.309173,45.3632946],[9.3102328,45.3635154],[9.3102144,45.3637665],[9.3102821,45.3638531],[9.3103623,45.3639094],[9.310504,45.363957],[9.3106334,45.3639657],[9.3108182,45.3639397],[9.3112249,45.3638661],[9.3118288,45.3637709],[9.3124389,45.3637232],[9.3128949,45.3637059],[9.3134187,45.3639181],[9.3138562,45.3641129],[9.3140595,45.3641778],[9.3144409,45.364207],[9.3145904,45.3639926],[9.3152299,45.3629548],[9.315341,45.3627735],[9.3175226,45.3634894],[9.3177937,45.3636107],[9.3180895,45.3638185],[9.3182559,45.3640393],[9.318299,45.3641475],[9.3183607,45.3642255],[9.318527,45.3642947],[9.3186256,45.3643077],[9.3188475,45.3644896],[9.3189892,45.364732],[9.3190385,45.3649441],[9.3190446,45.365152],[9.3189954,45.3653425],[9.3188844,45.3655243],[9.3190755,45.3656585],[9.3193897,45.3654334],[9.3195191,45.3653901],[9.3198149,45.3654074],[9.3200121,45.3654464],[9.3202339,45.3655243],[9.3207824,45.3658966],[9.3209549,45.3659789],[9.3210966,45.3660145],[9.322849,45.3664543],[9.3247323,45.366927],[9.3249911,45.3669703],[9.3251513,45.3669659],[9.3252684,45.3669356],[9.325367,45.3668447],[9.3258661,45.3658706],[9.3266364,45.365875],[9.3266548,45.3657408],[9.327727,45.3657711],[9.3279859,45.365455],[9.3281461,45.3654853],[9.3285836,45.3650048],[9.3287623,45.3648013],[9.3288917,45.3646324],[9.3291074,45.3642341],[9.3291505,45.3640956],[9.3291382,45.3640003],[9.3290457,45.3639354],[9.328411,45.3636843],[9.3280475,45.3635327],[9.327727,45.3633596],[9.3275175,45.3632124],[9.3272834,45.3629872],[9.327205,45.3628787],[9.3271968,45.3627588],[9.3272537,45.3626445],[9.3273594,45.3625531],[9.3281481,45.3622732],[9.3284327,45.3621703],[9.3287336,45.3620332],[9.3289938,45.3618904],[9.3292621,45.3617076],[9.3293515,45.3616447],[9.3294491,45.361639],[9.3295141,45.3616733],[9.3295467,45.361799],[9.3297499,45.3628559],[9.3297825,45.3630044],[9.32988,45.3630901],[9.3315957,45.3635643],[9.3324575,45.36369],[9.3344496,45.3641184],[9.3342951,45.3650153],[9.3344903,45.3649696],[9.3348074,45.365021],[9.3348318,45.3651124],[9.33497,45.3651467],[9.3349537,45.3652724],[9.3345147,45.3676545],[9.3345119,45.3676772],[9.3344997,45.3677784],[9.3344821,45.367923],[9.3346122,45.3679116],[9.3348236,45.3679801],[9.3350757,45.3680201],[9.3356693,45.3682201],[9.3358481,45.3682943],[9.3360677,45.36842],[9.3362953,45.3684428],[9.3363279,45.3682429],[9.3377833,45.3683229],[9.3378809,45.3674832],[9.3380028,45.3674889],[9.339873,45.3676088],[9.340125,45.3676717],[9.3403445,45.3677516],[9.3406535,45.367803],[9.3409544,45.3678316],[9.3413772,45.3678316],[9.3416943,45.3677973],[9.3421171,45.3677288],[9.3425155,45.3677002],[9.3427676,45.3677231],[9.3431904,45.3677631],[9.3436945,45.3678716],[9.3440604,45.3679858],[9.344158,45.367963],[9.3442067,45.3678944],[9.3441742,45.367803],[9.3440929,45.367466],[9.3440685,45.3669462],[9.3441173,45.3667462],[9.3442149,45.3665749],[9.3442311,45.3664206],[9.3432473,45.3663749],[9.3433785,45.3645486],[9.3424275,45.3645154],[9.3424337,45.3644319],[9.3408803,45.3643563],[9.3391742,45.3641166],[9.3391013,45.3652216],[9.3377833,45.3652096],[9.3377345,45.366095],[9.3373605,45.3660722],[9.3373442,45.366175],[9.3374499,45.3662435],[9.3374499,45.3663121],[9.3374093,45.3663749],[9.3372954,45.3664035],[9.3370271,45.3663921],[9.3368889,45.3663806],[9.3367588,45.3663121],[9.3366775,45.3662493],[9.3366775,45.3661578],[9.3370109,45.3649525]],[[9.3360602,45.3715754],[9.3356578,45.371585],[9.3356952,45.3719459],[9.3356111,45.3727857],[9.3356298,45.3732056],[9.3356952,45.3734746],[9.3358446,45.3738224],[9.3365732,45.3748328],[9.337778,45.3764271],[9.3379635,45.3763116],[9.3395494,45.3751964],[9.3399568,45.3752522],[9.3396584,45.3747001],[9.3396511,45.374603],[9.3397712,45.3741505],[9.3400623,45.3731409],[9.3378864,45.372921],[9.3382076,45.3715489],[9.3369618,45.3715587],[9.3360602,45.3715754]],[[9.1291817,45.3561874],[9.1298542,45.3573712],[9.1309088,45.3591817],[9.1328908,45.3585848],[9.1326926,45.3582168],[9.1325723,45.358167],[9.1323033,45.357799],[9.1324307,45.3577492],[9.1325369,45.3576547],[9.1328766,45.3565058],[9.1330111,45.3552374],[9.128849,45.3551329],[9.1285765,45.3551379],[9.1291817,45.3561874]],[[9.2331868,45.3520476],[9.2321824,45.3517228],[9.2294403,45.3508134],[9.2292862,45.3507484],[9.2292184,45.3506705],[9.2291753,45.3505795],[9.2291568,45.3504799],[9.2285098,45.3503284],[9.2259525,45.3494276],[9.224868,45.3512638],[9.2231919,45.3508177],[9.2222368,45.3525412],[9.2206716,45.3521082],[9.2195501,45.3518527],[9.2194762,45.3518657],[9.2193221,45.3519307],[9.2192297,45.351987],[9.2190571,45.3520995],[9.2157052,45.3535318],[9.2172188,45.3552284],[9.2172287,45.3552395],[9.2179797,45.356114],[9.2188059,45.3571167],[9.2196481,45.3581081],[9.2193208,45.3582664],[9.2184518,45.3592502],[9.2183499,45.359352],[9.2181782,45.3594726],[9.2179905,45.3596008],[9.2178724,45.3596875],[9.2177705,45.3597892],[9.2176203,45.3599174],[9.2174755,45.3600116],[9.2173038,45.3600945],[9.2170785,45.3601511],[9.2169659,45.3601699],[9.2167942,45.3601662],[9.2165152,45.3601247],[9.2152546,45.3598797],[9.2137526,45.3595857],[9.2129157,45.3594274],[9.2121647,45.3593143],[9.2121379,45.3594085],[9.2119072,45.3603358],[9.2118053,45.3603132],[9.2117409,45.3602604],[9.2117195,45.3601473],[9.2116014,45.3601435],[9.2114083,45.3606599],[9.2112098,45.3611839],[9.2110274,45.361606],[9.2107002,45.3623825],[9.2103354,45.3632569],[9.2098848,45.3643122],[9.2125241,45.3646816],[9.2128245,45.3631966],[9.2138599,45.3633398],[9.2157106,45.3636037],[9.2161934,45.3636828],[9.2164938,45.3637506],[9.2167406,45.3638373],[9.2169659,45.3639504],[9.2177061,45.3643462],[9.2181031,45.3645459],[9.2181729,45.3645911],[9.2182265,45.3646816],[9.218248,45.3647758],[9.2182855,45.3648399],[9.2183606,45.3648927],[9.2184518,45.364919],[9.2185484,45.3649228],[9.2186449,45.3649077],[9.2187576,45.36487],[9.2188541,45.3647947],[9.2188917,45.3646854],[9.2188863,45.3645798],[9.2187898,45.3645007],[9.21872,45.364463],[9.2186825,45.3643952],[9.2187039,45.3642934],[9.2189775,45.3633398],[9.2192404,45.3623787],[9.2213432,45.3628159],[9.2215095,45.362439],[9.2222981,45.3626124],[9.2245297,45.3631551],[9.2246853,45.3633323],[9.2258386,45.3635848],[9.2262999,45.3625785],[9.2280702,45.3629742],[9.228317,45.3624541],[9.2286227,45.3618548],[9.2287568,45.3618322],[9.2288534,45.3616211],[9.2289661,45.3615872],[9.229127,45.3615419],[9.2292182,45.3614892],[9.2292665,45.3614326],[9.2292665,45.3613799],[9.2292987,45.3612969],[9.2293791,45.3612479],[9.2293469,45.3610708],[9.2294703,45.3605469],[9.2295079,45.3604602],[9.2295561,45.3603923],[9.2296581,45.3603395],[9.2297815,45.3603282],[9.229937,45.3603622],[9.2308275,45.3605959],[9.2315946,45.3607579],[9.2322866,45.3592879],[9.2332898,45.3571921],[9.2340998,45.3555297],[9.2353444,45.3530229],[9.2347212,45.3524633],[9.2340988,45.3523074],[9.2331868,45.3520476]],[[9.1620525,45.346887],[9.1618957,45.346817],[9.1602473,45.3483085],[9.1617353,45.3487057],[9.1617338,45.3487197],[9.161719,45.3488571],[9.161719,45.34896],[9.1617271,45.3490228],[9.1617556,45.3490828],[9.1618735,45.34932],[9.1619141,45.3494086],[9.1619223,45.3494571],[9.1619101,45.3495057],[9.1618532,45.3496086],[9.1617353,45.3497943],[9.161561,45.3500745],[9.1621344,45.3506416],[9.1632882,45.3517857],[9.1635713,45.3520991],[9.1624246,45.3527209],[9.1610231,45.3533775],[9.160839,45.3534521],[9.1606975,45.3535217],[9.1606621,45.3536262],[9.1606762,45.3537008],[9.1607612,45.3538351],[9.160832,45.3539744],[9.1608107,45.3540391],[9.1607258,45.3540888],[9.1605488,45.3541186],[9.1601454,45.3541286],[9.1598835,45.3541336],[9.1596782,45.3540341],[9.1595437,45.3539744],[9.1594304,45.3540142],[9.1593101,45.3540789],[9.1591827,45.3540888],[9.1590411,45.3539993],[9.1588359,45.3538948],[9.1585386,45.3537555],[9.1571229,45.3526811],[9.1568044,45.3523876],[9.1566982,45.3524224],[9.1564292,45.3525617],[9.1562168,45.3527209],[9.1559549,45.3528751],[9.1555373,45.353084],[9.1553604,45.3532233],[9.1551622,45.3534322],[9.1550206,45.3536163],[9.1549357,45.3537903],[9.1547233,45.353855],[9.1548295,45.3534024],[9.1548366,45.3532133],[9.1547799,45.3531039],[9.1546596,45.353084],[9.1539588,45.3532332],[9.1537764,45.3532833],[9.1530316,45.3534919],[9.15226,45.3537058],[9.1515663,45.353865],[9.1510142,45.3540341],[9.1503984,45.3542231],[9.1498534,45.3543574],[9.1497755,45.354427],[9.149733,45.3545215],[9.1496339,45.354601099999996],[9.1494782,45.3546558],[9.1492729,45.3547305],[9.1490748,45.3547752],[9.1488341,45.3547752],[9.1485156,45.3540341],[9.1483811,45.3537257],[9.1481121,45.3530989],[9.1470149,45.3535416],[9.1466893,45.3537008],[9.1465336,45.353855],[9.1463,45.3541783],[9.1462328,45.3542355],[9.1461655,45.3542927],[9.1460381,45.3543524],[9.1458541,45.3543524],[9.1455497,45.3543176],[9.1454975,45.3543161],[9.1453728,45.3543126],[9.1452949,45.3544071],[9.1452949,45.3545166],[9.1453161,45.3546757],[9.1452383,45.3548598],[9.1449834,45.3551383],[9.1449056,45.3553224],[9.1449551,45.3554517],[9.1465478,45.3562276],[9.1472698,45.3567051],[9.1472981,45.3568245],[9.1472344,45.3582819],[9.147114,45.3587195],[9.1468592,45.3591025],[9.1460027,45.3600624],[9.1451604,45.3611467],[9.1456347,45.361281],[9.1463708,45.3605896],[9.1464557,45.3605648],[9.146661,45.3606444],[9.1469795,45.3604106],[9.1469937,45.360087300000004],[9.1471005,45.3600269],[9.1475741,45.359759],[9.1481404,45.3598933],[9.1484023,45.3600823],[9.1492729,45.3610771],[9.1495632,45.3613208],[9.1507523,45.3618927],[9.1514956,45.362032],[9.1516796,45.3621165],[9.1516513,45.3622956],[9.1507806,45.3627382],[9.1506603,45.3628725],[9.1512124,45.3636732],[9.1515168,45.3639169],[9.15163,45.3641108],[9.1519203,45.3644042],[9.1515734,45.3647026],[9.1516938,45.364817],[9.1519769,45.3649463],[9.1522388,45.3649016],[9.1526564,45.3650259],[9.1533926,45.365374],[9.1536615,45.3656127],[9.1532793,45.365926],[9.1531731,45.3662045],[9.1532015,45.3662543],[9.1535695,45.3663686],[9.1538173,45.3666074],[9.1547445,45.367293600000004],[9.1553604,45.3666969],[9.1572998,45.3681689],[9.1582483,45.3687059],[9.1587014,45.36888],[9.1590624,45.3684225],[9.1599896,45.367776],[9.1601893,45.3675021],[9.1602869,45.3673682],[9.1616601,45.3661449],[9.1628564,45.3647474],[9.1633236,45.3643446],[9.1670539,45.3652298],[9.1673299,45.3652845],[9.1671459,45.3641357],[9.1670114,45.3629272],[9.1668486,45.3617485],[9.1667566,45.3612312],[9.1665796,45.3599083],[9.1665159,45.3597441],[9.1663602,45.3596098],[9.1661761,45.3595253],[9.1658576,45.3594855],[9.1655179,45.3594159],[9.1653126,45.3592865],[9.1651144,45.359003],[9.1648029,45.3585057],[9.1641871,45.3574562],[9.163543,45.356352],[9.1632811,45.3560436],[9.1630192,45.3557651],[9.1627007,45.355581],[9.1624741,45.3554865],[9.1623538,45.3553472],[9.1623113,45.3551831],[9.1622052,45.3549991],[9.1616955,45.3544171],[9.1616884,45.3543325],[9.1617875,45.3542778],[9.1619928,45.3541883],[9.1622457,45.3540398],[9.1633515,45.3535313],[9.1640874,45.3531828],[9.1649859,45.3527371],[9.1653355,45.3525457],[9.1657217,45.3523257],[9.1658762,45.3522314],[9.1660022,45.3521742],[9.1661852,45.3520828],[9.1662583,45.3520314],[9.1664332,45.3519028],[9.1665795,45.3517971],[9.166673,45.3517543],[9.1667381,45.3517543],[9.1668194,45.3517771],[9.1668926,45.3518371],[9.1669657,45.3519114],[9.1670836,45.3519857],[9.1673438,45.3521228],[9.1675552,45.3522285],[9.1677179,45.3522885],[9.1679821,45.3523457],[9.1680959,45.3523542],[9.1683033,45.35228],[9.168718,45.3524914],[9.1688928,45.3524685],[9.1694538,45.3518714],[9.1703052,45.3509077],[9.1691599,45.3505099],[9.1695005,45.3498766],[9.1695622,45.3497446],[9.1695622,45.3496749],[9.169522,45.3496334],[9.1694817,45.3496221],[9.169581,45.34946],[9.169994,45.348674],[9.1702757,45.3481593],[9.1699699,45.3479011],[9.1697795,45.347771],[9.1696266,45.3476787],[9.1693369,45.3475373],[9.1690579,45.3474166],[9.1686878,45.3472866],[9.1686851,45.3471697],[9.1686851,45.3469416],[9.1686958,45.3467135],[9.1687119,45.3465551],[9.1687173,45.3463515],[9.1681675,45.3463723],[9.1680146,45.3463911],[9.1679126,45.3464326],[9.1676659,45.3466456],[9.1674862,45.3468021],[9.1673923,45.3469077],[9.1671455,45.3472394],[9.1669256,45.3475908],[9.1650219,45.347091],[9.1633691,45.3466631],[9.1630081,45.3469915],[9.1628913,45.3471233],[9.1628205,45.347178],[9.1627639,45.3472004],[9.1626896,45.3471905],[9.1626188,45.3471532],[9.1622967,45.3469989],[9.1620525,45.346887]],[[9.1140957,45.3580275],[9.113991,45.357863],[9.1138615,45.3577591],[9.1142374,45.3572525],[9.1139879,45.3569482],[9.1138992,45.3568366],[9.1138011,45.3567775],[9.113717,45.356702],[9.1134602,45.3563969],[9.1126476,45.3554353],[9.1121619,45.3556454],[9.1120966,45.3557012],[9.1120685,45.3557996],[9.1120265,45.3559604],[9.1119004,45.3561015],[9.1116202,45.3564297],[9.1113447,45.3567677],[9.1110411,45.3571647],[9.110901,45.3573584],[9.1107843,45.357529],[9.1106582,45.3576767],[9.1105134,45.3578178],[9.1101819,45.3580147],[9.1096168,45.3584051],[9.1088556,45.3588842],[9.1082718,45.358392],[9.1078749,45.3586316],[9.107576,45.3587825],[9.1073705,45.3588908],[9.1072351,45.3589367],[9.1070716,45.3589597],[9.1068942,45.3589564],[9.1067167,45.3589532],[9.1065719,45.3589367],[9.1064225,45.3589138],[9.1062731,45.3589171],[9.1061657,45.3589302],[9.1055632,45.358858],[9.1054044,45.3588481],[9.1052176,45.3587956],[9.1049841,45.3587956],[9.1040034,45.3587497],[9.1039147,45.3597735],[9.1032656,45.3597571],[9.1032376,45.3615225],[9.1032516,45.3624904],[9.1032376,45.3633829],[9.1032236,45.3643607],[9.1032189,45.3644624],[9.1032422,45.3645477],[9.1032516,45.3646068],[9.1032329,45.3647151],[9.1032329,45.3664179],[9.1037092,45.3664048],[9.1036672,45.366454],[9.1036392,45.3666049],[9.1036345,45.3667231],[9.1036345,45.3667854],[9.1036672,45.3668477],[9.1036859,45.3669527],[9.1036765,45.3670479],[9.1036859,45.3671693],[9.1036859,45.3672086],[9.1036532,45.3672546],[9.1035925,45.367271],[9.1034664,45.3672874],[9.1033777,45.3673169],[9.1033543,45.3673563],[9.1033637,45.3674153],[9.1034477,45.367481],[9.1035831,45.3675499],[9.1036252,45.3676286],[9.1036252,45.3676909],[9.1036112,45.367727],[9.1037373,45.3677533],[9.1047366,45.3676942],[9.1045732,45.3690427],[9.1051709,45.3691837],[9.1053017,45.3692264],[9.1058761,45.3695479],[9.1054325,45.3699613],[9.105708,45.3700302],[9.1064459,45.37025],[9.1065719,45.3702664],[9.106656,45.3702566],[9.1067447,45.370273],[9.1077441,45.3705846],[9.1079963,45.3706667],[9.1080337,45.3707159],[9.1081551,45.3707749],[9.1083699,45.3708438],[9.1085333,45.3708865],[9.1086267,45.370916],[9.1086968,45.3709783],[9.1087388,45.3710538],[9.1087949,45.3711128],[9.1088976,45.3711686],[9.1089583,45.3711949],[9.1090237,45.371185],[9.1091031,45.3711489],[9.1093086,45.3710505],[9.1096588,45.3708701],[9.1100931,45.3706076],[9.1101558,45.3705657],[9.1102799,45.3704829],[9.110392,45.3703714],[9.1105274,45.3701745],[9.1107189,45.369935],[9.1109337,45.3696988],[9.1109898,45.3695906],[9.1111018,45.3694134],[9.1112279,45.3692789],[9.1114054,45.3691805],[9.1115081,45.3690919],[9.1115829,45.3689836],[9.1116249,45.3688721],[9.1116903,45.3687572],[9.1118444,45.3685243],[9.1119144,45.3685735],[9.112232,45.3686555],[9.1124001,45.3685276],[9.1130913,45.368918],[9.1130306,45.3701122],[9.1129792,45.3708373],[9.1149569,45.3709818],[9.122205,45.3708644],[9.1221989,45.3708124],[9.1220941,45.3708211],[9.1218661,45.3702323],[9.1220325,45.3701804],[9.1228767,45.3699596],[9.1230431,45.3699336],[9.1231602,45.369925],[9.1232834,45.3699423],[9.1236778,45.3700808],[9.1237949,45.3701111],[9.1239119,45.3700981],[9.1240105,45.3700592],[9.1240906,45.3699813],[9.1245158,45.3694575],[9.1248979,45.368925],[9.1236839,45.3676522],[9.1239427,45.3675353],[9.1243001,45.3673405],[9.1245528,45.367176],[9.1250581,45.3668253],[9.1255387,45.3665742],[9.1264446,45.3661846],[9.126574,45.3661456],[9.1266664,45.3661499],[9.126728,45.3661802],[9.1267896,45.3662235],[9.1268697,45.3662841],[9.12703,45.3665785],[9.1271379,45.366773],[9.127288,45.3671558],[9.1273796,45.367505],[9.1274613,45.367492],[9.1294332,45.3670678],[9.1300864,45.3663318],[9.1302342,45.3661153],[9.1302342,45.3659551],[9.1302034,45.3658252],[9.130148,45.3656607],[9.1301603,45.3655568],[9.1302651,45.3654875],[9.1304129,45.365388],[9.1304684,45.36531],[9.1304684,45.3651888],[9.1304561,45.365007],[9.1305054,45.3647472],[9.1306163,45.3645264],[9.1307703,45.3642363],[9.130949,45.3639809],[9.1309922,45.3638554],[9.1307519,45.3635739],[9.1306471,45.3635436],[9.1303821,45.3635436],[9.1301418,45.3635609],[9.1297721,45.3636389],[9.1295934,45.3636692],[9.129236,45.3636735],[9.1288354,45.3636605],[9.1283178,45.3636172],[9.1276831,45.3635047],[9.1271532,45.3633878],[9.1268266,45.3632622],[9.1264384,45.3630371],[9.1250026,45.3621192],[9.1234128,45.3636605],[9.1218415,45.3627643],[9.1204858,45.3632189],[9.1197155,45.3634484],[9.1191425,45.3637385],[9.1190254,45.3638424],[9.1189391,45.3639376],[9.1188775,45.3639982],[9.1187974,45.3640372],[9.118705,45.3640632],[9.1185386,45.3640675],[9.1183537,45.3640545],[9.1181134,45.3640632],[9.1179902,45.3640891],[9.1178977,45.3641498],[9.1178238,45.3642493],[9.1177129,45.3644355],[9.1176143,45.3645567],[9.1174849,45.3647169],[9.1173185,45.3649767],[9.1172076,45.3651455],[9.1170165,45.3653057],[9.1166961,45.3653793],[9.1164866,45.365401],[9.1163202,45.365401],[9.1161847,45.365401],[9.1160429,45.3654616],[9.1159443,45.3655568],[9.1158334,45.3656824],[9.1156794,45.3658296],[9.1155315,45.3659248],[9.1154822,45.3659768],[9.1154699,45.366046],[9.1154945,45.366111],[9.1155684,45.3661932],[9.1155808,45.3662582],[9.1155438,45.3663188],[9.115476,45.3663794],[9.1153466,45.3664313],[9.115211,45.3664617],[9.11502,45.3664963],[9.1148228,45.366466],[9.1146996,45.3664487],[9.1145887,45.366466],[9.1144716,45.3665006],[9.1143545,45.3666045],[9.1142929,45.3666911],[9.1142744,45.3668426],[9.1141943,45.3668037],[9.11388,45.3666521],[9.1134795,45.3665049],[9.1130297,45.3663794],[9.1122409,45.3662279],[9.1110824,45.3660157],[9.1106819,45.3659378],[9.1103676,45.3658599],[9.1101705,45.3657949],[9.1100349,45.3657213],[9.1099301,45.3656088],[9.1098562,45.3654919],[9.109813,45.3653533],[9.1097268,45.3647992],[9.1096035,45.3640112],[9.1096097,45.363929],[9.1096467,45.3638943],[9.1097145,45.3638727],[9.1097946,45.3638727],[9.10985,45.363903],[9.1099548,45.3640329],[9.1100595,45.3641714],[9.110152,45.3642667],[9.110306,45.3643446],[9.1114337,45.362288],[9.1119266,45.36234],[9.1120499,45.362314],[9.1121855,45.3622664],[9.1123888,45.3622577],[9.1130297,45.362327],[9.1131776,45.3623227],[9.1132885,45.3622967],[9.1133563,45.3622318],[9.1142128,45.3604523],[9.1142929,45.3604566],[9.1145579,45.3594607],[9.1146873,45.3588329],[9.1144654,45.3587636],[9.1140711,45.358768],[9.1141388,45.3585904],[9.114182,45.3584216],[9.114182,45.3582224],[9.1140957,45.3580275]],[[9.2041037,45.3783423],[9.2041222,45.3784462],[9.2041037,45.3785673],[9.2040174,45.3786626],[9.2044118,45.3792382],[9.2045289,45.3793681],[9.2046891,45.3794936],[9.2048678,45.3795802],[9.2050403,45.3796278],[9.2053299,45.3796408],[9.2079611,45.3796711],[9.2077516,45.3803073],[9.2075791,45.380844],[9.2075298,45.3811643],[9.207499,45.3815495],[9.2074867,45.3819867],[9.2074743,45.3823762],[9.2078009,45.3826315],[9.2081398,45.3826186],[9.2088177,45.3826315],[9.2099885,45.3826878],[9.212632,45.3828263],[9.2127922,45.3828393],[9.2129031,45.3828869],[9.2129709,45.3830038],[9.2129155,45.3858126],[9.2129093,45.3860376],[9.2128723,45.386241],[9.2127922,45.3864618],[9.2126751,45.3867993],[9.2129709,45.3868642],[9.2131866,45.3869032],[9.2132359,45.3867993],[9.213507,45.3863233],[9.213772,45.3859554],[9.2140986,45.3855572],[9.2143636,45.3852759],[9.214721,45.3849687],[9.215103,45.384683],[9.2155467,45.3844017],[9.2159226,45.3842113],[9.2161013,45.3840641],[9.2164463,45.3838997],[9.217081,45.3836227],[9.2174138,45.3835188],[9.2179869,45.3832678],[9.2183874,45.383086],[9.2185908,45.3829691],[9.2193364,45.3826489],[9.2212713,45.3818006],[9.2228364,45.381121],[9.2234465,45.380857],[9.223921,45.3806449],[9.2243893,45.3804025],[9.2247467,45.3801948],[9.2251472,45.3799135],[9.2254985,45.3796278],[9.2258559,45.3792945],[9.2261825,45.3789439],[9.2264166,45.3786409],[9.2266138,45.3783509],[9.2267987,45.3780566],[9.2269404,45.3777449],[9.2270452,45.3774463],[9.2271438,45.3771563],[9.2272054,45.376849],[9.2265645,45.3767667],[9.2266878,45.3763122],[9.2252705,45.3761391],[9.2214253,45.3756759],[9.221413,45.3757235],[9.2203933,45.375607],[9.2188372,45.3754292],[9.2190283,45.3738492],[9.2190159,45.373754],[9.2189297,45.3736717],[9.218449,45.3736328],[9.2186709,45.3730094],[9.2187756,45.3728926],[9.2189482,45.3728579],[9.2191762,45.3726934],[9.2193733,45.3723818],[9.2194719,45.3723341],[9.2197677,45.3710268],[9.2199218,45.3703039],[9.2197246,45.3702389],[9.2195212,45.3701567],[9.219398,45.3700831],[9.2192994,45.3699749],[9.2192439,45.3699056],[9.2191207,45.369858],[9.2189975,45.3698493],[9.2188681,45.3698796],[9.2187879,45.3699143],[9.2186031,45.3699143],[9.2182395,45.3698666],[9.218449,45.3690138],[9.2166435,45.3688103],[9.2171365,45.3671263],[9.2168099,45.367109],[9.2159164,45.3679965],[9.2157131,45.3681956],[9.2155282,45.3683211],[9.2153433,45.3684207],[9.2151585,45.3685203],[9.2149674,45.3686545],[9.2147579,45.3688753],[9.2145854,45.3690571],[9.2143944,45.3691913],[9.2142218,45.3692649],[9.213963,45.3693298],[9.2136364,45.3693601],[9.2127676,45.3693212],[9.210882,45.3692346],[9.2106108,45.3692086],[9.2103582,45.369161],[9.2101733,45.3690614],[9.2100563,45.3689489],[9.2099761,45.368793],[9.2096557,45.3678579],[9.2091627,45.3664899],[9.2089594,45.3658794],[9.2089286,45.3657279],[9.2089409,45.3656457],[9.209021,45.3655634],[9.2091258,45.3655115],[9.209249,45.3654292],[9.2092737,45.3653123],[9.2092367,45.3652257],[9.2091381,45.3651521],[9.2090272,45.3651132],[9.2089286,45.3651002],[9.2088362,45.3650569],[9.2087006,45.364966],[9.208602,45.3648361],[9.2081522,45.3640221],[9.2075113,45.3629484],[9.207234,45.3625414],[9.2069444,45.3621951],[9.2068643,45.3620478],[9.206815,45.3619353],[9.2068273,45.3618573],[9.2077763,45.3607056],[9.2057674,45.3597921],[9.2056997,45.3598137],[9.2051143,45.3600822],[9.2046891,45.3601947],[9.2044919,45.3602337],[9.2043317,45.3602207],[9.2042207,45.3601644],[9.2041222,45.3600692],[9.2041037,45.3599523],[9.204153,45.3598354],[9.2042392,45.3596622],[9.2042947,45.3594976],[9.2043009,45.3593591],[9.2041715,45.3590906],[9.2031054,45.3594976],[9.2029637,45.3593418],[9.2028343,45.359411],[9.2026741,45.3596059],[9.2024276,45.3601341],[9.202138,45.3607489],[9.2020579,45.3609394],[9.2019962,45.3612165],[9.20191,45.3616798],[9.2019161,45.3617318],[9.2031794,45.3617881],[9.2040852,45.3617664],[9.2039743,45.3620825],[9.2037339,45.3622167],[9.2032841,45.3622254],[9.203013,45.362286],[9.2025693,45.3632601],[9.2023906,45.3634247],[9.2019901,45.3639096],[9.2033026,45.3650396],[9.2029205,45.3657149],[9.2026864,45.3662085],[9.2025385,45.3665418],[9.2023906,45.3670354],[9.2021749,45.3678493],[9.1967927,45.3674113],[9.1960557,45.3685398],[9.195984,45.3686496],[9.1954885,45.3694602],[9.1950178,45.3702434],[9.1946143,45.3708724],[9.1945294,45.3710216],[9.1945329,45.3710564],[9.1971272,45.3715512],[9.1971305,45.3725896],[9.1971549,45.3729323],[9.1972362,45.3730808],[9.1975859,45.3731665],[9.1991064,45.3733264],[9.1994723,45.3733721],[9.1998219,45.3734235],[9.2002122,45.3735092],[9.2004236,45.3718813],[9.2021799,45.3720869],[9.202822,45.3742864],[9.2030992,45.3750786],[9.2031424,45.3752128],[9.203204,45.375295],[9.2034074,45.3758317],[9.2036353,45.3765113],[9.2037524,45.3769961],[9.203888,45.3776108],[9.2041037,45.3783423]],[[9.0971795,45.3790881],[9.0963587,45.3787377],[9.0961817,45.3790542],[9.0970025,45.3793745],[9.096702,45.3797475],[9.0963641,45.3801921],[9.0961871,45.3804295],[9.0961066,45.3804936],[9.0959671,45.3806858],[9.0957794,45.3809872],[9.0956345,45.381217],[9.0955058,45.3813753],[9.0952966,45.3812848],[9.0948138,45.3817521],[9.0949479,45.3818274],[9.0947494,45.3820347],[9.0973404,45.3832253],[9.097555,45.3829992],[9.0977052,45.382856],[9.0981719,45.3830708],[9.0987191,45.3827091],[9.0990034,45.3824642],[9.0994862,45.3820384],[9.0997866,45.3817182],[9.0999582,45.3815147],[9.1000548,45.381364],[9.1001245,45.3812283],[9.1002104,45.3811266],[9.1003284,45.3810286],[9.1007039,45.3807724],[9.1008166,45.3806669],[9.1009238,45.3805388],[9.1009829,45.3804258],[9.1009882,45.380324],[9.100956,45.3802223],[9.100956,45.3801658],[9.1009989,45.3800829],[9.101074,45.3799736],[9.101235,45.3798191],[9.101353,45.3797174],[9.1014496,45.3795667],[9.1008166,45.3793519],[9.1004571,45.37922],[9.0979198,45.3781461],[9.0977803,45.3783232],[9.097276,45.3789864],[9.0971795,45.3790881]],[[9.2060084,45.3995547],[9.204618,45.399549],[9.2045286,45.4004111],[9.2045042,45.4004682],[9.2043985,45.4004853],[9.2034227,45.4003654],[9.2033496,45.4003198],[9.2032683,45.4002741],[9.2021543,45.4001371],[9.2021055,45.400217],[9.2019998,45.4014045],[9.2019673,45.4015244],[9.2018779,45.4015929],[9.2015445,45.4021752],[9.2023657,45.4023579],[9.2021505,45.4031303],[9.2021625,45.4031857],[9.2030228,45.403291],[9.2030733,45.4027184],[9.2040895,45.4029745],[9.2042602,45.4025063],[9.2048701,45.4026605],[9.2048213,45.4027689],[9.2052603,45.4028831],[9.2056344,45.4018669],[9.2065369,45.3996518],[9.2071792,45.399766],[9.2087648,45.4000743],[9.2090738,45.4001713],[9.2091713,45.4002684],[9.2092364,45.4003597],[9.2093014,45.4004054],[9.2094966,45.4004511],[9.2096267,45.4004511],[9.209773,45.4003883],[9.2098625,45.4002855],[9.2098787,45.400177],[9.2099228,45.4000703],[9.2100523,45.3997786],[9.2102598,45.3992488],[9.2104627,45.3986475],[9.2105673,45.3983885],[9.2107517,45.3984033],[9.2108869,45.3978933],[9.2107007,45.3978467],[9.2106837,45.3977963],[9.2106837,45.3976535],[9.2106753,45.3968025],[9.2106999,45.3967572],[9.2149362,45.397311],[9.2154159,45.3962433],[9.216668,45.396426],[9.2169608,45.3955639],[9.217099,45.3954211],[9.2173673,45.3951813],[9.2175706,45.3950157],[9.2178308,45.3947588],[9.2180097,45.3944962],[9.2181154,45.3942164],[9.2171315,45.3939709],[9.2175268,45.3932251],[9.2180663,45.3922073],[9.2182211,45.3919153],[9.2162696,45.3914699],[9.2160013,45.3906934],[9.2161314,45.3900652],[9.2161883,45.3898197],[9.214473,45.3901594],[9.2137084,45.3903108],[9.212576,45.3905326],[9.2122552,45.3905816],[9.2121454,45.3905984],[9.211982,45.3906234],[9.2118995,45.3906359],[9.2118755,45.3906396],[9.2118057,45.3909046],[9.2118057,45.3910645],[9.211804,45.391071],[9.211757,45.3912529],[9.2116314,45.3917016],[9.2113911,45.3925605],[9.2112691,45.3930002],[9.2090412,45.3927433],[9.2089843,45.3930687],[9.2091063,45.3930973],[9.2086347,45.395895],[9.2091144,45.3966772],[9.2085534,45.396997],[9.2072931,45.3966487],[9.2074638,45.3961462],[9.2075451,45.3955011],[9.2075045,45.3952784],[9.2078297,45.3943705],[9.2079842,45.394205],[9.2032439,45.3931372],[9.2015689,45.3976992],[9.2018291,45.3977563],[9.2019592,45.3978933],[9.2021299,45.3980646],[9.202382,45.3982702],[9.2064881,45.3985842],[9.2062035,45.3993321],[9.2061304,45.3994691],[9.2060897,45.3995262],[9.2060084,45.3995547]],[[9.18115,45.4025195],[9.1811393,45.4024479],[9.1807531,45.4021127],[9.1795836,45.4019131],[9.1795729,45.4016193],[9.1796963,45.4014046],[9.179471,45.4013632],[9.1792457,45.4013481],[9.179074,45.4013858],[9.1789667,45.4014724],[9.1782747,45.4021353],[9.1779099,45.4027417],[9.1781567,45.4028057],[9.1822819,45.4039394],[9.1831617,45.403672],[9.1831349,45.4033443],[9.183167,45.4030807],[9.1832368,45.4028396],[9.1832636,45.402753],[9.1831724,45.4027229],[9.1828559,45.4026174],[9.1826413,45.4025119],[9.1824214,45.4024027],[9.1820512,45.4028585],[9.18115,45.4025195]],[[9.3353379,45.3851256],[9.3355078,45.3848372],[9.3364422,45.3834552],[9.3369164,45.3827542],[9.3371571,45.3824608],[9.3374048,45.382247],[9.3377446,45.3820333],[9.3381056,45.3818493],[9.340038,45.3811284],[9.3404698,45.3809892],[9.3406963,45.3809693],[9.3409582,45.3809991],[9.3411705,45.3810041],[9.3414112,45.3809146],[9.3415174,45.3808052],[9.3415669,45.3806064],[9.3414678,45.3804522],[9.3414422,45.3804394],[9.3412696,45.3803528],[9.3410219,45.3802931],[9.3408803,45.3802037],[9.3403919,45.3796567],[9.338778,45.3775287],[9.3384383,45.3775785],[9.3381764,45.3775387],[9.3376243,45.3774442],[9.3369523,45.3773156],[9.3366688,45.3772204],[9.3364963,45.3770906],[9.3362498,45.3769088],[9.3357815,45.376649],[9.3357202,45.3768674],[9.3356989,45.3772503],[9.3357697,45.377842],[9.3357627,45.3780707],[9.3358051,45.3782049],[9.3355078,45.3782596],[9.3352955,45.3782298],[9.3352176,45.3782696],[9.3351185,45.3784734],[9.3350619,45.378543],[9.3348849,45.3787867],[9.3347646,45.3790203],[9.334623,45.3791049],[9.3343257,45.3791993],[9.3341559,45.3792739],[9.3338869,45.3795474],[9.3336816,45.379796],[9.3333418,45.3800943],[9.3330516,45.3803677],[9.3329171,45.3805865],[9.3327756,45.3810389],[9.3327473,45.3812477],[9.3327826,45.3814963],[9.3325207,45.3824658],[9.3324429,45.3826647],[9.3323438,45.382779],[9.3321951,45.3828486],[9.3318979,45.3829381],[9.3316289,45.3829729],[9.3310626,45.3830077],[9.3312325,45.3848223],[9.3314024,45.3850609],[9.3315864,45.3851902],[9.3346655,45.3856873],[9.3350902,45.385742],[9.3352318,45.3853145],[9.3353379,45.3851256]],[[9.3494098,45.3827838],[9.3503625,45.3829019],[9.3513899,45.3817998],[9.3514926,45.3817801],[9.3516421,45.3817277],[9.3517075,45.3816227],[9.3517355,45.381544],[9.3516047,45.3814521],[9.3514926,45.3813996],[9.3514646,45.3813144],[9.3515393,45.3811832],[9.3515954,45.3810651],[9.3516047,45.3809011],[9.3514646,45.3808027],[9.3513058,45.3807567],[9.3511284,45.3808027],[9.3509696,45.3808551],[9.3504559,45.3808683],[9.3499515,45.3808092],[9.3489335,45.3807567],[9.3475698,45.3806387],[9.3469441,45.3824886],[9.3493818,45.3828888],[9.3494098,45.3827838]],[[9.3285576,45.394146],[9.3280962,45.3939019],[9.3281306,45.3938691],[9.327119,45.3933478],[9.3259328,45.3944568],[9.3271991,45.3947583],[9.3277419,45.3948806],[9.3266034,45.3959677],[9.3262918,45.3962716],[9.3264407,45.3963336],[9.3267771,45.3962639],[9.3270143,45.3962019],[9.3276086,45.3960121],[9.3286288,45.3956289],[9.3290302,45.3965913],[9.3302186,45.3967562],[9.3300532,45.3969808],[9.3299791,45.3972508],[9.3297167,45.3977434],[9.3295292,45.3980532],[9.3294796,45.3980997],[9.3294079,45.3981345],[9.3291983,45.398181],[9.3291211,45.3982081],[9.3290328,45.3982856],[9.3280116,45.3989964],[9.3276482,45.3992515],[9.3276482,45.3993982],[9.3274029,45.3995641],[9.3275028,45.3997363],[9.3273006,45.3997956],[9.3270792,45.3998511],[9.3268182,45.3999011],[9.3265651,45.3999344],[9.3262381,45.3999662],[9.3255201,45.3999882],[9.3253914,45.3999992],[9.3250995,45.400047],[9.3247226,45.4001262],[9.3245721,45.4001678],[9.3244682,45.4002033],[9.3243723,45.4002425],[9.3241502,45.4003421],[9.3240249,45.4004031],[9.3239694,45.4004175],[9.3239085,45.4004244],[9.3238419,45.4004177],[9.3234264,45.4003149],[9.3234091,45.400288],[9.3236296,45.3999951],[9.3235124,45.3999705],[9.3229044,45.3998429],[9.3228292,45.3998271],[9.3225804,45.3997372],[9.3217584,45.3995633],[9.3204995,45.3992712],[9.3203649,45.3997568],[9.3202731,45.4000877],[9.3216504,45.4006115],[9.3214247,45.4008778],[9.3212615,45.4011003],[9.321151,45.4012891],[9.32094,45.4017816],[9.3209152,45.4018425],[9.320339,45.4030536],[9.3202742,45.4031821],[9.3205037,45.4032362],[9.3210196,45.4033592],[9.3213293,45.4034738],[9.3214682,45.4035049],[9.324041,45.4041039],[9.3245467,45.4041574],[9.3257672,45.4043034],[9.3277542,45.4045945],[9.3283116,45.404645],[9.3296482,45.4048091],[9.329976,45.4047912],[9.3301807,45.4039095],[9.3305706,45.4025168],[9.3323075,45.4027563],[9.3331696,45.4028807],[9.3337846,45.4029953],[9.3343035,45.4030812],[9.3347611,45.4031222],[9.335899,45.4031886],[9.3363725,45.4032306],[9.3369599,45.4033106],[9.3372296,45.4033274],[9.3375712,45.4033106],[9.337835,45.4032643],[9.3380474,45.4032097],[9.3389858,45.4027938],[9.3393012,45.4026291],[9.3395704,45.402413],[9.3398089,45.4021376],[9.3399406,45.4019252],[9.340199,45.4008866],[9.3422428,45.4011264],[9.3424646,45.4007224],[9.3426444,45.4002048],[9.3431842,45.400296],[9.3433544,45.3998812],[9.344237,45.400101],[9.3441217,45.4007224],[9.3445592,45.4008102],[9.344993,45.4008348],[9.3450109,45.4007322],[9.3459215,45.4006765],[9.3466173,45.4007945],[9.3469806,45.4008637],[9.3472189,45.4009322],[9.3473225,45.4008175],[9.3477615,45.3997245],[9.3460896,45.3994589],[9.3462049,45.3991263],[9.34652,45.3991781],[9.3465989,45.3989506],[9.3460799,45.3988536],[9.345179,45.3986853],[9.3449705,45.3991976],[9.3440907,45.3990024],[9.3442603,45.3985041],[9.3427431,45.3981724],[9.3429114,45.3975788],[9.3365111,45.3964532],[9.3363548,45.3949695],[9.3361985,45.3946539],[9.3358404,45.3942156],[9.3366969,45.390685],[9.3369695,45.389491],[9.3373315,45.388208],[9.3367925,45.3881367],[9.3366769,45.388084],[9.335368,45.3878868],[9.3346681,45.3877896],[9.3344032,45.3877618],[9.3341576,45.3884942],[9.3340504,45.388773],[9.3339109,45.3890217],[9.3337178,45.3892326],[9.3325845,45.3903709],[9.3285576,45.394146]],[[9.3223006,45.3963636],[9.3221397,45.3963259],[9.3216676,45.3961752],[9.3216164,45.3962822],[9.3213835,45.3969414],[9.3212543,45.3974156],[9.3212234,45.3975291],[9.3212153,45.3975622],[9.3219983,45.3976721],[9.3221021,45.3977018],[9.3223328,45.3978364],[9.3224723,45.3979004],[9.3226278,45.3979419],[9.3244893,45.3981604],[9.325707,45.3970341],[9.3256587,45.3969022],[9.3255783,45.3968156],[9.3254871,45.3967591],[9.3253583,45.396729],[9.325133,45.3966988],[9.3244088,45.3966197],[9.3223006,45.3963636]],[[9.3550777,45.3800464],[9.3548867,45.380133],[9.3550284,45.3803624],[9.3550716,45.3805009],[9.3551209,45.3807043],[9.3552256,45.3809424],[9.3553797,45.3811718],[9.3558295,45.3817041],[9.3560822,45.3822062],[9.3562855,45.3826217],[9.3564334,45.3828251],[9.356569,45.3829896],[9.3567169,45.3831324],[9.3568586,45.383206],[9.3571667,45.3833358],[9.357444,45.3834916],[9.3576042,45.3836128],[9.3582635,45.3835565],[9.3581896,45.3831151],[9.3584176,45.3831108],[9.3604942,45.3833228],[9.3610673,45.3833445],[9.3614185,45.3833791],[9.3617575,45.3823533],[9.3612152,45.3823101],[9.3602231,45.3822625],[9.3599951,45.3822754],[9.3599581,45.3813665],[9.359613,45.3813752],[9.3595946,45.381241],[9.3584731,45.3812064],[9.3584114,45.3816825],[9.3576781,45.3816608],[9.3577151,45.3810679],[9.3577213,45.3807606],[9.3579924,45.3807736],[9.3580417,45.3794621],[9.3581095,45.3794491],[9.3579739,45.3788042],[9.3581157,45.378709],[9.3576658,45.378393],[9.3576289,45.3783367],[9.3576289,45.3782891],[9.3550901,45.3782069],[9.3549422,45.3788215],[9.3545478,45.3786397],[9.354289,45.3786008],[9.3542767,45.3788215],[9.3542952,45.3789557],[9.3544184,45.3791158],[9.3549422,45.3795011],[9.3550716,45.3796309],[9.3551209,45.3799339],[9.3550777,45.3800464]],[[9.3583165,45.4031477],[9.3584737,45.4022993],[9.3593094,45.4023965],[9.3601025,45.4025436],[9.3603906,45.4025908],[9.3606562,45.402604],[9.3608732,45.402604],[9.3612211,45.4025698],[9.3610939,45.4024201],[9.3608769,45.4021706],[9.3607534,45.4019893],[9.3606973,45.4018449],[9.3606487,45.4016002],[9.3606038,45.4011826],[9.3582071,45.4007203],[9.3579191,45.4017289],[9.3570977,45.4015818],[9.3558936,45.400983],[9.3556773,45.4005064],[9.3551611,45.40027],[9.3546598,45.400136],[9.3545363,45.4000861],[9.3544353,45.4000126],[9.3542445,45.3996764],[9.3539602,45.3997368],[9.353732,45.399834],[9.3533916,45.4002516],[9.3533392,45.4010291],[9.354439,45.4007244],[9.3547892,45.4007123],[9.355683,45.402539],[9.3563078,45.4035338],[9.3578152,45.4031109],[9.3583165,45.4031477]],[[9.3830776,45.4013233],[9.3830823,45.4014151],[9.3830729,45.4015331],[9.3830309,45.401661],[9.3829842,45.4017889],[9.3829693,45.4018678],[9.3830125,45.4019371],[9.3830926,45.401976],[9.383185,45.4020149],[9.3825688,45.4041998],[9.3856647,45.4046081],[9.3862065,45.402499],[9.3858095,45.4024274],[9.3864747,45.4005856],[9.383991,45.4001486],[9.3837501,45.4001068],[9.383171,45.4010282],[9.3831149,45.4011396],[9.3830869,45.4012347],[9.3830776,45.4013233]],[[9.360379,45.4086343],[9.3610113,45.407316],[9.3604839,45.4071813],[9.3607972,45.4065334],[9.3576325,45.4057255],[9.3572489,45.4057844],[9.3578843,45.4080314],[9.3585209,45.4099001],[9.3609457,45.4103823],[9.3623463,45.4107173],[9.3629074,45.4108259],[9.363786,45.4093852],[9.3623749,45.4090521],[9.360379,45.4086343]],[[9.349026,45.4388794],[9.3496626,45.4390171],[9.3497142,45.4397715],[9.3496901,45.4399381],[9.3495731,45.4404941],[9.3495972,45.4405762],[9.3496729,45.4406511],[9.3498037,45.4407018],[9.3508419,45.4408348],[9.3503595,45.4424219],[9.3503279,45.442544],[9.3560933,45.4432098],[9.3563701,45.4422665],[9.3582048,45.4426328],[9.3587664,45.4410291],[9.3590827,45.4401759],[9.359399,45.4399096],[9.3595335,45.4397042],[9.3595968,45.4394601],[9.3595968,45.4392159],[9.3595572,45.4389052],[9.3593674,45.4383772],[9.3600634,45.437112],[9.3612734,45.43487],[9.3615425,45.4343131],[9.3622778,45.4344532],[9.362644,45.432912],[9.3626495,45.4328889],[9.3623094,45.4328056],[9.3629816,45.4315334],[9.3630765,45.4312837],[9.3631003,45.4311172],[9.3631003,45.4309063],[9.3630133,45.4305125],[9.3631635,45.4304181],[9.3634008,45.4303571],[9.3654305,45.4301018],[9.366941,45.4298687],[9.3672732,45.4298798],[9.3676765,45.4298465],[9.3681036,45.4297299],[9.3713235,45.429458],[9.3719325,45.4294247],[9.3734984,45.4292693],[9.3749536,45.4288919],[9.3732058,45.426861],[9.3730064,45.4266394],[9.3727462,45.4264003],[9.3704538,45.4237838],[9.3708941,45.4236185],[9.3709846,45.4229316],[9.3711808,45.4217646],[9.3712737,45.4214989],[9.3714252,45.4212452],[9.3720552,45.4201811],[9.3721833,45.4199866],[9.3724381,45.4196315],[9.3725964,45.4192497],[9.3727066,45.4189138],[9.3729506,45.4176771],[9.3734805,45.417716],[9.3736861,45.4178603],[9.3740816,45.4178992],[9.374042,45.4181046],[9.3775626,45.4184223],[9.3776249,45.4181039],[9.3782033,45.4181675],[9.3792126,45.4184223],[9.3798219,45.4185138],[9.380559,45.4185934],[9.3814766,45.4186599],[9.3818669,45.4171203],[9.383746,45.4174714],[9.3839737,45.416912],[9.3841277,45.4167475],[9.3841411,45.4163856],[9.3843184,45.416325],[9.384506,45.4165052],[9.3850169,45.4168551],[9.3849009,45.4169175],[9.3851946,45.4172863],[9.385281,45.4173782],[9.3856685,45.4170836],[9.3859734,45.4161407],[9.3856133,45.4160902],[9.3855077,45.4160666],[9.3854164,45.4160194],[9.3853729,45.4159844],[9.3853276,45.4158968],[9.3853241,45.4158347],[9.3853382,45.4157515],[9.3854881,45.415151],[9.3856442,45.4142458],[9.3858809,45.4129934],[9.3860125,45.4130014],[9.386089,45.4125891],[9.386163,45.4121065],[9.3863117,45.4111969],[9.3866534,45.408738],[9.3868626,45.4070761],[9.3858079,45.4069487],[9.3856378,45.4070004],[9.3827958,45.4065361],[9.3797959,45.4059261],[9.3790844,45.4077462],[9.3771674,45.4073146],[9.376162,45.4094037],[9.3748527,45.4090373],[9.3742352,45.4096266],[9.3741351,45.4100683],[9.3683776,45.4089205],[9.3672521,45.4114312],[9.3667206,45.4123484],[9.3667876,45.4125599],[9.3667876,45.4126728],[9.3666671,45.4129454],[9.3665398,45.4130932],[9.3662251,45.4135586],[9.3658099,45.4142496],[9.3656291,45.4147031],[9.3656157,45.4149429],[9.3656559,45.415695],[9.3657095,45.4158219],[9.3658903,45.4165781],[9.3659783,45.4166788],[9.3659735,45.4170361],[9.3657335,45.4179071],[9.365657,45.418211],[9.3655635,45.4183023],[9.3651695,45.4184649],[9.3632641,45.4190614],[9.3629932,45.419972],[9.3630026,45.4207587],[9.3629279,45.4214665],[9.362134,45.4228825],[9.3619472,45.4234399],[9.3619565,45.4238988],[9.3616016,45.42472],[9.3613961,45.4253231],[9.3611813,45.4264431],[9.3610972,45.4266004],[9.3610879,45.4270714],[9.3611626,45.4278973],[9.3609416,45.4288768],[9.360812,45.429298],[9.3566124,45.4300109],[9.3545295,45.4303816],[9.353214,45.4304119],[9.3494371,45.4301996],[9.3484028,45.4300935],[9.3482087,45.4314521],[9.3476336,45.4315445],[9.3473915,45.4315834],[9.3430282,45.4323303],[9.3428249,45.4317968],[9.3431217,45.4301771],[9.342146,45.4300972],[9.3418858,45.4314659],[9.3418411,45.4314915],[9.3418736,45.4316855],[9.342442,45.4324476],[9.3417541,45.4325704],[9.3407892,45.4327422],[9.3384301,45.4331571],[9.3374592,45.4333242],[9.3360397,45.4335684],[9.3359901,45.4337443],[9.3357948,45.4341707],[9.3356795,45.4346888],[9.3359493,45.4347864],[9.3361533,45.4348232],[9.3368704,45.43486],[9.3369753,45.4348907],[9.3369986,45.4349132],[9.3370424,45.4350196],[9.337019,45.4351299],[9.3367713,45.4355145],[9.3367246,45.4356255],[9.3367217,45.4357462],[9.3367655,45.4358955],[9.3368442,45.4360243],[9.3371211,45.4363649],[9.3374883,45.4367044],[9.3378397,45.4369949],[9.3379563,45.4369008],[9.3385801,45.4369908],[9.3390581,45.4365449],[9.3395251,45.4362262],[9.339802,45.4360994],[9.3401401,45.4360278],[9.3408834,45.435903],[9.3413676,45.435858],[9.3416037,45.4358764],[9.3419011,45.4359181],[9.342493,45.4360262],[9.3429548,45.4361143],[9.3444741,45.4364707],[9.3448868,45.4365067],[9.3464705,45.4367996],[9.3461523,45.4386244],[9.3463799,45.4386197],[9.3478728,45.4387683],[9.349026,45.4388794]],[[9.3978536,45.4270395],[9.3990459,45.4267371],[9.3955228,45.424284],[9.3948928,45.4238195],[9.3944005,45.4235388],[9.3941928,45.4236737],[9.3930621,45.423258],[9.3920697,45.4224265],[9.3904801,45.4252034],[9.3901739,45.4251851],[9.3883892,45.4248056],[9.388201,45.4252742],[9.3877451,45.425777],[9.3876018,45.4259004],[9.3874455,45.4266857],[9.3892302,45.4270697],[9.3893604,45.4271154],[9.3890804,45.427815],[9.3832311,45.4282996],[9.3819212,45.4284159],[9.382291,45.4293137],[9.38213,45.4294006],[9.3815933,45.4294833],[9.3803361,45.431691],[9.3771681,45.4311055],[9.3766608,45.4304991],[9.3762803,45.430681],[9.3768704,45.4325727],[9.3769145,45.4332136],[9.376898,45.4343523],[9.3768318,45.4346813],[9.3768539,45.4347742],[9.3769256,45.4349212],[9.3770524,45.4350296],[9.3774164,45.435365],[9.377615,45.4355469],[9.3774771,45.4355856],[9.3764844,45.4354385],[9.3749889,45.4352372],[9.3745036,45.4373669],[9.3742664,45.4385356],[9.3738213,45.439685],[9.3738674,45.4399494],[9.3738674,45.4400682],[9.3736905,45.4403542],[9.3736059,45.4403596],[9.3734136,45.440473],[9.3733059,45.4406025],[9.3732444,45.4407918],[9.3732136,45.4410401],[9.3730828,45.4413208],[9.3729828,45.4416986],[9.372729,45.4431453],[9.3738931,45.4433165],[9.3755078,45.4435081],[9.3769096,45.4436758],[9.3767069,45.4444577],[9.3764213,45.4453197],[9.3779858,45.4454878],[9.3796955,45.445689],[9.379326,45.4467714],[9.3786972,45.4486191],[9.3785373,45.4490679],[9.3775942,45.4489286],[9.3774784,45.4494241],[9.3768101,45.4494796],[9.3767943,45.4493936],[9.3754673,45.4491939],[9.3751628,45.4503984],[9.374886,45.4515031],[9.3751074,45.4516251],[9.3808025,45.4512035],[9.3807155,45.4516057],[9.3806997,45.4518581],[9.3807195,45.4521189],[9.3809528,45.4531962],[9.3804041,45.4531165],[9.3800214,45.4541999],[9.3811866,45.4543988],[9.3812065,45.4547096],[9.3811838,45.4551034],[9.381042,45.4556648],[9.3800242,45.4592135],[9.3798561,45.4598621],[9.3819856,45.4601471],[9.3827029,45.4578169],[9.3832307,45.4560012],[9.3860168,45.4564642],[9.3863904,45.4566051],[9.3866938,45.4566247],[9.3880967,45.4571594],[9.3883936,45.4584919],[9.3879313,45.4593173],[9.3887485,45.459468],[9.3890241,45.4590323],[9.3891735,45.4588391],[9.3892763,45.4587212],[9.3919686,45.4591091],[9.392014,45.4589498],[9.3921684,45.4589498],[9.392224,45.4582639],[9.3914129,45.4582273],[9.3917254,45.457289],[9.3934504,45.457257],[9.3951936,45.4572887],[9.3953117,45.4567406],[9.395511,45.4562549],[9.3992699,45.4564876],[9.399395,45.4564412],[9.3972515,45.4540116],[9.3955049,45.4520529],[9.3941621,45.4505453],[9.3940374,45.4506134],[9.3936159,45.4518109],[9.3935852,45.4519124],[9.393487,45.4518807],[9.3933715,45.4520863],[9.3929562,45.4519868],[9.3928578,45.4521795],[9.3926529,45.4521326],[9.3923484,45.4526113],[9.3919639,45.4525359],[9.3912828,45.4524022],[9.3911337,45.4523751],[9.3911449,45.4516261],[9.3911883,45.4513713],[9.3914731,45.4487195],[9.3917024,45.4477923],[9.3903777,45.4462944],[9.3886249,45.444308],[9.3861544,45.4415256],[9.3838689,45.4442954],[9.383547,45.4459063],[9.3837925,45.4460054],[9.3825156,45.4472588],[9.3823239,45.4472235],[9.3809506,45.4470052],[9.3800169,45.446851],[9.3804387,45.4457538],[9.381766,45.4420796],[9.3825144,45.4421835],[9.3828339,45.4409887],[9.3831698,45.4408541],[9.3837046,45.4406398],[9.3846778,45.4402531],[9.3847746,45.4402157],[9.3849409,45.4401542],[9.3845934,45.4397567],[9.3850142,45.4392138],[9.3864855,45.4394385],[9.3866635,45.4386367],[9.3896417,45.4390612],[9.3901004,45.4374876],[9.3884435,45.4371713],[9.3878223,45.4370881],[9.3887326,45.4339513],[9.3885412,45.4339251],[9.3889673,45.4321615],[9.392223,45.4326609],[9.3934438,45.430555],[9.3937802,45.4299863],[9.3938317,45.4298781],[9.3938674,45.4297757],[9.3938791,45.4297421],[9.3940475,45.4291113],[9.3941717,45.4286461],[9.3944011,45.4278663],[9.3947135,45.4274964],[9.395876,45.4273993],[9.3963505,45.4273465],[9.3966708,45.4272966],[9.397192,45.4271906],[9.3978536,45.4270395]],[[9.3873307,45.4665127],[9.3874659,45.4655992],[9.3859515,45.4654652],[9.383619,45.46504],[9.3824388,45.4649196],[9.3825568,45.4651943],[9.3826105,45.4654802],[9.3826051,45.4657962],[9.3825729,45.4661047],[9.3823262,45.4672879],[9.3807985,45.4671549],[9.3804712,45.4685018],[9.3811618,45.4685608],[9.3809405,45.4700004],[9.3808605,45.4706993],[9.3817028,45.4707672],[9.3817384,45.4705994],[9.3820745,45.4706674],[9.3841953,45.470735],[9.3842148,45.4706482],[9.3842409,45.4706254],[9.3851695,45.4706719],[9.3854155,45.4695668],[9.3868055,45.469647],[9.3870206,45.4693879],[9.3871425,45.4688105],[9.3879056,45.468901],[9.3879344,45.4688475],[9.3881849,45.4688664],[9.3882318,45.4686118],[9.3885358,45.4675439],[9.3879154,45.4674433],[9.3876644,45.4674085],[9.3875458,45.4673737],[9.3874548,45.467308],[9.387419,45.4672596],[9.3873914,45.4671416],[9.3874355,45.4666558],[9.3873307,45.4665127]],[[9.366118,45.4677855],[9.3660778,45.4680748],[9.366028,45.4684337],[9.3671454,45.4687332],[9.3671982,45.4689183],[9.3673112,45.4689456],[9.367864,45.469079],[9.3703441,45.4696202],[9.370329,45.4697584],[9.3703003,45.4700218],[9.3719405,45.4702787],[9.3715379,45.4714119],[9.3698923,45.4710161],[9.3688314,45.4708524],[9.3686524,45.4716361],[9.3672559,45.4716019],[9.3672214,45.4720252],[9.3674328,45.4720794],[9.3673169,45.472588],[9.3677701,45.4726194],[9.3694922,45.4728039],[9.3695784,45.4730778],[9.3716679,45.4732607],[9.3719586,45.4732547],[9.3720267,45.473213],[9.3721089,45.4730897],[9.3722223,45.4721993],[9.372279,45.4718241],[9.3723244,45.4716472],[9.3727638,45.4705264],[9.3730502,45.4697995],[9.3732146,45.4693919],[9.3734414,45.4684994],[9.3734811,45.4684398],[9.3735747,45.468402],[9.3736419,45.468398],[9.3737723,45.468404],[9.374564,45.4685391],[9.3746021,45.4684677],[9.3750502,45.4668439],[9.3750544,45.4668278],[9.3738019,45.4666443],[9.3723939,45.4666072],[9.3721106,45.4681973],[9.3701365,45.4676255],[9.3687632,45.4675878],[9.3676742,45.4667075],[9.3667186,45.4664549],[9.366118,45.4677855]],[[9.3201044,45.4598445],[9.3207352,45.4593805],[9.3209965,45.4587192],[9.3213811,45.4579692],[9.3214503,45.457768],[9.3216195,45.4571906],[9.3218195,45.4562971],[9.3219888,45.4560165],[9.322458,45.45545],[9.3227503,45.4538597],[9.3226965,45.4534631],[9.3225972,45.4531342],[9.3224373,45.4531575],[9.3156866,45.4533393],[9.3156976,45.4567469],[9.3155399,45.4568824],[9.3126946,45.457317],[9.312603,45.457331],[9.3121231,45.4587042],[9.3120459,45.4587971],[9.3119687,45.458859],[9.3118474,45.4589054],[9.3111359,45.4589982],[9.3107638,45.4598609],[9.3107388,45.4599189],[9.309906,45.45983],[9.3077689,45.4599963],[9.3065776,45.4604296],[9.30655,45.460476],[9.3060868,45.4606075],[9.3062136,45.4608241],[9.3063518,45.4609969],[9.3042896,45.4648158],[9.3081233,45.4655676],[9.3082414,45.4652809],[9.3108011,45.465794],[9.3117161,45.4659524],[9.313086,45.4661993],[9.3131636,45.4660036],[9.3132156,45.4658724],[9.3136633,45.4659376],[9.3137185,45.4659627],[9.314634,45.4661252],[9.314688,45.4661328],[9.3154296,45.4641547],[9.3158084,45.4641419],[9.3163275,45.4637804],[9.3164967,45.4636186],[9.3166428,45.4633542],[9.3169505,45.462464],[9.3172428,45.4621349],[9.3178813,45.4617359],[9.3177659,45.4615687],[9.3188813,45.4607563],[9.319704400000001,45.4603354],[9.3198198,45.4602275],[9.3201044,45.4598445]],[[9.336448,45.4728251],[9.3383843,45.4735997],[9.3388968,45.4730234],[9.3392105,45.4731845],[9.3397594,45.4722938],[9.3396521,45.4722641],[9.3403086,45.4712676],[9.3387495,45.4708069],[9.3392891,45.4703571],[9.3400563,45.46955],[9.3407156,45.4690204],[9.3411591,45.4685032],[9.3413389,45.4683182],[9.342142,45.4676961],[9.3424417,45.4674271],[9.3427054,45.4671581],[9.3439281,45.4654431],[9.344203,45.4649895],[9.3443424,45.4647274],[9.3444247,45.4644874],[9.3372342,45.4634877],[9.3366085,45.4653812],[9.3351301,45.4651379],[9.3346205,45.4667541],[9.3342875,45.4676592],[9.3347434,45.4677601],[9.3346392,45.4678502],[9.3335954,45.4701099],[9.3327324,45.4716795],[9.3324619,45.4716236],[9.3320916,45.4722296],[9.3313648,45.4731239],[9.3306053,45.4741414],[9.3304744,45.4741781],[9.3300966,45.4748403],[9.3320023,45.4754069],[9.331471,45.4763751],[9.3330238,45.4769099],[9.3333867,45.4761149],[9.3331585,45.4757214],[9.3331656,45.4757043],[9.3332259,45.4755588],[9.3341087,45.4740792],[9.3356805,45.4746016],[9.3359885,45.4741478],[9.336152,45.4737079],[9.336448,45.4728251]],[[9.3588989,45.4743459],[9.358964,45.4739733],[9.3589893,45.4737433],[9.3592208,45.4731286],[9.3594691,45.4725225],[9.3595885,45.4722309],[9.3598632,45.4709886],[9.3526694,45.4701361],[9.3501261,45.4698909],[9.3501988,45.4711055],[9.3497767,45.4710392],[9.3492654,45.4730114],[9.351316,45.4732968],[9.350927,45.474809],[9.3504156,45.4765524],[9.3502554,45.4767642],[9.3497008,45.4786694],[9.3510615,45.4792511],[9.3511635,45.4792304],[9.351725,45.4783618],[9.3535328,45.4785403],[9.3534866,45.4787466],[9.3553178,45.4789677],[9.3555543,45.4779609],[9.3556576,45.4775239],[9.3558076,45.4766187],[9.3562389,45.4748106],[9.3563007,45.4745322],[9.3588046,45.4747326],[9.3588281,45.4747349],[9.3588413,45.4746625],[9.3588872,45.4744125],[9.3588989,45.4743459]],[[9.3742132,45.4854656],[9.3757133,45.4856205],[9.3775068,45.4857379],[9.3778553,45.4847097],[9.3787827,45.4849726],[9.3786421,45.4852731],[9.3794055,45.485563],[9.3793787,45.4856828],[9.3793921,45.4859832],[9.3797537,45.4860349],[9.3799479,45.4860325],[9.3802758,45.4860091],[9.3810894,45.4859081],[9.3812099,45.4858823],[9.3813907,45.4858142],[9.382353,45.4854316],[9.3825104,45.4853776],[9.3827347,45.485326],[9.3829423,45.4853048],[9.3837626,45.4852274],[9.3861605,45.4850161],[9.3867736,45.4849362],[9.3868506,45.4850348],[9.3868741,45.4850865],[9.3868774,45.4851569],[9.3866661,45.4863965],[9.389056,45.4865384],[9.3901885,45.486753],[9.3902755,45.4866864],[9.3904614,45.4866753],[9.390671,45.4867197],[9.3906591,45.4867724],[9.3918246,45.4868916],[9.3936238,45.4870219],[9.3949571,45.4872658],[9.3956834,45.4859605],[9.3943876,45.4854966],[9.3945695,45.4852016],[9.3954844,45.4838822],[9.3957598,45.4838864],[9.3961138,45.483257],[9.3956323,45.4831488],[9.3958479,45.4827847],[9.3969024,45.4822922],[9.3971989,45.4821755],[9.3974351,45.4820916],[9.3976882,45.4820118],[9.3983225,45.4800636],[9.396326,45.4796731],[9.3964474,45.4793645],[9.3938069,45.4789236],[9.3934429,45.480043],[9.389316,45.4793624],[9.389112,45.4787725],[9.388759,45.4788305],[9.3865452,45.4788189],[9.3865231,45.4796465],[9.3851996,45.4797159],[9.3851348,45.4814259],[9.3809693,45.4806254],[9.3808203,45.480842],[9.3807012,45.480961],[9.3791521,45.4804592],[9.3781593,45.4817942],[9.3779082,45.4817661],[9.3775332,45.4817003],[9.3772202,45.4816909],[9.3764032,45.4817989],[9.3759412,45.4818271],[9.3756304,45.4818905],[9.3753826,45.4820572],[9.3752386,45.4825187],[9.3752185,45.4826266],[9.3751382,45.4827745],[9.3750913,45.4828074],[9.3750243,45.4828285],[9.3746694,45.4828544],[9.3744912,45.4829025],[9.3744108,45.4829823],[9.3743438,45.4830832],[9.3742869,45.4834213],[9.3742903,45.4836889],[9.3741898,45.4845728],[9.3741195,45.484968],[9.3741396,45.4851792],[9.3742132,45.4854656]],[[9.3711901,45.4985867],[9.3737687,45.4986909],[9.3738538,45.4987521],[9.3738538,45.4988969],[9.3739073,45.4988956],[9.3740107,45.4999651],[9.3742607,45.5012628],[9.3742859,45.5014606],[9.3742789,45.5015768],[9.3742485,45.5016733],[9.3725639,45.5016651],[9.3722528,45.500992],[9.3717915,45.5001175],[9.3717217,45.4998881],[9.371593,45.4999144],[9.3713623,45.5000009],[9.3696511,45.5000047],[9.3687123,45.4999107],[9.3676716,45.499843],[9.365631,45.4996204],[9.3652275,45.5011745],[9.3652139,45.5012268],[9.3644083,45.5041506],[9.3643464,45.5041877],[9.364139,45.5047017],[9.3739951,45.5055709],[9.373891,45.5065221],[9.3738943,45.5065526],[9.3743211,45.5080997],[9.3751208,45.5081345],[9.3755146,45.5059596],[9.3755642,45.5057296],[9.3886283,45.5070461],[9.3894694,45.5037905],[9.3905759,45.504],[9.3911595,45.5004259],[9.3908622,45.5002962],[9.388615,45.5001659],[9.3880839,45.4999065],[9.3877996,45.4998087],[9.3873168,45.4996771],[9.3871157,45.4996249],[9.3869232,45.4995979],[9.3858202,45.4995079],[9.3855037,45.4994628],[9.3852301,45.4993914],[9.3850477,45.499335],[9.3843332,45.498308],[9.3842108,45.4980847],[9.3841411,45.4978554],[9.3841196,45.4976523],[9.3841411,45.4974041],[9.3846993,45.4944597],[9.3847448,45.4940649],[9.384722,45.4938483],[9.3846721,45.4936668],[9.3846221,45.4935395],[9.38456,45.4933849],[9.3844447,45.4931812],[9.3842905,45.4929486],[9.3841452,45.4927798],[9.3839998,45.4926557],[9.3832239,45.4920905],[9.3829895,45.4919528],[9.3827741,45.4918684],[9.3769036,45.4912144],[9.3765675,45.4911566],[9.3763575,45.491079],[9.3762237,45.4909207],[9.3761265,45.4908596],[9.376028,45.4908383],[9.3758711,45.4908136],[9.3757909,45.4907583],[9.3754901,45.4904269],[9.375423,45.4903493],[9.3753604,45.4902167],[9.3749445,45.4900752],[9.3749619,45.4896672],[9.3750133,45.4891419],[9.3750133,45.4890333],[9.3749993,45.4889007],[9.3749689,45.4887321],[9.3748358,45.48817],[9.3748125,45.4880047],[9.3747845,45.487645],[9.3747658,45.4872178],[9.3746304,45.4865063],[9.3746047,45.4864228],[9.3745696,45.4863426],[9.3744762,45.4861619],[9.3744302,45.4860614],[9.3710841,45.4860613],[9.3709701,45.4874204],[9.3710588,45.4874604],[9.3710905,45.4876159],[9.3710715,45.4887504],[9.3708721,45.4899578],[9.3707296,45.4898972],[9.370213,45.4897171],[9.3700916,45.4897155],[9.369802,45.4897188],[9.3691996,45.4895191],[9.3691762,45.4898531],[9.3690951,45.4902419],[9.3689152,45.4910465],[9.3688151,45.4915083],[9.3687489,45.4914999],[9.3686071,45.4922036],[9.3685336,45.492441],[9.3684706,45.4926208],[9.368536,45.4926667],[9.3684846,45.4929155],[9.3697337,45.4931476],[9.369603,45.4945103],[9.3694535,45.4957952],[9.3683989,45.4956272],[9.3680192,45.4970989],[9.3684979,45.4971415],[9.369049,45.497234],[9.3694782,45.4973518],[9.3695408,45.4975244],[9.3696615,45.4976664],[9.3706915,45.4984231],[9.3709007,45.498519],[9.3711901,45.4985867]],[[9.4043232,45.5119991],[9.4021472,45.5114868],[9.4018857,45.5113726],[9.4016182,45.5111958],[9.4015583,45.511142],[9.4016976,45.5108407],[9.4015373,45.5108055],[9.4005552,45.5106477],[9.4004185,45.5109696],[9.3989414,45.5106224],[9.3981512,45.5120948],[9.4033316,45.5132939],[9.4043232,45.5119991]]],[[[9.0954812,45.4270045],[9.0952337,45.4272733],[9.0951029,45.4272929],[9.0946733,45.427247],[9.0944398,45.4272077],[9.0931182,45.4269095],[9.0905277,45.4263119],[9.0853118,45.4250294],[9.0842504,45.4247645],[9.0837913,45.4246098],[9.0865685,45.4222511],[9.0865363,45.4218369],[9.0865256,45.4209483],[9.0845408,45.4212495],[9.0841545,45.4213023],[9.0839078,45.4211667],[9.0835323,45.4208429],[9.0838219,45.4206998],[9.0843584,45.4202856],[9.0847446,45.4197585],[9.0858926,45.41829],[9.0846592,45.4178798],[9.0847993,45.417788],[9.0854484,45.4173946],[9.0862376,45.416998],[9.0870035,45.4166407],[9.0874565,45.4164538],[9.0881523,45.4162014],[9.0889789,45.4159326],[9.090436,45.4155177],[9.0920289,45.4150678],[9.0947248,45.4142979],[9.0949898,45.4152171],[9.0953071,45.4166294],[9.0955598,45.4176026],[9.095529,45.4177237],[9.0954088,45.4177756],[9.0953681,45.4178232],[9.0953958,45.4179437],[9.0954458,45.4180351],[9.0954951,45.4180784],[9.0955875,45.4182103],[9.0956399,45.4184309],[9.0957878,45.4192073],[9.0960065,45.419988],[9.0960497,45.4200766],[9.0961082,45.420161],[9.096213,45.420228],[9.0963855,45.4203016],[9.097507,45.420507],[9.1002673,45.4209954],[9.1006473,45.4211036],[9.100753,45.4211949],[9.0993138,45.4226788],[9.0990618,45.4232837],[9.0990211,45.4235348],[9.0974518,45.4238829],[9.0960755,45.4259625],[9.0954812,45.4270045]]],[[[9.0120422,45.5004748],[9.0124598,45.5006038],[9.0127146,45.5002466],[9.0149373,45.5009362],[9.015277,45.501085],[9.0159212,45.501348],[9.0166998,45.501596],[9.0184128,45.502117],[9.0181013,45.5026924],[9.0184906,45.5027966],[9.0188091,45.502241],[9.0190073,45.5022807],[9.0190994,45.5024394],[9.0189082,45.5030248],[9.018703,45.5034465],[9.0185119,45.5038682],[9.0184552,45.5041956],[9.0184481,45.5044536],[9.0184906,45.5047264],[9.0187242,45.5052076],[9.0188728,45.5054706],[9.0190569,45.5056988],[9.0192834,45.5059468],[9.0195241,45.5061304],[9.0198143,45.5062941],[9.0202461,45.5064727],[9.0206991,45.5066215],[9.0212724,45.5068001],[9.0213291,45.5068645],[9.0212229,45.5070283],[9.0205717,45.5070878],[9.0196444,45.5081494],[9.0195878,45.5083974],[9.0191418,45.5090323],[9.0183207,45.5098905],[9.017174,45.5094044],[9.0160981,45.5099203],[9.0157371,45.5100691],[9.015546,45.5101088],[9.0153053,45.5101038],[9.0150364,45.5100641],[9.0147249,45.5099699],[9.0141516,45.5097268],[9.0127359,45.5091464],[9.0108235,45.5083276],[9.0089245,45.5075532],[9.0090533,45.5073877],[9.0082808,45.5072298],[9.0087958,45.5068013],[9.0093966,45.505929],[9.0091498,45.5058388],[9.008946,45.5055982],[9.0097077,45.5044853],[9.007562,45.503756],[9.0081562,45.5027421],[9.0092604,45.5006981],[9.009317,45.5007874],[9.0094232,45.5009412],[9.0095294,45.5010354],[9.009763,45.501095],[9.010124,45.5003954],[9.0103363,45.5004351],[9.0105133,45.5001126],[9.010761,45.5001821],[9.0110017,45.4997058],[9.0122616,45.5001126],[9.0120422,45.5004748]]]]},"properties":{"sources":[{"property":"","dataset":"OpenStreetMap","license":"ODbL-1.0","record_id":"r7641906@99","update_time":"2026-07-20T14:33:40.000Z","confidence":null,"between":null,"provider":"osm","resource":"planet","version":"2026-07-26T00:00:00.000Z"}],"names":{"primary":"Parco agricolo Sud Milano","common":null,"rules":null},"wikidata":"Q3895458","source_tags":[["boundary","agricultural_park"],["leisure","nature_reserve"],["operator","Città metropolitana di Milano"],["protect_class","5"],["start_date","1990-04-23"],["type","boundary"],["website","https://www.parcoagricolosudmilano.it/"],["wikipedia","it:Parco agricolo Sud Milano"]],"subtype":"protected","class":"protected_landscape_seascape","version":5}},
{"id":"da4e24da-6e43-310a-8db3-d758a611a5d6","type":"Feature","geometry":{"type":"Polygon","coordinates":[[[9.1961407,45.4860932],[9.1962062,45.486097],[9.1961926,45.4861487],[9.1962117,45.4862903],[9.1962745,45.4864051],[9.1963072,45.4864651],[9.1963318,45.4865103],[9.1963645,45.4866252],[9.1963673,45.4867534],[9.1963431,45.4868295],[9.1963236,45.4868911],[9.1962526,45.4869964],[9.1961489,45.487115],[9.1960957,45.4871791],[9.1960425,45.4872432],[9.1959824,45.4873638],[9.1959169,45.4873599],[9.195906,45.4872662],[9.1958867,45.4872085],[9.1958651,45.4871437],[9.1957914,45.4869715],[9.1957701,45.4869021],[9.1957504,45.4868376],[9.1957422,45.4866883],[9.1957777,45.4865429],[9.1958869,45.4864032],[9.1960589,45.4862233],[9.1961407,45.4860932]]]},"properties":{"sources":[{"property":"","dataset":"OpenStreetMap","license":"ODbL-1.0","record_id":"w1425288605@1","update_time":"2025-08-27T12:32:27.000Z","confidence":null,"between":null,"provider":"osm","resource":"planet","version":"2026-07-26T00:00:00.000Z"}],"names":{"primary":"Piazza Città di Lombardia","common":null,"rules":null},"source_tags":[["area","yes"],["highway","pedestrian"],["lit","yes"],["loc_ref","1782_0"],["surface","paving_stones"]],"subtype":"pedestrian","class":"pedestrian","surface":"paving_stones","version":0}},
{"id":"26f2e853-8823-304f-9915-934cfc250419","type":"Feature","geometry":{"type":"Polygon","coordinates":[[[9.1956862,45.4871729],[9.1957278,45.4872325],[9.1957583,45.4873186],[9.19576,45.4873234],[9.1957768,45.4874207],[9.1957749,45.4874959],[9.1957604,45.487553],[9.1958854,45.4877404],[9.1959076,45.4876979],[9.1959222,45.4876576],[9.1959452,45.4876584],[9.1959541,45.4877326],[9.1959822,45.4878273],[9.1960236,45.4879171],[9.1960598,45.4879677],[9.1958172,45.4880675],[9.1958012,45.4880741],[9.1957642,45.4880602],[9.1957459,45.4880398],[9.1956559,45.4879391],[9.1954793,45.4877081],[9.195206,45.4873376],[9.1946641,45.4866321],[9.1944019,45.486283],[9.1944012,45.4862395],[9.1944006,45.4861978],[9.194512,45.4861239],[9.1945413,45.4861123],[9.1945632,45.4861131],[9.1945792,45.4861136],[9.1947783,45.4861347],[9.1947702,45.4861906],[9.1948262,45.4863094],[9.1948986,45.4864146],[9.1949789,45.4865084],[9.1950976,45.4865997],[9.1951962,45.486663],[9.1953009,45.4867491],[9.1953778,45.4868478],[9.1954291,45.4869498],[9.1954557,45.4870555],[9.1954708,45.4871464],[9.1954738,45.4872284],[9.1956081,45.4873759],[9.1956371,45.4873069],[9.1956445,45.4872223],[9.1956549,45.4871268],[9.1956862,45.4871729]],[[9.1946418,45.4863029],[9.1946639,45.4862989],[9.1946804,45.4862854],[9.1946875,45.4862643],[9.1946754,45.4862378],[9.1946611,45.4862182],[9.1946332,45.4861962],[9.1945975,45.4861771],[9.194576,45.4861701],[9.1945424,45.4861711],[9.1945224,45.4861761],[9.1945081,45.4861882],[9.1945088,45.4862042],[9.1945217,45.4862272],[9.1945424,45.4862493],[9.1945631,45.4862683],[9.1945846,45.4862819],[9.1946146,45.4862959],[9.1946418,45.4863029]],[[9.1945575,45.4863224],[9.1945383,45.4863359],[9.1945272,45.4863592],[9.1945211,45.4863989],[9.1945343,45.486428],[9.1945555,45.4864535],[9.1945848,45.4864804],[9.1946323,45.4864939],[9.1946566,45.4864911],[9.1946748,45.4864741],[9.1946839,45.4864287],[9.1946748,45.4863975],[9.1946546,45.4863628],[9.1946263,45.4863387],[9.194599,45.4863259],[9.1945575,45.4863224]],[[9.19466,45.4865366],[9.1946307,45.4865465],[9.1946287,45.4865586],[9.1946428,45.486572],[9.1946573,45.4865871],[9.1946866,45.4866061],[9.1947137,45.4866131],[9.1947378,45.4866167],[9.1947489,45.4866096],[9.1947479,45.4865926],[9.1947398,45.4865749],[9.1947146,45.4865572],[9.1946863,45.4865444],[9.19466,45.4865366]],[[9.1948128,45.4866535],[9.1948494,45.4866904],[9.1948852,45.4867125],[9.1949278,45.486729],[9.1949655,45.4867292],[9.1949851,45.4867212],[9.1949915,45.4866965],[9.1949821,45.4866593],[9.1949439,45.4866165],[9.1948846,45.4865758],[9.1948415,45.4865651],[9.1948098,45.4865681],[9.1947897,45.486582],[9.1947892,45.4866114],[9.1948128,45.4866535]],[[9.1948901,45.4868905],[9.1949201,45.4869144],[9.1949575,45.4869337],[9.1949932,45.4869371],[9.1950131,45.4869312],[9.1950234,45.4869084],[9.195021,45.4868724],[9.1949923,45.4868287],[9.1949433,45.4867851],[9.1949043,45.4867713],[9.1948738,45.4867715],[9.1948524,45.4867828],[9.1948469,45.4868106],[9.1948618,45.4868525],[9.1948901,45.4868905]],[[9.195012,45.487065],[9.1950332,45.4870971],[9.1950642,45.4871245],[9.1950936,45.4871405],[9.1951278,45.487152],[9.1951572,45.4871508],[9.1951719,45.487144],[9.1951752,45.4871245],[9.1951654,45.4870959],[9.1951327,45.4870639],[9.1950838,45.4870341],[9.1950495,45.4870273],[9.195025,45.4870307],[9.1950103,45.4870421],[9.195012,45.487065]],[[9.1953098,45.4871072],[9.1953055,45.487074],[9.195286,45.487015],[9.1952688,45.4869923],[9.1952321,45.4869575],[9.1951911,45.4869439],[9.1951631,45.4869484],[9.1951544,45.4869817],[9.1951587,45.487018],[9.1951674,45.4870482],[9.1951954,45.4871027],[9.1952213,45.4871314],[9.195258,45.4871511],[9.1952839,45.4871587],[9.1953055,45.4871541],[9.1953098,45.4871329],[9.1953098,45.4871072]],[[9.1951924,45.4872592],[9.195208,45.4872794],[9.1952212,45.4872886],[9.19525,45.4873007],[9.1952874,45.487312],[9.1953152,45.4873138],[9.1953309,45.4873095],[9.195341,45.4872954],[9.1953435,45.4872798],[9.1953283,45.4872624],[9.1953071,45.4872468],[9.1952823,45.4872305],[9.195248,45.4872185],[9.1952091,45.4872174],[9.1951969,45.4872203],[9.1951828,45.4872298],[9.1951818,45.4872433],[9.1951924,45.4872592]],[[9.195347,45.487423],[9.1953578,45.4874757],[9.1953856,45.4875248],[9.1954181,45.4875569],[9.1954605,45.4875839],[9.1955037,45.4875911],[9.1955291,45.4875857],[9.1955459,45.4875586],[9.1955495,45.4875143],[9.1955221,45.4874581],[9.1954698,45.4874002],[9.1954246,45.4873799],[9.1953871,45.4873774],[9.1953588,45.4873894],[9.195347,45.487423]],[[9.1956571,45.4875585],[9.1956304,45.4875458],[9.1956079,45.487544],[9.1955908,45.4875509],[9.195583,45.4875709],[9.1955885,45.4876026],[9.1956042,45.4876323],[9.195623,45.4876518],[9.1956479,45.4876683],[9.1956736,45.4876731],[9.1956889,45.4876701],[9.1956995,45.487654],[9.1957025,45.4876275],[9.1956873,45.4875936],[9.1956571,45.4875585]],[[9.1957625,45.4878303],[9.1957496,45.4877925],[9.1957064,45.4877502],[9.1956417,45.4877108],[9.1955964,45.4877018],[9.195564,45.4877063],[9.1955446,45.4877214],[9.1955468,45.4877517],[9.1955748,45.487794],[9.1956158,45.4878303],[9.1956546,45.4878515],[9.1956999,45.4878666],[9.1957388,45.4878651],[9.1957582,45.487856],[9.1957625,45.4878303]],[[9.1959148,45.4879334],[9.1959126,45.4878971],[9.1958954,45.4878593],[9.1958738,45.4878351],[9.1958414,45.4878169],[9.1958134,45.4878169],[9.1957961,45.4878305],[9.1957897,45.4878593],[9.1957961,45.4879016],[9.1958199,45.487953],[9.1958458,45.4879772],[9.1958716,45.4879818],[9.1958954,45.4879788],[9.1959083,45.4879621],[9.1959148,45.4879334]]]},"properties":{"sources":[{"property":"","dataset":"OpenStreetMap","license":"ODbL-1.0","record_id":"r2758932@4","update_time":"2024-09-08T13:55:22.000Z","confidence":null,"between":null,"provider":"osm","resource":"planet","version":"2026-07-26T00:00:00.000Z"}],"source_tags":[["area","yes"],["highway","pedestrian"],["lit","yes"],["surface","paving_stones"],["type","multipolygon"]],"subtype":"pedestrian","class":"pedestrian","surface":"paving_stones","version":1}},
{"id":"cea686f6-a345-3d99-a6eb-abb06ab63f61","type":"Feature","geometry":{"type":"Polygon","coordinates":[[[9.196868,45.4876629],[9.1965777,45.4878159],[9.1961867,45.4879861],[9.1958525,45.4881216],[9.1957087,45.4881741],[9.195075,45.4884191],[9.1940344,45.488753],[9.1936424,45.4880678],[9.1934633,45.4878137],[9.1940009,45.4864708],[9.1940107,45.4864513],[9.1940206,45.4864385],[9.1940348,45.4864281],[9.1941132,45.486388],[9.1941483,45.4863655],[9.1942436,45.4862884],[9.1941808,45.4861282],[9.1942243,45.4861379],[9.1942781,45.4861391],[9.1943187,45.4861341],[9.1943459,45.4861258],[9.1943687,45.4861137],[9.1945242,45.4860965],[9.1946407,45.4860959],[9.1947053,45.4861073],[9.1951523,45.4861502],[9.1953537,45.4861772],[9.1953367,45.4862288],[9.1953091,45.486339],[9.1952598,45.4865138],[9.1955078,45.4865509],[9.1957029,45.4858184],[9.1958985,45.4856876],[9.1959406,45.4856606],[9.1960867,45.4855674],[9.1961957,45.4854953],[9.1967565,45.4859645],[9.197202,45.486346],[9.1970782,45.4864359],[9.1970482,45.4864895],[9.196868,45.4876629]]]},"properties":{"sources":[{"property":"","dataset":"OpenStreetMap","license":"ODbL-1.0","record_id":"w428413843@6","update_time":"2022-11-16T11:22:06.000Z","confidence":null,"between":null,"provider":"osm","resource":"planet","version":"2026-07-26T00:00:00.000Z"}],"source_tags":[["landuse","commercial"]],"subtype":"developed","class":"commercial","version":0}},
{"id":"6cba633b-eb42-389a-b642-62f61bae23b9","type":"Feature","geometry":{"type":"Polygon","coordinates":[[[9.1952598,45.4865138],[9.1953091,45.486339],[9.1953367,45.4862288],[9.1953537,45.4861772],[9.1953573,45.4861628],[9.195169,45.4861379],[9.1946466,45.4860866],[9.1945831,45.4860641],[9.1945439,45.4860467],[9.1944375,45.4860115],[9.1944338,45.4859898],[9.1944238,45.4859656],[9.194398,45.4859302],[9.194358,45.485906],[9.1943225,45.4858926],[9.1943444,45.4857854],[9.1945128,45.4851892],[9.1945677,45.4850765],[9.1951955,45.4847236],[9.1961957,45.4854953],[9.1960867,45.4855674],[9.1959406,45.4856606],[9.1958985,45.4856876],[9.1957029,45.4858184],[9.1955078,45.4865509],[9.1952598,45.4865138]]]},"properties":{"sources":[{"property":"","dataset":"OpenStreetMap","license":"ODbL-1.0","record_id":"w428413844@2","update_time":"2022-11-15T10:39:33.000Z","confidence":null,"between":null,"provider":"osm","resource":"planet","version":"2026-07-26T00:00:00.000Z"}],"source_tags":[["landuse","residential"]],"subtype":"residential","class":"residential","version":0}},
{"id":"2578cd9d-5be1-3ff2-ab53-db23c91585de","type":"Feature","geometry":{"type":"Polygon","coordinates":[[[9.196134,45.4850836],[9.1966613,45.4847762],[9.1966192,45.4847096],[9.1966844,45.4845437],[9.1969823,45.4844788],[9.1970103,45.484537],[9.1970245,45.4845715],[9.1970708,45.4846789],[9.1971502,45.4848627],[9.1971994,45.4849651],[9.1972877,45.485192],[9.1975126,45.4851449],[9.1976133,45.4854081],[9.1975022,45.4854727],[9.1974077,45.4855277],[9.1971546,45.485675],[9.196964,45.4857859],[9.196134,45.4850836]]]},"properties":{"sources":[{"property":"","dataset":"OpenStreetMap","license":"ODbL-1.0","record_id":"w541322361@6","update_time":"2026-01-15T10:04:27.000Z","confidence":null,"between":null,"provider":"osm","resource":"planet","version":"2026-07-26T00:00:00.000Z"}],"names":{"primary":"Gioia 22","common":null,"rules":null},"source_tags":[["construction","commercial"],["landuse","construction"]],"subtype":"construction","class":"construction","version":0}},
{"id":"c63cd239-8fd5-3811-a43b-2fe55c3fac84","type":"Feature","geometry":{"type":"Polygon","coordinates":[[[9.1953034,45.4851736],[9.1951465,45.4851516],[9.1950387,45.4851366],[9.1945943,45.4853389],[9.194661,45.4851363],[9.1947055,45.4850874],[9.1948873,45.4849862],[9.1949472,45.4850333],[9.1951732,45.4849043],[9.1953024,45.4849583],[9.195353,45.4849889],[9.1953034,45.4851736]]]},"properties":{"sources":[{"property":"","dataset":"OpenStreetMap","license":"ODbL-1.0","record_id":"w118202457@7","update_time":"2018-11-22T20:14:30.000Z","confidence":null,"between":null,"provider":"osm","resource":"planet","version":"2026-07-26T00:00:00.000Z"}],"source_tags":[["landuse","construction"],["parking:condition:area","residents"]],"subtype":"construction","class":"construction","version":0}},
{"id":"15040468-6d06-316b-961b-e0a55630f737","type":"Feature","geometry":{"type":"Polygon","coordinates":[[[9.1955716,45.4846634],[9.1958712,45.4844926],[9.1959371,45.4844552],[9.1961543,45.484333],[9.1964721,45.484217],[9.1965343,45.4842054],[9.1966844,45.4845437],[9.1966192,45.4847096],[9.1966613,45.4847762],[9.196134,45.4850836],[9.1959839,45.4849615],[9.1959513,45.4849337],[9.1959094,45.4849243],[9.1955716,45.4846634]]]},"properties":{"sources":[{"property":"","dataset":"OpenStreetMap","license":"ODbL-1.0","record_id":"w548334006@4","update_time":"2026-04-16T10:02:49.000Z","confidence":null,"between":null,"provider":"osm","resource":"planet","version":"2026-07-26T00:00:00.000Z"}],"names":{"primary":"I Portali","common":null,"rules":null},"source_tags":[["construction","commercial"],["landuse","construction"]],"subtype":"construction","class":"construction","version":1}},
{"id":"c8c4f377-8c13-3e70-b007-57212f3da0d5","type":"Feature","geometry":{"type":"Polygon","coordinates":[[[9.1980621,45.4864937],[9.1977446,45.4862089],[9.1977949,45.486175],[9.1979043,45.4861087],[9.1977401,45.485975],[9.1976162,45.4860486],[9.1975143,45.4861092],[9.1974057,45.4861736],[9.1972891,45.4862538],[9.1968603,45.4859124],[9.1958549,45.4850514],[9.1952109,45.4845379],[9.1950096,45.4846621],[9.1946743,45.4848673],[9.1945503,45.4847713],[9.1944579,45.4846993],[9.194264,45.484548],[9.1945676,45.4843712],[9.1946247,45.484338],[9.1948422,45.4842077],[9.1946046,45.4839965],[9.1953716,45.4835839],[9.1950276,45.4832148],[9.1950195,45.4832061],[9.194981,45.4831648],[9.1949559,45.4831379],[9.1949459,45.4831271],[9.1949335,45.4831138],[9.194646,45.4827944],[9.194546,45.4826833],[9.1954031,45.4822868],[9.1954458,45.482267],[9.1954801,45.4822555],[9.195496,45.4822485],[9.1955349,45.4822312],[9.1955661,45.4822886],[9.1958564,45.4828499],[9.1962183,45.4835495],[9.196503,45.4840676],[9.1965113,45.4841565],[9.1965343,45.4842054],[9.1965998,45.4843632],[9.1966844,45.4845437],[9.1969823,45.4844788],[9.1970103,45.484537],[9.1970245,45.4845715],[9.1970708,45.4846789],[9.1971502,45.4848627],[9.1971994,45.4849651],[9.1975567,45.4848915],[9.197884,45.4848227],[9.1980429,45.4852086],[9.1981322,45.4854267],[9.1988946,45.4852785],[9.1993072,45.4863554],[9.1986838,45.4866872],[9.1983129,45.4863577],[9.1982893,45.4863713],[9.1982409,45.4863886],[9.1981275,45.4864552],[9.1980621,45.4864937]]]},"properties":{"sources":[{"property":"","dataset":"OpenStreetMap","license":"ODbL-1.0","record_id":"w428376907@17","update_time":"2026-04-16T09:21:03.000Z","confidence":null,"between":null,"provider":"osm","resource":"planet","version":"2026-07-26T00:00:00.000Z"}],"source_tags":[["landuse","commercial"]],"subtype":"developed","class":"commercial","version":1}},
{"id":"5d985ae6-9415-309b-a2c1-6444917cd84c","type":"Feature","geometry":{"type":"Polygon","coordinates":[[[9.1942439,45.4842109],[9.1945266,45.4843391],[9.1945676,45.4843712],[9.1942188,45.484575],[9.1939597,45.4845031],[9.1942439,45.4842109]]]},"properties":{"sources":[{"property":"","dataset":"OpenStreetMap","license":"ODbL-1.0","record_id":"w1184830680@1","update_time":"2024-11-11T17:45:29.000Z","confidence":null,"between":null,"provider":"osm","resource":"planet","version":"2026-07-26T00:00:00.000Z"}],"source_tags":[["landuse","flowerbed"]],"subtype":"horticulture","class":"flowerbed","version":0}},
{"id":"1dbb8e4c-a3f7-3ae6-8b2b-fbcbe9ae2f1b","type":"Feature","geometry":{"type":"MultiPolygon","coordinates":[[[[9.1964136,45.4816123],[9.1963969,45.4815944],[9.1963748,45.4815735],[9.1966191,45.4814616],[9.196681,45.4815293],[9.1967176,45.4815693],[9.1967615,45.4816172],[9.196175,45.4818765],[9.1954655,45.4822156],[9.195477,45.4822287],[9.195462,45.4822354],[9.1954405,45.4822413],[9.1951555,45.4823705],[9.1947646,45.4825478],[9.194723,45.4825634],[9.1945105,45.4826571],[9.1944536,45.4826826],[9.194868,45.483138],[9.1947961,45.4831736],[9.1947667,45.4832079],[9.1947538,45.4832438],[9.1950947,45.4835807],[9.1950348,45.4836119],[9.1950008,45.4836296],[9.1949757,45.4836427],[9.194686,45.4837937],[9.194674,45.4838],[9.1946581,45.483809],[9.1945945,45.4838453],[9.1946559,45.483898],[9.1945914,45.4839337],[9.1942375,45.4836318],[9.1942182,45.483606],[9.1942169,45.4835853],[9.1942265,45.4835619],[9.1942437,45.4835303],[9.1942672,45.4834899],[9.1942739,45.4834685],[9.1942766,45.4834518],[9.1942691,45.4834181],[9.1942317,45.4833197],[9.1941391,45.4833384],[9.1940225,45.4832858],[9.1939835,45.4833159],[9.1941364,45.4833864],[9.194147,45.4834007],[9.1941509,45.4834182],[9.1941474,45.4834374],[9.194137,45.4834527],[9.1941102,45.4834715],[9.1940881,45.4834884],[9.1940405,45.4835013],[9.1940197,45.4834917],[9.1938259,45.4833267],[9.1936206,45.4831467],[9.1935666,45.4830651],[9.1935628,45.483048],[9.193563,45.4829962],[9.1935656,45.4829848],[9.1935739,45.4829598],[9.1935787,45.4829496],[9.193588,45.4829293],[9.193612,45.4828999],[9.193645,45.4828758],[9.1946925,45.4823644],[9.1946824,45.482354],[9.1953034,45.4820644],[9.1958409,45.4818231],[9.1958765,45.4818494],[9.1959171,45.4818574],[9.1959429,45.4818531],[9.1961297,45.4817656],[9.1964286,45.4816285],[9.1964136,45.4816123]]],[[[9.1928501,45.4850392],[9.1928246,45.4850362],[9.1924733,45.4849976],[9.1924661,45.4850637],[9.1924637,45.4850886],[9.1924492,45.4852372],[9.1924148,45.4852334],[9.1920839,45.4851901],[9.1920702,45.4852415],[9.1920516,45.4853037],[9.1918196,45.4852737],[9.1917786,45.4852679],[9.191762,45.4852657],[9.1917399,45.4852629],[9.1914452,45.4852226],[9.1914267,45.4852234],[9.1913325,45.4855946],[9.1910602,45.4855581],[9.1910389,45.4855552],[9.1910268,45.4855536],[9.1907729,45.485517],[9.1907499,45.4855139],[9.190728,45.4855109],[9.190457,45.4854759],[9.1904756,45.4853357],[9.1904765,45.4853273],[9.1904784,45.4853108],[9.1904836,45.4852418],[9.1904249,45.4851731],[9.1903959,45.4851463],[9.1903387,45.4850695],[9.1903123,45.4850427],[9.1897743,45.4844955],[9.1898002,45.4844895],[9.1900648,45.4844277],[9.1899788,45.4842599],[9.1897128,45.4843328],[9.18963,45.4841978],[9.1897077,45.4841764],[9.1897828,45.484154],[9.1898712,45.4841227],[9.189957,45.4840924],[9.1900736,45.4840514],[9.1901573,45.4840216],[9.1902834,45.4839784],[9.1904015,45.483937],[9.1904682,45.483914],[9.190488,45.4839071],[9.1904997,45.4839027],[9.1906014,45.4838641],[9.1906197,45.4838893],[9.1906362,45.4839119],[9.190666,45.483953],[9.1907126,45.4840171],[9.1907301,45.4840412],[9.1909421,45.4839695],[9.1909266,45.4839466],[9.1908794,45.4838775],[9.1908343,45.4838103],[9.1908306,45.4838049],[9.1908169,45.4837846],[9.1909376,45.4837317],[9.190954,45.4837244],[9.1909884,45.4837094],[9.1910223,45.4836971],[9.1910687,45.4836803],[9.191324,45.4835879],[9.1916965,45.4834427],[9.1922582,45.4832128],[9.1923788,45.4831643],[9.1925718,45.4830866],[9.1927288,45.4832545],[9.1928493,45.4832018],[9.1928835,45.4831859],[9.1929512,45.4831613],[9.1930646,45.4831453],[9.1931288,45.4831508],[9.1932008,45.4831604],[9.1932392,45.4831706],[9.1932733,45.4831839],[9.1933175,45.4832079],[9.1946247,45.484338],[9.1945676,45.4843712],[9.194264,45.484548],[9.1942188,45.484575],[9.1939694,45.4847239],[9.1942142,45.4849209],[9.1941163,45.4849858],[9.1942214,45.4850708],[9.1940954,45.4851424],[9.1940504,45.4851352],[9.1939744,45.4851662],[9.1939224,45.4851963],[9.1938838,45.4852244],[9.1938655,45.4852465],[9.193857,45.4852721],[9.1938724,45.4852639],[9.1938951,45.4852809],[9.1938675,45.4852981],[9.1938551,45.485336],[9.1938581,45.4853775],[9.1938763,45.4854222],[9.1939073,45.485463],[9.1939608,45.4855096],[9.1940354,45.4855722],[9.1940753,45.4856191],[9.1940841,45.4856654],[9.1940868,45.4856766],[9.1940892,45.485687],[9.194077,45.4856892],[9.1940435,45.4857887],[9.1940276,45.4858188],[9.1939927,45.4858565],[9.1939336,45.4858967],[9.1938978,45.4859],[9.1938456,45.4859047],[9.1938354,45.4859051],[9.1937891,45.4859068],[9.1937103,45.4859051],[9.1930005,45.4858121],[9.1929442,45.4858033],[9.1928172,45.4857874],[9.1925497,45.4857548],[9.1925948,45.4856475],[9.1926571,45.4854986],[9.1926977,45.4854014],[9.1928022,45.485153],[9.1928501,45.4850392]]]]},"properties":{"sources":[{"property":"","dataset":"OpenStreetMap","license":"ODbL-1.0","record_id":"r10036938@4","update_time":"2026-01-09T16:00:59.000Z","confidence":null,"between":null,"provider":"osm","resource":"planet","version":"2026-07-26T00:00:00.000Z"}],"names":{"primary":"BAM - Biblioteca degli Alberi Milano","common":null,"rules":null},"wikidata":"Q48810344","source_tags":[["description","Parco Biblioteca degli Alberi, intera area ricoperta di giardini fioriti, panche per sostare, fontanelle, alberi e aiuole"],["leisure","park"],["type","multipolygon"],["wikipedia","it:Parco Biblioteca degli Alberi"]],"subtype":"park","class":"park","version":1}},
{"id":"5628eedb-92cd-371e-979a-05431674b839","type":"Feature","geometry":{"type":"Polygon","coordinates":[[[9.1942214,45.4850708],[9.1941163,45.4849858],[9.1942142,45.4849209],[9.1939694,45.4847239],[9.1942188,45.484575],[9.194264,45.484548],[9.1944579,45.4846993],[9.1944191,45.4847216],[9.19435,45.4846625],[9.1943088,45.4846861],[9.194378,45.4847453],[9.1943122,45.484783],[9.1942671,45.4847445],[9.1942247,45.4847689],[9.1942698,45.4848075],[9.1942196,45.4848363],[9.1942752,45.48488],[9.1944677,45.4847667],[9.1944911,45.4847601],[9.1945233,45.4847611],[9.1945503,45.4847713],[9.1946004,45.484817],[9.1942772,45.4850056],[9.1942544,45.485051],[9.1942214,45.4850708]]]},"properties":{"sources":[{"property":"","dataset":"OpenStreetMap","license":"ODbL-1.0","record_id":"w500736152@7","update_time":"2024-11-12T19:59:16.000Z","confidence":null,"between":null,"provider":"osm","resource":"planet","version":"2026-07-26T00:00:00.000Z"}],"source_tags":[["leisure","garden"]],"subtype":"horticulture","class":"garden","version":0}},
{"id":"09cb16d9-729f-31dd-a4c2-1c181e1f59e4","type":"Feature","geometry":{"type":"Polygon","coordinates":[[[9.1940527,45.4854279],[9.1940322,45.4853995],[9.1940282,45.485389],[9.194021,45.4853705],[9.1940253,45.4853441],[9.19403,45.4853414],[9.1942411,45.4852192],[9.1943478,45.4851574],[9.1943801,45.4851596],[9.1944192,45.485174],[9.194265,45.4857272],[9.1942549,45.4857636],[9.1941922,45.4857627],[9.1942222,45.4856486],[9.1942248,45.4856388],[9.1942269,45.4856003],[9.1942148,45.4855667],[9.1940527,45.4854279]]]},"properties":{"sources":[{"property":"","dataset":"OpenStreetMap","license":"ODbL-1.0","record_id":"w324044931@4","update_time":"2021-04-10T10:11:36.000Z","confidence":null,"between":null,"provider":"osm","resource":"planet","version":"2026-07-26T00:00:00.000Z"}],"source_tags":[["description","Parco"],["leisure","park"]],"subtype":"park","class":"park","version":0}},
{"id":"766a35d9-e944-34e3-b3fe-96710400df63","type":"Feature","geometry":{"type":"Polygon","coordinates":[[[9.1932285,45.4826443],[9.1932406,45.4826267],[9.1933019,45.4825375],[9.1933827,45.4825222],[9.1933624,45.4824713],[9.1934432,45.4824087],[9.1934907,45.482372],[9.1935118,45.4823849],[9.1936528,45.4822711],[9.1937377,45.4822027],[9.1939146,45.4822077],[9.194005,45.4822103],[9.1940188,45.482109],[9.1939802,45.4819166],[9.1939703,45.4818671],[9.1939629,45.48183],[9.1939944,45.4817929],[9.1940119,45.4817748],[9.1940349,45.4817509],[9.1941534,45.4817896],[9.1941725,45.4817959],[9.194211,45.4818148],[9.1941476,45.4818489],[9.194145,45.48186],[9.1941371,45.4819011],[9.1941766,45.4821003],[9.1943694,45.4820093],[9.1943748,45.4820401],[9.1946387,45.4819204],[9.1949093,45.4817978],[9.1949106,45.4818236],[9.1949138,45.4818861],[9.1949172,45.4819039],[9.1949172,45.4819225],[9.1948836,45.4819377],[9.1948158,45.4819657],[9.1947802,45.4819845],[9.1947687,45.4819715],[9.1947551,45.4819563],[9.1947391,45.4819383],[9.1947379,45.4819369],[9.1942571,45.4821518],[9.1942605,45.4821555],[9.1942703,45.4821663],[9.1942739,45.4821702],[9.1942832,45.4821809],[9.1941804,45.4822709],[9.1940802,45.4823182],[9.1940238,45.4823449],[9.1937127,45.4824801],[9.1934172,45.4826137],[9.1933621,45.4826305],[9.1932921,45.4826421],[9.1932285,45.4826443]]]},"properties":{"sources":[{"property":"","dataset":"OpenStreetMap","license":"ODbL-1.0","record_id":"w285379194@18","update_time":"2024-11-25T10:35:35.000Z","confidence":null,"between":null,"provider":"osm","resource":"planet","version":"2026-07-26T00:00:00.000Z"}],"source_tags":[["area","yes"],["bicycle","yes"],["highway","pedestrian"],["lit","yes"],["surface","paving_stones"]],"subtype":"pedestrian","class":"pedestrian","surface":"paving_stones","version":0}},
{"id":"d82a2d9c-2083-3617-9be6-94fae81308de","type":"Feature","geometry":{"type":"Polygon","coordinates":[[[9.1945662,45.4833399],[9.1950193,45.483603],[9.1950348,45.4836119],[9.1950008,45.4836296],[9.1949757,45.4836427],[9.194565,45.4833979],[9.194686,45.4837937],[9.1946581,45.483809],[9.1945226,45.4833682],[9.1944755,45.4833969],[9.1944535,45.4833829],[9.1944357,45.4833716],[9.1944851,45.4833462],[9.1937827,45.4829459],[9.1936031,45.4830389],[9.1936056,45.4830041],[9.1936076,45.4829869],[9.1936092,45.4829744],[9.1936128,45.482966],[9.1936188,45.4829561],[9.1936286,45.4829446],[9.1936571,45.4829501],[9.194659,45.4824779],[9.1945834,45.4823907],[9.1945924,45.4823868],[9.1945991,45.4823838],[9.1946802,45.4824676],[9.1953565,45.4821505],[9.1952836,45.4820733],[9.1953034,45.4820644],[9.1953239,45.4820551],[9.1953929,45.4821334],[9.196681,45.4815293],[9.1967123,45.4815141],[9.1966531,45.4814473],[9.196833,45.481366],[9.1968542,45.4813914],[9.1969662,45.4815255],[9.196973,45.4815336],[9.1968124,45.4816073],[9.1967702,45.4816267],[9.1967615,45.4816172],[9.1967176,45.4815693],[9.1954269,45.4821718],[9.1954655,45.4822156],[9.195477,45.4822287],[9.195496,45.4822485],[9.1954801,45.4822555],[9.1954458,45.482267],[9.1954031,45.4822868],[9.194546,45.4826833],[9.194646,45.4827944],[9.1949335,45.4831138],[9.1949459,45.4831271],[9.1949559,45.4831379],[9.1949144,45.4831542],[9.1948885,45.4831643],[9.194868,45.483138],[9.1944536,45.4826826],[9.194419,45.4826464],[9.1943598,45.4826761],[9.1943456,45.4826827],[9.1944328,45.4829525],[9.194545,45.4833276],[9.1945662,45.4833399]],[[9.1947186,45.4824979],[9.1947646,45.4825478],[9.1951555,45.4823705],[9.1954405,45.4822413],[9.1953945,45.4821914],[9.1951086,45.4823204],[9.1947186,45.4824979]],[[9.1944709,45.4826129],[9.1945105,45.4826571],[9.194723,45.4825634],[9.1946834,45.4825192],[9.1944709,45.4826129]],[[9.1938396,45.4829181],[9.1944943,45.4832982],[9.1943038,45.4827021],[9.1938396,45.4829181]]]},"properties":{"sources":[{"property":"","dataset":"OpenStreetMap","license":"ODbL-1.0","record_id":"r18282177@2","update_time":"2026-04-16T09:21:03.000Z","confidence":null,"between":null,"provider":"osm","resource":"planet","version":"2026-07-26T00:00:00.000Z"}],"source_tags":[["highway","pedestrian"],["noname","yes"],["type","multipolygon"]],"subtype":"pedestrian","class":"pedestrian","version":2}},
{"id":"cae078ae-be22-3d03-a282-508525b5dd32","type":"Feature","geometry":{"type":"Polygon","coordinates":[[[9.194971,45.4825744],[9.1949209,45.4825232],[9.1951181,45.4824297],[9.1951707,45.4824836],[9.194971,45.4825744]]]},"properties":{"sources":[{"property":"","dataset":"OpenStreetMap","license":"ODbL-1.0","record_id":"w1333433965@2","update_time":"2026-04-16T09:21:03.000Z","confidence":null,"between":null,"provider":"osm","resource":"planet","version":"2026-07-26T00:00:00.000Z"}],"source_tags":[["access","private"],["covered","no"],["leisure","pitch"],["sport","soccer"]],"subtype":"recreation","class":"pitch","surface":"recreation_grass","version":1}},
{"id":"e97e6503-b801-33ae-be2e-527d661346f3","type":"Feature","geometry":{"type":"Polygon","coordinates":[[[9.1958107,45.4810426],[9.195815,45.4808648],[9.195998,45.4804644],[9.1961972,45.4806513],[9.1960906,45.4806709],[9.1961046,45.4807135],[9.1961225,45.4807394],[9.1962341,45.4806863],[9.1962886,45.4807313],[9.1961037,45.4808171],[9.1960292,45.4809261],[9.1958107,45.4810426]]]},"properties":{"sources":[{"property":"","dataset":"OpenStreetMap","license":"ODbL-1.0","record_id":"w376558434@4","update_time":"2021-09-21T16:34:49.000Z","confidence":null,"between":null,"provider":"osm","resource":"planet","version":"2026-07-26T00:00:00.000Z"}],"source_tags":[["area","yes"],["highway","pedestrian"],["surface","paving_stones"]],"subtype":"pedestrian","class":"pedestrian","surface":"paving_stones","version":0}},
{"id":"a025fd83-16c6-388e-a74c-61d2d79c485a","type":"Feature","geometry":{"type":"Polygon","coordinates":[[[9.1965477,45.4806967],[9.1965615,45.4807166],[9.1966003,45.480773],[9.196624,45.4808244],[9.196634,45.480864],[9.1966376,45.480902],[9.1966394,45.4809478],[9.1966201,45.4810043],[9.1965864,45.4810594],[9.1965323,45.4811121],[9.1965018,45.4810962],[9.1964645,45.481088],[9.1962998,45.4809007],[9.1962648,45.4808584],[9.1962624,45.4808556],[9.1961037,45.4808171],[9.1962886,45.4807313],[9.1962341,45.4806863],[9.1961972,45.4806513],[9.195998,45.4804644],[9.1959755,45.4804596],[9.195952,45.4804553],[9.1959252,45.4804351],[9.1959151,45.4804263],[9.1959211,45.4804227],[9.195969,45.4804006],[9.1959944,45.4803967],[9.1960178,45.4804002],[9.1961597,45.4804653],[9.196193,45.4804786],[9.1962071,45.4804842],[9.196417,45.4805843],[9.1964725,45.4806238],[9.1965204,45.4806724],[9.1965477,45.4806967]]]},"properties":{"sources":[{"property":"","dataset":"OpenStreetMap","license":"ODbL-1.0","record_id":"w290060386@18","update_time":"2025-11-11T22:59:19.000Z","confidence":null,"between":null,"provider":"osm","resource":"planet","version":"2026-07-26T00:00:00.000Z"}],"names":{"primary":"Piazza Lina Bo Bardi","common":null,"rules":null},"source_tags":[["area","yes"],["bicycle","yes"],["highway","pedestrian"],["lit","yes"],["loc_ref","1793_0"],["surface","paving_stones"]],"subtype":"pedestrian","class":"pedestrian","surface":"paving_stones","version":0}},
{"id":"2e976f85-9264-3863-b993-e3b5cedfcfd9","type":"Feature","geometry":{"type":"Polygon","coordinates":[[[9.194211,45.4818148],[9.1941725,45.4817959],[9.1941534,45.4817896],[9.1940349,45.4817509],[9.1937615,45.4817896],[9.1936072,45.4818115],[9.19356,45.4817636],[9.1935492,45.4817537],[9.1936153,45.481723],[9.1937545,45.4816582],[9.1939609,45.481562],[9.194136,45.4814805],[9.1943885,45.4813629],[9.194474,45.4813231],[9.1946381,45.4812467],[9.1948133,45.4811652],[9.1950683,45.4810464],[9.1951585,45.4810044],[9.1953261,45.4809264],[9.195494,45.4808482],[9.1955532,45.4808206],[9.1954905,45.4807544],[9.1954291,45.4806895],[9.1954787,45.4806682],[9.195952,45.4804553],[9.1959755,45.4804596],[9.195998,45.4804644],[9.195815,45.4808648],[9.1958107,45.4810426],[9.1957822,45.4810559],[9.1957102,45.4811003],[9.1952954,45.4812811],[9.195262,45.4812442],[9.1944002,45.4816444],[9.1944378,45.481687],[9.194211,45.4818148]]]},"properties":{"sources":[{"property":"","dataset":"OpenStreetMap","license":"ODbL-1.0","record_id":"w282975883@15","update_time":"2025-07-01T14:36:51.000Z","confidence":null,"between":null,"provider":"osm","resource":"planet","version":"2026-07-26T00:00:00.000Z"}],"source_tags":[["leisure","park"]],"subtype":"park","class":"park","version":0}},
{"id":"731108c1-59f1-3c22-8158-c5412f6fb76a","type":"Feature","geometry":{"type":"Polygon","coordinates":[[[9.1950833,45.481783],[9.1950111,45.4818157],[9.1949763,45.4818315],[9.1949425,45.4818469],[9.1949129,45.4818603],[9.1949106,45.4818236],[9.1949093,45.4817978],[9.1949319,45.4817884],[9.1949642,45.4817738],[9.1949989,45.4817596],[9.1950209,45.4817499],[9.1950133,45.4817218],[9.1952061,45.4816308],[9.1952115,45.4816616],[9.1954754,45.4815419],[9.195746,45.4814193],[9.1957121,45.4812258],[9.1954715,45.4813234],[9.1954352,45.4813139],[9.1949703,45.4815216],[9.1949746,45.4815439],[9.1949602,45.4815501],[9.1948918,45.481582],[9.1948051,45.4816222],[9.194636,45.4816996],[9.1945944,45.4816887],[9.1941424,45.4818961],[9.1941497,45.4818598],[9.194152,45.4818495],[9.1944437,45.4816857],[9.1954314,45.4812321],[9.1957102,45.4811003],[9.1957822,45.4810559],[9.1958107,45.4810426],[9.1960292,45.4809261],[9.1961037,45.4808171],[9.1962624,45.4808556],[9.1962648,45.4808584],[9.1962998,45.4809007],[9.1958251,45.481123],[9.1959648,45.4812663],[9.1964645,45.481088],[9.1965018,45.4810962],[9.1965323,45.4811121],[9.1964683,45.4811578],[9.1961655,45.4812921],[9.1960077,45.4813621],[9.1950833,45.481783]]]},"properties":{"sources":[{"property":"","dataset":"OpenStreetMap","license":"ODbL-1.0","record_id":"w285315760@14","update_time":"2023-11-03T22:42:13.000Z","confidence":null,"between":null,"provider":"osm","resource":"planet","version":"2026-07-26T00:00:00.000Z"}],"source_tags":[["area","yes"],["bicycle","yes"],["highway","pedestrian"],["surface","paving_stones"]],"subtype":"pedestrian","class":"pedestrian","surface":"paving_stones","version":0}},
{"id":"4ca50af3-0a76-3603-9df1-1418201537d9","type":"Feature","geometry":{"type":"Polygon","coordinates":[[[9.1940723,45.4824752],[9.1941093,45.4822783],[9.1940892,45.4821891],[9.1940367,45.4818544],[9.1941471,45.4818485],[9.194211,45.4818148],[9.1944378,45.481687],[9.1944002,45.4816444],[9.195262,45.4812442],[9.1952954,45.4812811],[9.1957102,45.4811003],[9.1958107,45.4810426],[9.195815,45.4808648],[9.195998,45.4804644],[9.1961101,45.4802299],[9.1962899,45.4803066],[9.1963652,45.480348],[9.1964984,45.4803989],[9.1965465,45.4804445],[9.1965752,45.4805125],[9.1966057,45.4805603],[9.1967012,45.4806761],[9.1967264,45.4807342],[9.1967408,45.4807855],[9.1967612,45.480852],[9.1967732,45.4809202],[9.1967648,45.480979],[9.1967071,45.4810834],[9.1966351,45.481176],[9.1964971,45.4812972],[9.1960853,45.4815813],[9.1944764,45.4823291],[9.1940723,45.4824752]]]},"properties":{"sources":[{"property":"","dataset":"OpenStreetMap","license":"ODbL-1.0","record_id":"w503889085@1","update_time":"2022-07-04T14:56:48.000Z","confidence":null,"between":null,"provider":"osm","resource":"planet","version":"2026-07-26T00:00:00.000Z"}],"source_tags":[["landuse","commercial"]],"subtype":"developed","class":"commercial","version":0}},
{"id":"1b17ee16-7f88-38c1-ae95-1b9e61eef149","type":"Feature","geometry":{"type":"Polygon","coordinates":[[[9.1932177,45.4828409],[9.1930076,45.4826508],[9.1924686,45.4822399],[9.1921459,45.4819667],[9.1920731,45.4819087],[9.1918298,45.4816989],[9.1917188,45.481608],[9.1906757,45.4807933],[9.1904665,45.4807055],[9.1899456,45.4802473],[9.1899555,45.4801684],[9.1899865,45.4801122],[9.1900855,45.4800235],[9.1901999,45.4799807],[9.1917052,45.4797805],[9.1919603,45.4797702],[9.192169700000001,45.4797544],[9.1928772,45.4796807],[9.1938169,45.479579],[9.1943846,45.4794539],[9.1947518,45.4792741],[9.1955959,45.4789023],[9.1961645,45.4785419],[9.1965131,45.4783871],[9.197305,45.4790709],[9.1978791,45.4796506],[9.1982063,45.480006],[9.1986892,45.480417],[9.1985876,45.480457],[9.1974874,45.4809695],[9.1973602,45.4809087],[9.1968269,45.4806132],[9.1968097,45.4805882],[9.1967738,45.480571],[9.1966993,45.4805191],[9.1964984,45.4803989],[9.1963652,45.480348],[9.1962899,45.4803066],[9.1961101,45.4802299],[9.195998,45.4804644],[9.195815,45.4808648],[9.1958107,45.4810426],[9.1957102,45.4811003],[9.1952954,45.4812811],[9.195262,45.4812442],[9.1944002,45.4816444],[9.1944378,45.481687],[9.194211,45.4818148],[9.1941471,45.4818485],[9.1940367,45.4818544],[9.1940892,45.4821891],[9.1941093,45.4822783],[9.1940723,45.4824752],[9.1939102,45.4825355],[9.193315,45.4827894],[9.1932177,45.4828409]]]},"properties":{"sources":[{"property":"","dataset":"OpenStreetMap","license":"ODbL-1.0","record_id":"w503889084@5","update_time":"2024-11-26T21:06:40.000Z","confidence":null,"between":null,"provider":"osm","resource":"planet","version":"2026-07-26T00:00:00.000Z"}],"source_tags":[["landuse","residential"]],"subtype":"residential","class":"residential","version":0}},
{"id":"e202112d-d483-33aa-b390-c7062c49dd7d","type":"Feature","geometry":{"type":"Polygon","coordinates":[[[9.1947006,45.4791772],[9.1946603,45.4791335],[9.1946332,45.4791042],[9.1952408,45.4788282],[9.1953083,45.4789013],[9.1947006,45.4791772]]]},"properties":{"sources":[{"property":"","dataset":"OpenStreetMap","license":"ODbL-1.0","record_id":"w819544963@2","update_time":"2023-09-13T06:43:16.000Z","confidence":null,"between":null,"provider":"osm","resource":"planet","version":"2026-07-26T00:00:00.000Z"}],"source_tags":[["leisure","dog_park"],["wheelchair","yes"]],"subtype":"park","class":"dog_park","version":0}},
{"id":"7ec159c9-c848-3fdd-8fb0-7b630e9fc9e2","type":"Feature","geometry":{"type":"Polygon","coordinates":[[[9.1941964,45.477891],[9.1941775,45.4777697],[9.1946331,45.4777382],[9.1946412,45.4778104],[9.1946626,45.4778079],[9.1946687,45.4778452],[9.194676,45.4778897],[9.1946519,45.4778915],[9.1946901,45.4781607],[9.1945942,45.4781683],[9.1945249,45.4781739],[9.1942766,45.4781903],[9.1942569,45.4781916],[9.1941964,45.477891]]]},"properties":{"sources":[{"property":"","dataset":"OpenStreetMap","license":"ODbL-1.0","record_id":"w404927116@4","update_time":"2025-12-04T15:07:54.000Z","confidence":null,"between":null,"provider":"osm","resource":"planet","version":"2026-07-26T00:00:00.000Z"}],"names":{"primary":"Caserma Pastrengo","common":null,"rules":null},"source_tags":[["landuse","military"]],"subtype":"military","class":"military","version":0}},
{"id":"0351aee7-01e0-39eb-a1b0-cd058b514ee9","type":"Feature","geometry":{"type":"Polygon","coordinates":[[[9.1961543,45.4782551],[9.1940446,45.4792563],[9.1939247,45.4793132],[9.1936629,45.4793692],[9.1928521,45.479503],[9.1928057,45.479453],[9.1927256,45.4794087],[9.1926225,45.4793719],[9.1925198,45.4793489],[9.1924707,45.4793139],[9.19245,45.4792723],[9.192432,45.4792198],[9.1921282,45.4778363],[9.1920177,45.4771035],[9.1919157,45.4763913],[9.1936857,45.4760441],[9.194304,45.4759393],[9.1943572,45.4759301],[9.1944315,45.4759309],[9.1945155,45.4759452],[9.194591,45.4759866],[9.1947401,45.4761531],[9.1948558,45.476269],[9.1949908,45.4764232],[9.1945417,45.4767179],[9.1945175,45.4767411],[9.1945999,45.476831],[9.1947319,45.4769799],[9.194725,45.4771034],[9.1948766,45.4771345],[9.1950096,45.477158],[9.1950552,45.4772078],[9.1952493,45.477417],[9.1953175,45.4774895],[9.1953311,45.4775079],[9.1953727,45.4775688],[9.1954233,45.4775661],[9.1954817,45.4775506],[9.1961543,45.4782551]]]},"properties":{"sources":[{"property":"","dataset":"OpenStreetMap","license":"ODbL-1.0","record_id":"w503887832@9","update_time":"2025-10-18T14:45:01.000Z","confidence":null,"between":null,"provider":"osm","resource":"planet","version":"2026-07-26T00:00:00.000Z"}],"source_tags":[["landuse","residential"]],"subtype":"residential","class":"residential","version":0}},
{"id":"1f1e47c9-cf4a-39d5-9391-6a6c4db6e374","type":"Feature","geometry":{"type":"Polygon","coordinates":[[[9.1958965,45.4773487],[9.1954817,45.4775506],[9.1954233,45.4775661],[9.1953727,45.4775688],[9.1953311,45.4775079],[9.1953175,45.4774895],[9.1952493,45.477417],[9.1950552,45.4772078],[9.1950096,45.477158],[9.1948766,45.4771345],[9.194725,45.4771034],[9.1947319,45.4769799],[9.1945999,45.476831],[9.1945175,45.4767411],[9.1945417,45.4767179],[9.1950665,45.4765037],[9.1958965,45.4773487]]]},"properties":{"sources":[{"property":"","dataset":"OpenStreetMap","license":"ODbL-1.0","record_id":"w503887833@3","update_time":"2025-10-18T14:45:01.000Z","confidence":null,"between":null,"provider":"osm","resource":"planet","version":"2026-07-26T00:00:00.000Z"}],"source_tags":[["landuse","commercial"]],"subtype":"developed","class":"commercial","version":0}},
{"id":"ea462115-f4cf-3803-b43b-d7e0b28d6f87","type":"Feature","geometry":{"type":"Polygon","coordinates":[[[9.1965787,45.4772651],[9.1965347,45.4775467],[9.1963904,45.4773908],[9.1965787,45.4772651]]]},"properties":{"sources":[{"property":"","dataset":"OpenStreetMap","license":"ODbL-1.0","record_id":"w1498784304@1","update_time":"2026-04-12T13:18:03.000Z","confidence":null,"between":null,"provider":"osm","resource":"planet","version":"2026-07-26T00:00:00.000Z"}],"source_tags":[["landuse","flowerbed"]],"subtype":"horticulture","class":"flowerbed","version":1}},
{"id":"97a93cc2-2402-3fa8-a7e7-9e17bf557c21","type":"Feature","geometry":{"type":"Polygon","coordinates":[[[9.196608,45.4776116],[9.196648,45.4774307],[9.1968706,45.477655],[9.1967158,45.4777264],[9.196608,45.4776116]]]},"properties":{"sources":[{"property":"","dataset":"OpenStreetMap","license":"ODbL-1.0","record_id":"w37651544@5","update_time":"2026-04-12T13:20:17.000Z","confidence":null,"between":null,"provider":"osm","resource":"planet","version":"2026-07-26T00:00:00.000Z"}],"source_tags":[["landuse","flowerbed"]],"subtype":"horticulture","class":"flowerbed","version":1}},
{"id":"de312d45-6326-3ea3-9ba8-9cadcb733dee","type":"Feature","geometry":{"type":"Polygon","coordinates":[[[9.1964527,45.4773171],[9.1964271,45.4773195],[9.1963997,45.4773153],[9.1963796,45.4773067],[9.1963614,45.4772913],[9.1963533,45.4772762],[9.1963521,45.4772581],[9.1963569,45.4772447],[9.1963593,45.4772408],[9.1963742,45.477226],[9.1963927,45.4772163],[9.1964197,45.4772101],[9.1964473,45.4772111],[9.1964696,45.4772173],[9.1964839,45.4772249],[9.1964893,45.4772289],[9.1965027,45.4772443],[9.1965061,45.4772521],[9.1965081,45.477262],[9.1965051,45.47728],[9.1965013,45.4772871],[9.1964939,45.4772963],[9.1964758,45.4773091],[9.1964527,45.4773171]]]},"properties":{"sources":[{"property":"","dataset":"OpenStreetMap","license":"ODbL-1.0","record_id":"w1498784303@1","update_time":"2026-04-12T13:18:03.000Z","confidence":null,"between":null,"provider":"osm","resource":"planet","version":"2026-07-26T00:00:00.000Z"}],"source_tags":[["landuse","flowerbed"]],"subtype":"horticulture","class":"flowerbed","version":1}},
{"id":"c841a2af-3232-3d8a-b21a-e7d19f64b884","type":"Feature","geometry":{"type":"Polygon","coordinates":[[[9.1970788,45.4768423],[9.1969857,45.476745],[9.1969344,45.4766899],[9.1965571,45.4762823],[9.1960935,45.4764975],[9.1958754,45.4762604],[9.1957639,45.4763109],[9.1957221,45.4763283],[9.1955675,45.4763959],[9.1954234,45.4764599],[9.1953574,45.476489],[9.1952109,45.4763402],[9.1952117,45.4763309],[9.1950196,45.4761235],[9.194831,45.4759205],[9.1949204,45.4758151],[9.1950546,45.4757941],[9.1950928,45.4759037],[9.1951014,45.4759307],[9.1951598,45.4760948],[9.1951818,45.4760894],[9.1952361,45.4760763],[9.195315,45.4760607],[9.1954064,45.4760397],[9.195413,45.4760631],[9.1954361,45.4761305],[9.1954988,45.4761932],[9.1955929,45.4761505],[9.1956174,45.4761827],[9.1956372,45.4761729],[9.1956582,45.4761957],[9.195752,45.4761513],[9.1958001,45.4761341],[9.1958655,45.4761188],[9.1958902,45.4761142],[9.1957691,45.4758052],[9.1957368,45.4757229],[9.1957139,45.4756675],[9.1960087,45.475606],[9.1967403,45.4755276],[9.196932,45.475588],[9.1975144,45.4759797],[9.1978439,45.4764921],[9.1970788,45.4768423]]]},"properties":{"sources":[{"property":"","dataset":"OpenStreetMap","license":"ODbL-1.0","record_id":"w503885992@6","update_time":"2025-10-22T15:02:11.000Z","confidence":null,"between":null,"provider":"osm","resource":"planet","version":"2026-07-26T00:00:00.000Z"}],"source_tags":[["landuse","commercial"]],"subtype":"developed","class":"commercial","version":0}},
{"id":"3dbc6c66-8c42-34ed-b6a0-f0893513f703","type":"Feature","geometry":{"type":"Polygon","coordinates":[[[9.1950546,45.4757941],[9.1954186,45.4757181],[9.1955064,45.4757031],[9.1957139,45.4756675],[9.1957368,45.4757229],[9.1957691,45.4758052],[9.1958902,45.4761142],[9.1958655,45.4761188],[9.1958001,45.4761341],[9.195752,45.4761513],[9.1956582,45.4761957],[9.1956372,45.4761729],[9.1956174,45.4761827],[9.1955929,45.4761505],[9.1954988,45.4761932],[9.1954361,45.4761305],[9.195413,45.4760631],[9.1954064,45.4760397],[9.195315,45.4760607],[9.1952361,45.4760763],[9.1951818,45.4760894],[9.1951598,45.4760948],[9.1951014,45.4759307],[9.1950928,45.4759037],[9.1950546,45.4757941]]]},"properties":{"sources":[{"property":"","dataset":"OpenStreetMap","license":"ODbL-1.0","record_id":"w503885993@3","update_time":"2025-10-18T14:45:01.000Z","confidence":null,"between":null,"provider":"osm","resource":"planet","version":"2026-07-26T00:00:00.000Z"}],"source_tags":[["landuse","residential"]],"subtype":"residential","class":"residential","version":0}},
{"id":"49120d1e-ee9c-3481-82c9-d24b95e726d4","type":"Feature","geometry":{"type":"Polygon","coordinates":[[[9.1968962,45.4753063],[9.1964054,45.4753992],[9.1963799,45.475404],[9.1961518,45.4754473],[9.1960108,45.4754741],[9.1955635,45.4755636],[9.1953794,45.4755975],[9.1952505,45.4756168],[9.1951199,45.4756286],[9.1947501,45.475642],[9.1948398,45.4750621],[9.1948623,45.4749147],[9.1948568,45.4749145],[9.1948876,45.4747113],[9.194892,45.4746822],[9.1948977,45.4746828],[9.1949162,45.474539],[9.1948006,45.4745111],[9.1948573,45.4742253],[9.1949695,45.4742031],[9.19508,45.474194],[9.1951309,45.4741897],[9.1952197,45.4741791],[9.1953101,45.474167],[9.1953648,45.4741617],[9.1954028,45.4743583],[9.1955857,45.4743369],[9.1955982,45.4743993],[9.1957264,45.4750427],[9.1957652,45.4751364],[9.1962685,45.4750298],[9.1963149,45.4750211],[9.1965228,45.474982],[9.1964897,45.4748823],[9.1966155,45.4748554],[9.1966817,45.4748406],[9.1962266,45.4741071],[9.1963048,45.4740756],[9.1968825,45.4740238],[9.1968894,45.4740689],[9.1970116,45.4748714],[9.1968057,45.4748854],[9.1968962,45.4753063]]]},"properties":{"sources":[{"property":"","dataset":"OpenStreetMap","license":"ODbL-1.0","record_id":"w503885994@12","update_time":"2025-10-18T14:45:01.000Z","confidence":null,"between":null,"provider":"osm","resource":"planet","version":"2026-07-26T00:00:00.000Z"}],"source_tags":[["landuse","commercial"]],"subtype":"developed","class":"commercial","version":0}},
{"id":"b87557de-8600-3e17-ac63-2690dcdf336a","type":"Feature","geometry":{"type":"Polygon","coordinates":[[[9.1944986,45.4756238],[9.1944395,45.4756277],[9.1941672,45.4753214],[9.1942444,45.4752811],[9.1943479,45.4752477],[9.1944057,45.4752393],[9.1944825,45.47523],[9.1945536,45.4752298],[9.1945839,45.4752431],[9.1946162,45.4752461],[9.1945571,45.47562],[9.1944986,45.4756238]],[[9.1942915,45.4753223],[9.1944215,45.475478],[9.1945168,45.4754606],[9.1945422,45.4752814],[9.1944457,45.4752833],[9.1943666,45.4752969],[9.1942915,45.4753223]]]},"properties":{"sources":[{"property":"","dataset":"OpenStreetMap","license":"ODbL-1.0","record_id":"r6213417@4","update_time":"2025-12-27T10:17:19.000Z","confidence":null,"between":null,"provider":"osm","resource":"planet","version":"2026-07-26T00:00:00.000Z"}],"names":{"primary":"Largo Guido Donegani","common":null,"rules":null},"wikidata":"Q106434474","source_tags":[["highway","pedestrian"],["lit","yes"],["surface","paved"],["type","multipolygon"]],"subtype":"pedestrian","class":"pedestrian","surface":"paved","version":1}},
{"id":"273b800c-e758-3d96-a83c-6054fc362ef4","type":"Feature","geometry":{"type":"Polygon","coordinates":[[[9.1946336,45.4747008],[9.1945683,45.4750638],[9.1945607,45.4751063],[9.1945571,45.4751331],[9.1945638,45.475133],[9.1945536,45.4752298],[9.1944825,45.47523],[9.1944078,45.4752363],[9.1943479,45.4752477],[9.1942444,45.4752811],[9.1940219,45.4753747],[9.1941694,45.4755325],[9.1943345,45.4757055],[9.194281,45.475814],[9.1939721,45.4758766],[9.1939379,45.4757948],[9.1939181,45.4757242],[9.1938878,45.4757093],[9.1938715,45.4756642],[9.1938119,45.475676],[9.1936845,45.4756992],[9.1936598,45.4757037],[9.1936158,45.4757104],[9.1935213,45.4757307],[9.1934237,45.4757491],[9.1934146,45.4757106],[9.1934132,45.4756983],[9.1933982,45.4756282],[9.193381,45.4755528],[9.1933532,45.4754351],[9.1933473,45.4753873],[9.1933229,45.4752899],[9.1933035,45.4752034],[9.1932407,45.4752091],[9.1931667,45.4752177],[9.1930862,45.4752251],[9.1930327,45.4752297],[9.1929807,45.4749814],[9.1929571,45.47486],[9.1929559,45.4748168],[9.1935603,45.4747527],[9.1946766,45.4746407],[9.1946336,45.4747008]]]},"properties":{"sources":[{"property":"","dataset":"OpenStreetMap","license":"ODbL-1.0","record_id":"w504029911@4","update_time":"2025-10-25T13:52:30.000Z","confidence":null,"between":null,"provider":"osm","resource":"planet","version":"2026-07-26T00:00:00.000Z"}],"source_tags":[["landuse","commercial"]],"subtype":"developed","class":"commercial","version":0}},
{"id":"d6daee6e-6a9d-364e-8612-f820ec77e08e","type":"Feature","geometry":{"type":"Polygon","coordinates":[[[9.1918388,45.4760994],[9.1916149,45.4749656],[9.1912415,45.4731051],[9.1927677,45.4728481],[9.1941299,45.4725913],[9.1941431,45.4726631],[9.1941886,45.4727844],[9.1942799,45.4730037],[9.1947141,45.4730255],[9.1948877,45.4730382],[9.1950226,45.4730567],[9.1948006,45.4745111],[9.1946578,45.4745054],[9.194617,45.4745083],[9.1946076,45.4745644],[9.194313,45.4745972],[9.1942067,45.4746082],[9.1941969,45.4745611],[9.1938204,45.4746035],[9.1938306,45.4746501],[9.1936843,45.4746658],[9.1929897,45.4747015],[9.1929571,45.47486],[9.1929807,45.4749814],[9.1930327,45.4752297],[9.1930862,45.4752251],[9.1931667,45.4752177],[9.1932407,45.4752091],[9.1933035,45.4752034],[9.1933229,45.4752899],[9.1933473,45.4753873],[9.1933532,45.4754351],[9.193381,45.4755528],[9.1933982,45.4756282],[9.1934132,45.4756983],[9.1934146,45.4757106],[9.1934237,45.4757491],[9.1935213,45.4757307],[9.1936158,45.4757104],[9.1936598,45.4757037],[9.1936845,45.4756992],[9.1938119,45.475676],[9.1938715,45.4756642],[9.1938878,45.4757093],[9.1939181,45.4757242],[9.1939379,45.4757948],[9.1939721,45.4758766],[9.1937226,45.4759227],[9.1934391,45.4759763],[9.1930169,45.4760523],[9.1929874,45.4760574],[9.1918467,45.4763106],[9.1918388,45.4760994]]]},"properties":{"sources":[{"property":"","dataset":"OpenStreetMap","license":"ODbL-1.0","record_id":"r14982713@1","update_time":"2025-10-18T15:17:08.000Z","confidence":null,"between":null,"provider":"osm","resource":"planet","version":"2026-07-26T00:00:00.000Z"}],"source_tags":[["landuse","residential"],["type","multipolygon"]],"subtype":"residential","class":"residential","version":1}},
{"id":"35aa4126-4bf5-301a-8082-318fc67bfa15","type":"Feature","geometry":{"type":"Polygon","coordinates":[[[9.1949695,45.4742031],[9.1948573,45.4742253],[9.1949611,45.4735967],[9.1950694,45.4735643],[9.1952384,45.4735172],[9.1952772,45.4735057],[9.19541,45.4734713],[9.1953258,45.4732962],[9.1954595,45.4732628],[9.1954718,45.4732599],[9.1956056,45.4732288],[9.1957321,45.4731787],[9.1958265,45.4733261],[9.1962346,45.4739656],[9.1963048,45.4740756],[9.1962266,45.4741071],[9.1966817,45.4748406],[9.1966155,45.4748554],[9.1964897,45.4748823],[9.1965228,45.474982],[9.1963149,45.4750211],[9.1962685,45.4750298],[9.1957652,45.4751364],[9.1957264,45.4750427],[9.1955982,45.4743993],[9.1955857,45.4743369],[9.1954028,45.4743583],[9.1953648,45.4741617],[9.1953101,45.474167],[9.1952197,45.4741791],[9.1951309,45.4741897],[9.19508,45.474194],[9.1949695,45.4742031]]]},"properties":{"sources":[{"property":"","dataset":"OpenStreetMap","license":"ODbL-1.0","record_id":"w503885995@5","update_time":"2025-10-18T14:45:01.000Z","confidence":null,"between":null,"provider":"osm","resource":"planet","version":"2026-07-26T00:00:00.000Z"}],"source_tags":[["landuse","residential"]],"subtype":"residential","class":"residential","version":0}},
{"id":"2a126705-a387-3c09-8164-3101191bed20","type":"Feature","geometry":{"type":"Polygon","coordinates":[[[9.1957321,45.4731787],[9.1956056,45.4732288],[9.1954718,45.4732599],[9.1954595,45.4732628],[9.1953258,45.4732962],[9.19541,45.4734713],[9.1952772,45.4735057],[9.1952384,45.4735172],[9.1950694,45.4735643],[9.1949611,45.4735967],[9.1950516,45.4729745],[9.1950729,45.4729194],[9.1951971,45.4729015],[9.1955053,45.4728735],[9.1955715,45.4729528],[9.1957253,45.4731581],[9.1957321,45.4731787]]]},"properties":{"sources":[{"property":"","dataset":"OpenStreetMap","license":"ODbL-1.0","record_id":"w503885996@1","update_time":"2025-11-11T21:25:18.000Z","confidence":null,"between":null,"provider":"osm","resource":"planet","version":"2026-07-26T00:00:00.000Z"}],"source_tags":[["landuse","commercial"]],"subtype":"developed","class":"commercial","version":0}},
{"id":"9e91e1df-1e0d-392c-a8e4-d8cfc041066b","type":"Feature","geometry":{"type":"Polygon","coordinates":[[[9.1948877,45.4730382],[9.1947141,45.4730255],[9.1942799,45.4730037],[9.1941886,45.4727844],[9.1941431,45.4726631],[9.1941299,45.4725913],[9.1948802,45.4724475],[9.1950428,45.4726549],[9.1950544,45.4729137],[9.195034,45.4729751],[9.1950226,45.4730567],[9.1948877,45.4730382]]]},"properties":{"sources":[{"property":"","dataset":"OpenStreetMap","license":"ODbL-1.0","record_id":"w504029910@1","update_time":"2025-10-18T14:45:01.000Z","confidence":null,"between":null,"provider":"osm","resource":"planet","version":"2026-07-26T00:00:00.000Z"}],"source_tags":[["landuse","commercial"]],"subtype":"developed","class":"commercial","version":0}},
{"id":"2977057d-9e6b-3f6f-860c-ad028a290d5d","type":"Feature","geometry":{"type":"Polygon","coordinates":[[[9.1951134,45.4728058],[9.1951094,45.472793],[9.1951074,45.4727802],[9.1951074,45.4727667],[9.1951091,45.4727534],[9.1951309,45.4726175],[9.1951323,45.4726073],[9.1951333,45.472597],[9.1951338,45.4725867],[9.1951346,45.4725324],[9.1951487,45.4725324],[9.1951685,45.4725326],[9.1951657,45.4725499],[9.1951325,45.4727566],[9.1951295,45.4727694],[9.1951255,45.4727818],[9.1951202,45.472794],[9.1951134,45.4728058]]]},"properties":{"sources":[{"property":"","dataset":"OpenStreetMap","license":"ODbL-1.0","record_id":"w1463770907@2","update_time":"2026-04-12T09:47:45.000Z","confidence":null,"between":null,"provider":"osm","resource":"planet","version":"2026-07-26T00:00:00.000Z"}],"source_tags":[["area","yes"],["highway","pedestrian"],["surface","paving_stones"]],"subtype":"pedestrian","class":"pedestrian","surface":"paving_stones","version":1}},
{"id":"5a3c2553-7c8d-3ece-b27c-b56c67d42d06","type":"Feature","geometry":{"type":"Polygon","coordinates":[[[9.1951737,45.4728412],[9.195184,45.4728276],[9.1951919,45.4728127],[9.1951976,45.4727976],[9.1952013,45.472782],[9.1952382,45.4725521],[9.1952427,45.4725243],[9.1953188,45.4725318],[9.19536,45.472562],[9.1953617,45.4725917],[9.1953712,45.4727665],[9.1953709,45.472781],[9.1953688,45.4727956],[9.1953619,45.4728105],[9.1953509,45.4728239],[9.1953375,45.4728349],[9.1953211,45.4728429],[9.1953027,45.4728483],[9.1952836,45.4728518],[9.1952293,45.4728583],[9.1952076,45.4728585],[9.1952032,45.4728585],[9.1951775,45.472854],[9.1951727,45.472852],[9.1951709,45.4728483],[9.1951716,45.4728445],[9.1951737,45.4728412]]]},"properties":{"sources":[{"property":"","dataset":"OpenStreetMap","license":"ODbL-1.0","record_id":"w1463770908@3","update_time":"2026-04-12T18:12:09.000Z","confidence":null,"between":null,"provider":"osm","resource":"planet","version":"2026-07-26T00:00:00.000Z"}],"source_tags":[["area","yes"],["highway","pedestrian"],["surface","paving_stones"]],"subtype":"pedestrian","class":"pedestrian","surface":"paving_stones","version":1}},
{"id":"44413bb5-1e9d-33f1-a0ad-4d6b0207b7d8","type":"Feature","geometry":{"type":"Polygon","coordinates":[[[9.1955179,45.472872],[9.195508,45.4728485],[9.1954991,45.4728243],[9.1954923,45.4728001],[9.1954868,45.4727761],[9.1954831,45.4727521],[9.1954657,45.4725998],[9.1954617,45.4725651],[9.1954709,45.4725622],[9.195491,45.4725715],[9.1956249,45.472632],[9.195635,45.4726369],[9.1956449,45.472642],[9.1956541,45.4726473],[9.1956628,45.4726533],[9.1957033,45.4726859],[9.1957115,45.4726937],[9.1957164,45.4726997],[9.1957183,45.4727048],[9.195719,45.4727101],[9.1957213,45.4727224],[9.1957246,45.4727346],[9.1957297,45.472747],[9.1957365,45.4727586],[9.1957454,45.4727698],[9.1957565,45.4727798],[9.195769,45.4727896],[9.195782,45.4727988],[9.195795,45.4728065],[9.1958087,45.4728137],[9.1958231,45.4728207],[9.1958379,45.4728273],[9.1958527,45.4728334],[9.1958679,45.4728393],[9.1958983,45.4728501],[9.1959285,45.4728594],[9.1959593,45.4728682],[9.1959908,45.472876],[9.1960223,45.4728831],[9.1960544,45.4728893],[9.1960865,45.4728947],[9.1961189,45.4728989],[9.1961508,45.472902],[9.1961589,45.4729033],[9.1961661,45.472906],[9.1961722,45.4729098],[9.196176,45.4729149],[9.1961786,45.4729207],[9.1961805,45.4729278],[9.1961827,45.4729407],[9.1961839,45.4729545],[9.1961836,45.4729679],[9.1961826,45.4729812],[9.196179,45.4729952],[9.1961715,45.4730081],[9.1961608,45.4730195],[9.196148,45.4730284],[9.1961309,45.4730133],[9.1958345,45.4731753],[9.1958323,45.473201],[9.1957841,45.4732273],[9.1957818,45.4732285],[9.1957763,45.4732311],[9.1957706,45.4732326],[9.1957641,45.4732331],[9.1957577,45.4732325],[9.1957516,45.4732309],[9.1957468,45.4732281],[9.195743,45.4732247],[9.1957399,45.4732209],[9.1957231,45.4731954],[9.195739,45.473167],[9.1955847,45.4729324],[9.1955563,45.472942],[9.1955402,45.4729128],[9.1955291,45.4728956],[9.1955179,45.472872]],[[9.1955209,45.4727481],[9.1955223,45.4728179],[9.1956442,45.4728167],[9.1956428,45.4727469],[9.1955209,45.4727481]],[[9.1956621,45.4728637],[9.1956635,45.4728728],[9.1956656,45.4728823],[9.1956684,45.4728918],[9.1956719,45.472901],[9.195676,45.4729102],[9.1956808,45.472919],[9.195686,45.4729279],[9.1958111,45.4731182],[9.1958155,45.4731239],[9.1958216,45.4731288],[9.1958296,45.4731329],[9.1958388,45.4731354],[9.1958485,45.4731364],[9.1958584,45.4731358],[9.1958677,45.4731335],[9.1958761,45.4731297],[9.1960568,45.4730309],[9.1960648,45.4730262],[9.1960725,45.4730214],[9.1960795,45.473016200000004],[9.1960856,45.4730105],[9.1960909,45.4730042],[9.1960953,45.4729979],[9.1960992,45.4729912],[9.1961024,45.4729845],[9.1961241,45.4729358],[9.1961256,45.4729306],[9.1961262,45.4729255],[9.1961255,45.4729203],[9.1961226,45.4729158],[9.1961183,45.472912],[9.1961126,45.4729089],[9.1961061,45.4729068],[9.1960987,45.4729055],[9.1960691,45.4729009],[9.1960399,45.4728959],[9.1960107,45.4728903],[9.1959806,45.4728835],[9.1959511,45.472876],[9.1959233,45.472868],[9.1958951,45.4728594],[9.1958669,45.4728495],[9.1958386,45.4728384],[9.1958115,45.4728265],[9.1957854,45.4728129],[9.1957617,45.4727981],[9.1957379,45.4727796],[9.1957212,45.4727583],[9.195711,45.4727354],[9.1957062,45.4727121],[9.1957048,45.4727065],[9.1957007,45.4727015],[9.1956945,45.4726979],[9.1956868,45.472696],[9.1956787,45.472696],[9.1956711,45.472698],[9.1956649,45.4727017],[9.1956609,45.4727066],[9.1956595,45.4727122],[9.1956615,45.4728546],[9.1956621,45.4728637]]]},"properties":{"sources":[{"property":"","dataset":"OpenStreetMap","license":"ODbL-1.0","record_id":"r20041009@2","update_time":"2026-04-12T18:12:09.000Z","confidence":null,"between":null,"provider":"osm","resource":"planet","version":"2026-07-26T00:00:00.000Z"}],"source_tags":[["area","yes"],["highway","pedestrian"],["surface","asphalt"],["type","multipolygon"]],"subtype":"pedestrian","class":"pedestrian","surface":"asphalt","version":2}},
{"id":"cce1d6ff-26f0-3ce7-ae1e-9fad221bd599","type":"Feature","geometry":{"type":"Polygon","coordinates":[[[9.1952073,45.4723471],[9.1952105,45.4723455],[9.1952146,45.4723443],[9.1952188,45.4723437],[9.1952233,45.4723438],[9.1952274,45.4723444],[9.1952313,45.4723454],[9.1952347,45.4723473],[9.1952376,45.4723496],[9.1952434,45.4723548],[9.195351,45.4724511],[9.1953536,45.4724536],[9.1953556,45.4724563],[9.1953571,45.4724596],[9.1953573,45.4724629],[9.1953562,45.4724658],[9.1953539,45.4724684],[9.195351,45.4724706],[9.1953475,45.4724726],[9.1952264,45.4723642],[9.1952073,45.4723471]]]},"properties":{"sources":[{"property":"","dataset":"OpenStreetMap","license":"ODbL-1.0","record_id":"w1463770910@1","update_time":"2026-01-02T19:38:40.000Z","confidence":null,"between":null,"provider":"osm","resource":"planet","version":"2026-07-26T00:00:00.000Z"}],"source_tags":[["area","yes"],["highway","pedestrian"]],"subtype":"pedestrian","class":"pedestrian","version":0}},
{"id":"b1187ad6-a91e-3a47-bed2-39b816e2cf4d","type":"Feature","geometry":{"type":"Polygon","coordinates":[[[9.1955559,45.4725426],[9.1955578,45.4725444],[9.1955591,45.4725465],[9.1955593,45.4725488],[9.1955581,45.4725509],[9.1955556,45.4725523],[9.1955523,45.472553],[9.1955489,45.4725528],[9.1955456,45.4725519],[9.1954874,45.47253],[9.1954564,45.4725183],[9.1954516,45.4724759],[9.1954515,45.472474],[9.195452,45.4724722],[9.1954534,45.4724705],[9.1954557,45.4724695],[9.1954587,45.4724695],[9.1954614,45.4724702],[9.1954639,45.4724714],[9.1954661,45.472473],[9.1954829,45.472486],[9.1955559,45.4725426]]]},"properties":{"sources":[{"property":"","dataset":"OpenStreetMap","license":"ODbL-1.0","record_id":"w1463770911@2","update_time":"2026-04-12T10:18:31.000Z","confidence":null,"between":null,"provider":"osm","resource":"planet","version":"2026-07-26T00:00:00.000Z"}],"source_tags":[["area","yes"],["highway","pedestrian"],["surface","asphalt"]],"subtype":"pedestrian","class":"pedestrian","surface":"asphalt","version":1}},
{"id":"5d446204-2a88-3dd8-a2a9-43389bd9896c","type":"Feature","geometry":{"type":"Polygon","coordinates":[[[9.194962,45.4724808],[9.1949937,45.4724614],[9.1950111,45.47246],[9.1950182,45.4724658],[9.195019,45.4724815],[9.1950218,45.4725384],[9.1950214,45.4725408],[9.1950199,45.4725432],[9.1950174,45.4725448],[9.1950143,45.4725456],[9.1950108,45.4725455],[9.1950076,45.4725445],[9.1950056,45.4725427],[9.1950037,45.4725407],[9.1949789,45.472505],[9.194962,45.4724808]]]},"properties":{"sources":[{"property":"","dataset":"OpenStreetMap","license":"ODbL-1.0","record_id":"w1463770906@2","update_time":"2026-04-12T09:54:43.000Z","confidence":null,"between":null,"provider":"osm","resource":"planet","version":"2026-07-26T00:00:00.000Z"}],"source_tags":[["area","yes"],["highway","pedestrian"],["lit","yes"]],"subtype":"pedestrian","class":"pedestrian","version":1}},
{"id":"165bb379-a6cc-3745-bf2e-fc7f48a8ea47","type":"Feature","geometry":{"type":"Polygon","coordinates":[[[9.1950931,45.4724518],[9.195092,45.472436],[9.1950902,45.4724109],[9.1950903,45.4724073],[9.1950918,45.4724042],[9.195095,45.4724015],[9.1950984,45.4723992],[9.1951303,45.4723796],[9.1951402,45.4723877],[9.1951468,45.4724029],[9.1951539,45.4724189],[9.1951362,45.4724326],[9.1951072,45.4724552],[9.1951028,45.4724568],[9.195098,45.4724566],[9.1950943,45.4724546],[9.1950931,45.4724518]]]},"properties":{"sources":[{"property":"","dataset":"OpenStreetMap","license":"ODbL-1.0","record_id":"w1463770909@1","update_time":"2026-01-02T19:38:40.000Z","confidence":null,"between":null,"provider":"osm","resource":"planet","version":"2026-07-26T00:00:00.000Z"}],"source_tags":[["area","yes"],["highway","pedestrian"]],"subtype":"pedestrian","class":"pedestrian","version":0}},
{"id":"15bb0c0e-1377-3cb6-b58e-38daab28bb01","type":"Feature","geometry":{"type":"Polygon","coordinates":[[[9.1927843,45.4700676],[9.1925121,45.4702688],[9.1922311,45.4704211],[9.1920025,45.4702885],[9.191815,45.4704568],[9.1918598,45.4704826],[9.191906,45.4705089],[9.1918621,45.4705465],[9.1919199,45.4705767],[9.191968,45.4705801],[9.1920717,45.4706345],[9.192055,45.4706526],[9.1921312,45.4706941],[9.1922404,45.4706564],[9.1923672,45.4706193],[9.1924465,45.4707584],[9.1925979,45.4710901],[9.1926227,45.4711586],[9.1927574,45.4711023],[9.1933646,45.4708148],[9.1934763,45.470763],[9.1938348,45.4711148],[9.1939975,45.471264],[9.1944914,45.4717026],[9.1947574,45.4719391],[9.1947654,45.4721825],[9.1948378,45.4722473],[9.195117,45.4722986],[9.1950628,45.4723445],[9.1948796,45.4724357],[9.1926262,45.4728586],[9.1921162,45.4729429],[9.1913516,45.4730575],[9.1911332,45.4730969],[9.1904522,45.4732206],[9.1903835,45.4732274],[9.1903168,45.4732257],[9.1902379,45.4732197],[9.1894978,45.4731198],[9.1893656,45.4731032],[9.1884219,45.4729905],[9.1878306,45.4729395],[9.1874152,45.4729051],[9.1874758,45.4726247],[9.1875443,45.4722972],[9.1877087,45.471544],[9.1877141,45.4714533],[9.1876244,45.4712519],[9.1876165,45.4709862],[9.1876868,45.4705987],[9.187927,45.469981],[9.188234,45.4691703],[9.1891717,45.4692606],[9.1899829,45.4693347],[9.190134,45.4687339],[9.1901666,45.4686899],[9.1900793,45.4686335],[9.190044,45.4686154],[9.188763,45.4683317],[9.1888637,45.4682604],[9.1895152,45.4677989],[9.1895326,45.4677866],[9.1899042,45.4675251],[9.1899927,45.4674551],[9.1900594,45.4675084],[9.1903727,45.4677969],[9.1905626,45.4679725],[9.1908986,45.4682956],[9.1910524,45.4684445],[9.1913346,45.4687178],[9.1913529,45.4687355],[9.1915846,45.4689728],[9.1916592,45.4690506],[9.1916787,45.469071],[9.191947,45.4693162],[9.1920344,45.4693915],[9.1922627,45.4695881],[9.1924608,45.4697619],[9.1926966,45.4699713],[9.1927205,45.4699997],[9.1927843,45.4700676]]]},"properties":{"sources":[{"property":"","dataset":"OpenStreetMap","license":"ODbL-1.0","record_id":"w888993335@12","update_time":"2026-04-15T16:10:53.000Z","confidence":null,"between":null,"provider":"osm","resource":"planet","version":"2026-07-26T00:00:00.000Z"}],"source_tags":[["landuse","residential"]],"subtype":"residential","class":"residential","version":1}},
{"id":"695d39fc-9571-394a-ba00-bae2489def8a","type":"Feature","geometry":{"type":"Polygon","coordinates":[[[9.1982089,45.469786],[9.1978416,45.4700719],[9.1975658,45.4703145],[9.1972406,45.4705912],[9.1963065,45.4713533],[9.195837,45.4717377],[9.1952978,45.4721627],[9.1952593,45.4722002],[9.195147,45.4722537],[9.1951224,45.4720894],[9.1950531,45.4720282],[9.1947713,45.4719407],[9.1944987,45.4716989],[9.1941135,45.4713454],[9.1940011,45.4712586],[9.1938411,45.4711117],[9.1934884,45.470761],[9.1932464,45.4705135],[9.1928839,45.4701591],[9.1927917,45.4700641],[9.1928948,45.4699971],[9.1934363,45.4696642],[9.1938334,45.4694154],[9.19434,45.469004],[9.1952803,45.4682011],[9.1953147,45.4681706],[9.1953673,45.4681994],[9.1958015,45.4684395],[9.1976785,45.469471],[9.1982089,45.469786]]]},"properties":{"sources":[{"property":"","dataset":"OpenStreetMap","license":"ODbL-1.0","record_id":"w873102877@5","update_time":"2026-04-15T16:12:58.000Z","confidence":null,"between":null,"provider":"osm","resource":"planet","version":"2026-07-26T00:00:00.000Z"}],"source_tags":[["landuse","residential"]],"subtype":"residential","class":"residential","version":1}},
{"id":"2604f2ec-e775-36d4-a320-30e96d96a7d2","type":"Feature","geometry":{"type":"Polygon","coordinates":[[[9.2024371,45.471868],[9.2013595,45.4724091],[9.2010806,45.4725238],[9.200731,45.4726464],[9.2007146,45.4725649],[9.200662,45.4725367],[9.2006588,45.4724385],[9.2005548,45.4723671],[9.2005272,45.4723235],[9.2000108,45.4716239],[9.199814,45.4713809],[9.1997407,45.4713057],[9.199677,45.4712622],[9.1998859,45.4708986],[9.2001323,45.4703677],[9.2002414,45.4701651],[9.2003149,45.4701015],[9.200423,45.4700307],[9.2010725,45.4705999],[9.2009562,45.4706765],[9.2007924,45.4707528],[9.2007891,45.4707495],[9.2006824,45.4708001],[9.200602,45.4708355],[9.2003907,45.4709292],[9.2001586,45.4710511],[9.2002352,45.4711524],[9.2003128,45.4712488],[9.2005176,45.4711557],[9.200636,45.4711023],[9.2006699,45.4711461],[9.2008032,45.4710858],[9.2007633,45.4710408],[9.201143,45.4708605],[9.2012805,45.4707919],[9.2018531,45.4713213],[9.202353,45.4717841],[9.2024371,45.471868]]]},"properties":{"sources":[{"property":"","dataset":"OpenStreetMap","license":"ODbL-1.0","record_id":"w873110699@4","update_time":"2026-01-04T22:44:31.000Z","confidence":null,"between":null,"provider":"osm","resource":"planet","version":"2026-07-26T00:00:00.000Z"}],"source_tags":[["landuse","residential"]],"subtype":"residential","class":"residential","version":0}},
{"id":"8e1aaa83-ea2d-30f9-8afa-172c35251a7f","type":"Feature","geometry":{"type":"Polygon","coordinates":[[[9.2045996,45.4723726],[9.2044968,45.4723213],[9.2046324,45.4722315],[9.2046601,45.4721432],[9.2047791,45.4720463],[9.2048799,45.4719847],[9.204949299999999,45.4720248],[9.2049785,45.4720305],[9.2051766,45.4720376],[9.2051697,45.472073],[9.2051333,45.4722606],[9.2050952,45.4724573],[9.2048616,45.4725921],[9.2048533,45.472585],[9.2047629,45.4724966],[9.2046586,45.4724119],[9.2046457,45.4724123],[9.2045996,45.4723726]]]},"properties":{"sources":[{"property":"","dataset":"OpenStreetMap","license":"ODbL-1.0","record_id":"w425712053@4","update_time":"2025-09-23T14:00:45.000Z","confidence":null,"between":null,"provider":"osm","resource":"planet","version":"2026-07-26T00:00:00.000Z"}],"names":{"primary":"Scuola Europa","common":null,"rules":null},"wikidata":"Q115169614","source_tags":[["amenity","school"],["email","info@scuolaeuropa.it"],["phone","+39 02 76007804"],["website","http://www.scuolaeuropa.it/"]],"subtype":"education","class":"school","version":0}},
{"id":"479f02ab-973f-3104-a767-349939e3158a","type":"Feature","geometry":{"type":"Polygon","coordinates":[[[9.2055056,45.472271],[9.2055126,45.4728171],[9.2054756,45.4728176],[9.2054734,45.4726313],[9.2054719,45.4726232],[9.2054668,45.4726159],[9.2054586,45.4726101],[9.2054483,45.4726064],[9.2054368,45.4726053],[9.2054253,45.4726067],[9.2054151,45.4726107],[9.2054073,45.4726167],[9.2054026,45.4726242],[9.2054016,45.4726323],[9.2054061,45.4728184],[9.2053727,45.4728188],[9.2053709,45.4727533],[9.2053688,45.4727082],[9.2053662,45.4726687],[9.2053405,45.4723858],[9.2053356,45.4723258],[9.2053335,45.4722757],[9.2055056,45.472271]]]},"properties":{"sources":[{"property":"","dataset":"OpenStreetMap","license":"ODbL-1.0","record_id":"w1373690497@1","update_time":"2025-12-07T15:31:03.000Z","confidence":null,"between":null,"provider":"osm","resource":"planet","version":"2026-07-26T00:00:00.000Z"}],"source_tags":[["landuse","grass"]],"subtype":"managed","class":"grass","version":0}},
{"id":"764d7ee7-a640-3563-97be-4813c442cce4","type":"Feature","geometry":{"type":"Polygon","coordinates":[[[9.2056824,45.470724],[9.2060097,45.4706864],[9.2066212,45.4707183],[9.2065256,45.4719007],[9.2063342,45.4737669],[9.2063127,45.4738422],[9.2062806,45.4738948],[9.2062135,45.4739531],[9.2061035,45.474019],[9.2057843,45.4741769],[9.2051513,45.4744892],[9.2049124,45.4742465],[9.205296,45.4740472],[9.2054033,45.4739701],[9.2054944,45.4738384],[9.20554,45.4736437],[9.2055722,45.4734387],[9.2055803,45.4719061],[9.2055883,45.4717838],[9.2056688,45.4708018],[9.2056824,45.470724]]]},"properties":{"sources":[{"property":"","dataset":"OpenStreetMap","license":"ODbL-1.0","record_id":"w561800533@1","update_time":"2018-02-16T14:29:58.000Z","confidence":null,"between":null,"provider":"osm","resource":"planet","version":"2026-07-26T00:00:00.000Z"}],"source_tags":[["landuse","residential"]],"subtype":"residential","class":"residential","version":0}},
{"id":"26cf6c05-d0fb-3777-8156-fac132dd9c8e","type":"Feature","geometry":{"type":"Polygon","coordinates":[[[9.205519,45.4717648],[9.2055094,45.471873],[9.2055048,45.4719418],[9.2055024,45.472003],[9.205503,45.4720658],[9.2055052,45.472236],[9.2053331,45.4722398],[9.2053333,45.4721731],[9.205337,45.4720804],[9.2053414,45.4719864],[9.2053457,45.4719083],[9.2053545,45.4717945],[9.2053571,45.4717602],[9.205519,45.4717648]]]},"properties":{"sources":[{"property":"","dataset":"OpenStreetMap","license":"ODbL-1.0","record_id":"w1373690496@1","update_time":"2025-04-01T13:13:32.000Z","confidence":null,"between":null,"provider":"osm","resource":"planet","version":"2026-07-26T00:00:00.000Z"}],"source_tags":[["landuse","grass"]],"subtype":"managed","class":"grass","version":0}},
{"id":"c0924c48-6a96-31c4-a232-67fabdb87eb7","type":"Feature","geometry":{"type":"Polygon","coordinates":[[[9.2053846,45.4732342],[9.2054257,45.4732339],[9.2054202,45.4729613],[9.205422,45.4729679],[9.2054269,45.4729737],[9.2054343,45.472978],[9.2054434,45.4729802],[9.2054529,45.4729801],[9.2054619,45.4729777],[9.2054692,45.4729734],[9.2054738,45.4729675],[9.2054754,45.4729609],[9.2054808,45.4732335],[9.205516,45.4732332],[9.2055163,45.4732997],[9.2055139,45.4733564],[9.2055107,45.4734073],[9.2055066,45.4734552],[9.2054993,45.4735052],[9.2054894,45.4735608],[9.2054766,45.473622],[9.2054631,45.4736793],[9.20545,45.4737264],[9.2054372,45.4737665],[9.2054194,45.4738103],[9.2054004,45.473848],[9.2053788,45.4738818],[9.2053525,45.4739149],[9.2053233,45.4739469],[9.20528,45.4739237],[9.2053035,45.4739077],[9.2053246,45.473891],[9.2053427,45.4738736],[9.2053625,45.4738489],[9.2053766,45.4738275],[9.2053866,45.473809],[9.205395,45.4737887],[9.2053994,45.473773],[9.2054017,45.4737551],[9.2054021,45.4737283],[9.2054004,45.4736785],[9.205397,45.4736082],[9.205393,45.4735306],[9.2053846,45.4732342]]]},"properties":{"sources":[{"property":"","dataset":"OpenStreetMap","license":"ODbL-1.0","record_id":"w1373690500@1","update_time":"2025-04-01T13:13:32.000Z","confidence":null,"between":null,"provider":"osm","resource":"planet","version":"2026-07-26T00:00:00.000Z"}],"source_tags":[["landuse","grass"]],"subtype":"managed","class":"grass","version":0}},
{"id":"1bdaa738-640f-340a-937d-15f72af84280","type":"Feature","geometry":{"type":"Polygon","coordinates":[[[9.2055126,45.4728171],[9.2055131,45.4728578],[9.2055047,45.4728631],[9.2054829,45.4728632],[9.205476,45.4728581],[9.2054756,45.4728176],[9.2055126,45.4728171]]]},"properties":{"sources":[{"property":"","dataset":"OpenStreetMap","license":"ODbL-1.0","record_id":"w1373690498@1","update_time":"2025-04-01T13:13:32.000Z","confidence":null,"between":null,"provider":"osm","resource":"planet","version":"2026-07-26T00:00:00.000Z"}],"source_tags":[["area","yes"],["highway","pedestrian"]],"subtype":"pedestrian","class":"pedestrian","version":0}},
{"id":"33421e81-f9ad-38ff-a34d-00e5a585831f","type":"Feature","geometry":{"type":"Polygon","coordinates":[[[9.2054061,45.4728184],[9.205407,45.4728575],[9.205399,45.4728638],[9.2053815,45.4728639],[9.2053739,45.472858],[9.2053727,45.4728188],[9.2054061,45.4728184]]]},"properties":{"sources":[{"property":"","dataset":"OpenStreetMap","license":"ODbL-1.0","record_id":"w1373690499@1","update_time":"2025-04-01T13:13:32.000Z","confidence":null,"between":null,"provider":"osm","resource":"planet","version":"2026-07-26T00:00:00.000Z"}],"source_tags":[["area","yes"],["highway","pedestrian"]],"subtype":"pedestrian","class":"pedestrian","version":0}},
{"id":"d8ae7d54-1700-3057-9354-4ffdfcaa9117","type":"Feature","geometry":{"type":"Polygon","coordinates":[[[9.2044789,45.4728314],[9.2044609,45.4728109],[9.2049953,45.4726099],[9.2050057,45.4726278],[9.2050343,45.4726696],[9.205074,45.4727254],[9.2050762,45.47279],[9.2050571,45.4728207],[9.2050335,45.4728325],[9.2050492,45.4728562],[9.2048278,45.4729358],[9.2048476,45.4729637],[9.2046786,45.4730085],[9.2045788,45.4729223],[9.2044789,45.4728314]]]},"properties":{"sources":[{"property":"","dataset":"OpenStreetMap","license":"ODbL-1.0","record_id":"w561800830@2","update_time":"2025-09-23T15:15:57.000Z","confidence":null,"between":null,"provider":"osm","resource":"planet","version":"2026-07-26T00:00:00.000Z"}],"source_tags":[["landuse","commercial"]],"subtype":"developed","class":"commercial","version":0}},
{"id":"25d26e58-ebf9-3f77-b027-ebe2778da789","type":"Feature","geometry":{"type":"Polygon","coordinates":[[[9.2050057,45.4726278],[9.2049953,45.4726099],[9.2051739,45.4725409],[9.2052574,45.4725021],[9.2052903,45.4724788],[9.2053181,45.473162],[9.2053356,45.4737684],[9.2053245,45.473809],[9.2053011,45.4738399],[9.2052514,45.4738757],[9.2050308,45.4740188],[9.2047854,45.4741358],[9.2037181,45.4730852],[9.2044609,45.4728109],[9.2044789,45.4728314],[9.2045788,45.4729223],[9.2046786,45.4730085],[9.2048476,45.4729637],[9.2048278,45.4729358],[9.2050492,45.4728562],[9.2050335,45.4728325],[9.2050571,45.4728207],[9.2050762,45.47279],[9.205074,45.4727254],[9.2050343,45.4726696],[9.2050057,45.4726278]]]},"properties":{"sources":[{"property":"","dataset":"OpenStreetMap","license":"ODbL-1.0","record_id":"w561800831@2","update_time":"2025-09-23T15:15:57.000Z","confidence":null,"between":null,"provider":"osm","resource":"planet","version":"2026-07-26T00:00:00.000Z"}],"source_tags":[["landuse","residential"]],"subtype":"residential","class":"residential","version":0}},
{"id":"4b53794a-3261-35e5-82ef-f0e1af6c0c95","type":"Feature","geometry":{"type":"Polygon","coordinates":[[[9.2019737,45.4736049],[9.2019281,45.4735993],[9.2018959,45.4735871],[9.2018798,45.4735683],[9.2018731,45.4735466],[9.2018758,45.4735297],[9.2018892,45.4735128],[9.2019053,45.4735053],[9.2018771,45.4735043],[9.2018422,45.4734968],[9.2018181,45.4734902],[9.201806,45.4734799],[9.201802,45.4734648],[9.2018087,45.4734517],[9.2018436,45.4734422],[9.2018677,45.4734394],[9.2019026,45.4734422],[9.2019415,45.4734573],[9.2019629,45.4734723],[9.201967,45.4734874],[9.2019509,45.4734977],[9.2019844,45.4735043],[9.2020139,45.4735259],[9.2020367,45.4735457],[9.2020474,45.4735711],[9.2020407,45.4735984],[9.2020126,45.4736078],[9.2019737,45.4736049]]]},"properties":{"sources":[{"property":"","dataset":"OpenStreetMap","license":"ODbL-1.0","record_id":"w779553636@4","update_time":"2023-10-01T10:52:11.000Z","confidence":null,"between":null,"provider":"osm","resource":"planet","version":"2026-07-26T00:00:00.000Z"}],"source_tags":[["access","yes"],["leisure","playground"]],"subtype":"recreation","class":"playground","version":0}},
{"id":"1f9fdb07-228e-34cd-9f6a-a939e9c4f955","type":"Feature","geometry":{"type":"Polygon","coordinates":[[[9.2004676,45.4729965],[9.2004971,45.4730228],[9.2005373,45.4730736],[9.2005575,45.4731375],[9.200532,45.4731601],[9.2004757,45.4731817],[9.2002302,45.4732306],[9.2001189,45.4732654],[9.1999513,45.4733388],[9.1998856,45.4733463],[9.1998252,45.47332],[9.1998011,45.4732805],[9.1997729,45.4732109],[9.1997649,45.4731789],[9.2000747,45.473019],[9.2002611,45.4729861],[9.2003845,45.472989],[9.2004408,45.4729711],[9.2004676,45.4729965]]]},"properties":{"sources":[{"property":"","dataset":"OpenStreetMap","license":"ODbL-1.0","record_id":"w779553638@1","update_time":"2020-03-09T11:42:31.000Z","confidence":null,"between":null,"provider":"osm","resource":"planet","version":"2026-07-26T00:00:00.000Z"}],"source_tags":[["leisure","dog_park"]],"subtype":"park","class":"dog_park","version":0}},
{"id":"af2439ac-08ba-3961-9c3f-37bcb1794fcc","type":"Feature","geometry":{"type":"Polygon","coordinates":[[[9.2015941,45.4732024],[9.2015633,45.4731968],[9.2015365,45.4731836],[9.2015284,45.4731658],[9.2015284,45.4731432],[9.2015338,45.4731263],[9.2015579,45.4731046],[9.2015928,45.4730924],[9.201633,45.4730905],[9.2016706,45.473098],[9.2016961,45.4731244],[9.2016987,45.4731601],[9.20168,45.473178],[9.2017095,45.4731799],[9.2017269,45.4731959],[9.2017189,45.4732194],[9.2017122,45.4732316],[9.2016867,45.4732457],[9.2016491,45.4732513],[9.2016263,45.4732466],[9.2016183,45.4732241],[9.2016303,45.4731977],[9.2015941,45.4732024]]]},"properties":{"sources":[{"property":"","dataset":"OpenStreetMap","license":"ODbL-1.0","record_id":"w779553637@4","update_time":"2023-10-01T10:52:11.000Z","confidence":null,"between":null,"provider":"osm","resource":"planet","version":"2026-07-26T00:00:00.000Z"}],"source_tags":[["access","yes"],["leisure","playground"]],"subtype":"recreation","class":"playground","version":0}},
{"id":"049df684-49cd-38aa-9396-9160ea8e1a24","type":"Feature","geometry":{"type":"Polygon","coordinates":[[[9.2036998,45.4730707],[9.202891,45.4722696],[9.2024775,45.471876],[9.2018529,45.471288],[9.2011298,45.4706169],[9.2016375,45.4702055],[9.2017183,45.4702352],[9.2018068,45.4702581],[9.202633,45.4703863],[9.2035819,45.4705279],[9.20373,45.4705778],[9.2052062,45.4706627],[9.2052678,45.4706573],[9.2053889,45.4706223],[9.2053582,45.4707935],[9.2053043,45.4715241],[9.2052774,45.4722456],[9.205287,45.4724547],[9.2052543,45.4724776],[9.2051543,45.4725275],[9.2036998,45.4730707]]]},"properties":{"sources":[{"property":"","dataset":"OpenStreetMap","license":"ODbL-1.0","record_id":"w561801372@1","update_time":"2018-02-16T14:35:25.000Z","confidence":null,"between":null,"provider":"osm","resource":"planet","version":"2026-07-26T00:00:00.000Z"}],"source_tags":[["landuse","residential"]],"subtype":"residential","class":"residential","version":0}},
{"id":"3f554b7e-4d3d-34b9-a71a-8243b89eda93","type":"Feature","geometry":{"type":"Polygon","coordinates":[[[9.1985353,45.4710901],[9.1990355,45.4712322],[9.1995998,45.4713844],[9.2005114,45.4726173],[9.2003655,45.4726581],[9.2002578,45.4726923],[9.2000656,45.4723861],[9.2000937,45.4723777],[9.2000235,45.4722699],[9.1999024,45.4723068],[9.1999299,45.4723473],[9.1998065,45.472384],[9.1997993,45.4723721],[9.1996077,45.4724299],[9.1996153,45.4724427],[9.1994925,45.4724795],[9.19947,45.4724386],[9.1993488,45.4724757],[9.1994139,45.4725832],[9.199197,45.4726475],[9.1987478,45.4727874],[9.1987646,45.4728123],[9.1987017,45.472825],[9.1987029,45.4728787],[9.1986553,45.4728801],[9.198648,45.4728057],[9.1983995,45.4728032],[9.1984034,45.4728559],[9.1983389,45.4728553],[9.1983399,45.4729267],[9.1982976,45.4729251],[9.1982452,45.4729232],[9.1982945,45.472451],[9.1983064,45.4723667],[9.1983407,45.4720584],[9.1984461,45.4712287],[9.1985353,45.4710901]]]},"properties":{"sources":[{"property":"","dataset":"OpenStreetMap","license":"ODbL-1.0","record_id":"w24293293@17","update_time":"2025-10-20T13:57:08.000Z","confidence":null,"between":null,"provider":"osm","resource":"planet","version":"2026-07-26T00:00:00.000Z"}],"names":{"primary":"Giardino della Villa Belgiojoso Bonaparte","common":null,"rules":null},"wikidata":"Q3763920","source_tags":[["leisure","park"],["note","Accesso consentito ai maggiori di 12 anni solo se accompagnati da minori di 12 anni"],["opening_hours","May-Oct: 9:00-19:00;Nov-Apr: 9:00-16:00"],["wikipedia","it:Giardino della Villa Belgiojoso Bonaparte"]],"subtype":"park","class":"park","version":0}},
{"id":"2c621b54-2e80-3a37-92ba-eddeaa6aa13c","type":"Feature","geometry":{"type":"Polygon","coordinates":[[[9.197288,45.4720249],[9.1970741,45.4718016],[9.1975965,45.471582],[9.1978761,45.4715049],[9.1979572,45.4716271],[9.1979867,45.4716191],[9.1980565,45.4717395],[9.1980156,45.4717569],[9.197976,45.4717165],[9.197288,45.4720249]]]},"properties":{"sources":[{"property":"","dataset":"OpenStreetMap","license":"ODbL-1.0","record_id":"w1147591964@3","update_time":"2023-06-24T14:38:40.000Z","confidence":null,"between":null,"provider":"osm","resource":"planet","version":"2026-07-26T00:00:00.000Z"}],"names":{"primary":"Piazzale Rodolfo Morandi","common":null,"rules":null},"wikidata":"Q106982673","source_tags":[["amenity","parking"],["capacity","98"],["parking","surface"],["place","square"],["surface","asphalt"]],"subtype":"pedestrian","class":"plaza","surface":"asphalt","version":0}},
{"id":"5a60f86c-b6de-3651-a560-6a38386a8eb1","type":"Feature","geometry":{"type":"Polygon","coordinates":[[[9.1986325,45.4745492],[9.198416,45.4745369],[9.1980139,45.4743943],[9.1978593,45.4741093],[9.1977533,45.4739637],[9.1978726,45.4737468],[9.1980184,45.4736291],[9.198173,45.4735764],[9.1983276,45.4735672],[9.1984292,45.4735857],[9.19854,45.4736559],[9.1986393,45.4738383],[9.1987787,45.4739738],[9.1990282,45.4740791],[9.1991355,45.4741242],[9.1991167,45.4742784],[9.1991194,45.4744233],[9.1986325,45.4745492]]]},"properties":{"sources":[{"property":"","dataset":"OpenStreetMap","license":"ODbL-1.0","record_id":"w285729899@3","update_time":"2021-10-10T15:33:16.000Z","confidence":null,"between":null,"provider":"osm","resource":"planet","version":"2026-07-26T00:00:00.000Z"}],"source_tags":[["leisure","dog_park"],["wheelchair","limited"]],"subtype":"park","class":"dog_park","version":0}},
{"id":"45cff3ce-c8cd-3dee-aca4-58dd6d90db75","type":"Feature","geometry":{"type":"Polygon","coordinates":[[[9.1967639,45.4729956],[9.1981735,45.473108],[9.1994405,45.4732248],[9.1995289,45.4732325],[9.1997245,45.4731869],[9.2000692,45.4730125],[9.2002557,45.4729754],[9.2003742,45.4729771],[9.2005041,45.4729358],[9.2007872,45.4727776],[9.2009626,45.4727068],[9.2011111,45.4726468],[9.2014327,45.4725149],[9.2021856,45.4721478],[9.2022928,45.4720934],[9.2023919,45.4721019],[9.2025072,45.4721264],[9.2029225,45.472534],[9.203126,45.4727288],[9.2035241,45.4731101],[9.2039711,45.4735557],[9.204116,45.4737002],[9.2041417,45.4737258],[9.2041687,45.4737527],[9.2036301,45.4740162],[9.2038963,45.4743068],[9.2040247,45.4742824],[9.2041296,45.4743978],[9.2040961,45.4744178],[9.2033634,45.4747271],[9.2029452,45.4749005],[9.2028095,45.4748366],[9.2027535,45.4748581],[9.202659,45.4749024],[9.2025659,45.4749984],[9.2008564,45.4757952],[9.2008027,45.4757845],[9.2007086,45.4758214],[9.200489,45.4759075],[9.1989297,45.4766342],[9.1988007,45.476841],[9.1985575,45.4769609],[9.1984707,45.476885],[9.1983704,45.4767986],[9.1982921,45.4767887],[9.1982244,45.4767839],[9.1980467,45.4768082],[9.1978439,45.4764921],[9.1975144,45.4759797],[9.1970609,45.4752305],[9.1968057,45.4748854],[9.1970116,45.4748714],[9.1968894,45.4740689],[9.1968825,45.4740238],[9.1963048,45.4740756],[9.1958265,45.4733261],[9.1959285,45.4732745],[9.1959808,45.4732585],[9.1960892,45.4732228],[9.1965669,45.4730654],[9.1966045,45.473053],[9.1967155,45.4730148],[9.1967639,45.4729956]]]},"properties":{"sources":[{"property":"","dataset":"OpenStreetMap","license":"ODbL-1.0","record_id":"w5110320@40","update_time":"2026-04-12T17:42:44.000Z","confidence":null,"between":null,"provider":"osm","resource":"planet","version":"2026-07-26T00:00:00.000Z"}],"names":{"primary":"Giardini pubblici Indro Montanelli","common":null,"rules":null},"wikidata":"Q169090","source_tags":[["leisure","park"],["loc_ref","235_0"],["opening_hours","Apr-Sep 06:00-24:00; Oct-Mar 06:00-22:00"],["source:loc_ref","SIT / Toponomastica Comune di Milano"],["wikipedia","it:Giardini pubblici Indro Montanelli"]],"subtype":"park","class":"park","version":2}},
{"id":"fc4caf71-f675-302a-8419-1f0a1f38f3ec","type":"Feature","geometry":{"type":"Polygon","coordinates":[[[9.199897,45.4754597],[9.1999198,45.4753843],[9.2000842,45.4753124],[9.2002243,45.4753306],[9.2004327,45.4752496],[9.2004555,45.475205],[9.2006069,45.4751399],[9.2006346,45.4751194],[9.2006541,45.4750954],[9.2007193,45.4750029],[9.2007356,45.4749869],[9.2007551,45.4749755],[9.2007812,45.4749687],[9.2012029,45.4748865],[9.2012404,45.474883],[9.2012843,45.4748865],[9.2013201,45.4748956],[9.2013527,45.4749116],[9.2013788,45.474931],[9.2013934,45.4749572],[9.2014032,45.4749869],[9.2014065,45.4750212],[9.2014032,45.4750554],[9.2013918,45.4750886],[9.201369,45.4751297],[9.201325,45.4751822],[9.2012778,45.4752313],[9.2012338,45.4752655],[9.2011866,45.4752929],[9.2007616,45.4755145],[9.2006655,45.4754996],[9.2004718,45.4755898],[9.2000191,45.4756161],[9.199897,45.4754597]]]},"properties":{"sources":[{"property":"","dataset":"OpenStreetMap","license":"ODbL-1.0","record_id":"w436615481@3","update_time":"2025-11-16T15:42:57.000Z","confidence":null,"between":null,"provider":"osm","resource":"planet","version":"2026-07-26T00:00:00.000Z"}],"names":{"primary":"Scuola Infanzia Porta Venezia","common":null,"rules":null},"source_tags":[["addr:city","Milano"],["addr:housenumber","9"],["addr:postcode","20121"],["addr:street","Bastioni di Porta Venezia"],["amenity","kindergarten"],["barrier","fence"],["education","kindergarten"]],"subtype":"education","class":"kindergarten","version":0}},
{"id":"4f81af7f-93fe-338b-a419-1f0b90bc6987","type":"Feature","geometry":{"type":"Polygon","coordinates":[[[9.1996025,45.4753436],[9.1995863,45.4753805],[9.1995543,45.4754119],[9.1995098,45.4754347],[9.1994544,45.4754467],[9.1993966,45.4754453],[9.1993427,45.4754304],[9.1992988,45.4754039],[9.19927,45.4753686],[9.1992594,45.4753287],[9.1992683,45.4752886],[9.1992957,45.4752528],[9.1993384,45.4752254],[9.1993917,45.4752094],[9.1994495,45.4752068],[9.1995027,45.4752168],[9.1995486,45.4752382],[9.1995826,45.4752686],[9.1996012,45.4753049],[9.1996025,45.4753436]]]},"properties":{"sources":[{"property":"","dataset":"OpenStreetMap","license":"ODbL-1.0","record_id":"w779553668@2","update_time":"2021-10-31T14:43:07.000Z","confidence":null,"between":null,"provider":"osm","resource":"planet","version":"2026-07-26T00:00:00.000Z"}],"source_tags":[["access","yes"],["leisure","playground"]],"subtype":"recreation","class":"playground","version":0}},
{"id":"a3c668dd-d4af-3453-91be-e2038df224d8","type":"Feature","geometry":{"type":"Polygon","coordinates":[[[9.1977647,45.4754751],[9.1978398,45.4754733],[9.1978478,45.4757102],[9.1977674,45.4757121],[9.1977647,45.4754751]]]},"properties":{"sources":[{"property":"","dataset":"OpenStreetMap","license":"ODbL-1.0","record_id":"w779553586@3","update_time":"2024-06-27T16:01:30.000Z","confidence":null,"between":null,"provider":"osm","resource":"planet","version":"2026-07-26T00:00:00.000Z"}],"source_tags":[["leisure","pitch"],["lit","no"],["sport","boules"],["surface","fine_gravel"]],"subtype":"recreation","class":"pitch","surface":"recreation_sand","version":0}},
{"id":"5b767eac-e1f3-325e-9d06-8c933f1f1ff0","type":"Feature","geometry":{"type":"Polygon","coordinates":[[[9.1979722,45.4760396],[9.1979709,45.4759878],[9.1979977,45.4759389],[9.1980245,45.4759211],[9.1980688,45.4759211],[9.1981358,45.4759446],[9.1981774,45.4760029],[9.1981828,45.476064],[9.1981398,45.4761129],[9.1980781,45.4761411],[9.198003,45.4761279],[9.1979735,45.4760885],[9.1979722,45.4760396]]]},"properties":{"sources":[{"property":"","dataset":"OpenStreetMap","license":"ODbL-1.0","record_id":"w779553664@2","update_time":"2022-02-27T09:29:27.000Z","confidence":null,"between":null,"provider":"osm","resource":"planet","version":"2026-07-26T00:00:00.000Z"}],"source_tags":[["access","yes"],["leisure","playground"]],"subtype":"recreation","class":"playground","version":0}},
{"id":"0f65e930-e97a-385d-b53e-b2cf2ab33f6e","type":"Feature","geometry":{"type":"Polygon","coordinates":[[[9.199323,45.4759246],[9.1993418,45.4759754],[9.199425,45.4760638],[9.1994437,45.4760939],[9.1994114,45.4761388],[9.1992305,45.476203],[9.1989979,45.4763247],[9.1988546,45.476369],[9.1987851,45.4763705],[9.1986981,45.4763723],[9.1986348,45.4762658],[9.1986048,45.4761234],[9.1986096,45.4759848],[9.1985844,45.4758725],[9.1984889,45.4754469],[9.1985693,45.4753322],[9.1986132,45.4753284],[9.1986766,45.4753228],[9.1989904,45.4757874],[9.1991192,45.4758739],[9.1992479,45.4759134],[9.199323,45.4759246]]]},"properties":{"sources":[{"property":"","dataset":"OpenStreetMap","license":"ODbL-1.0","record_id":"w779553587@4","update_time":"2026-04-12T20:29:54.000Z","confidence":null,"between":null,"provider":"osm","resource":"planet","version":"2026-07-26T00:00:00.000Z"}],"source_tags":[["barrier","fence"],["leisure","dog_park"],["wheelchair","yes"]],"subtype":"park","class":"dog_park","version":1}},
{"id":"ca5d391e-dc66-31a0-8895-1292c244a120","type":"Feature","geometry":{"type":"Polygon","coordinates":[[[9.1968515,45.477962],[9.196564,45.4776293],[9.1964297,45.4774982],[9.1963231,45.4774122],[9.1960763,45.4773135],[9.1960164,45.4772895],[9.1953729,45.476506],[9.1953574,45.476489],[9.1954234,45.4764599],[9.1955675,45.4763959],[9.1957221,45.4763283],[9.1957639,45.4763109],[9.1958754,45.4762604],[9.1960935,45.4764975],[9.1965571,45.4762823],[9.1969344,45.4766899],[9.1969857,45.476745],[9.1970788,45.4768423],[9.1978439,45.4764921],[9.1980467,45.4768082],[9.1982244,45.4767839],[9.1982921,45.4767887],[9.1983704,45.4767986],[9.1984707,45.476885],[9.1985556,45.4769956],[9.1985947,45.4770385],[9.1980234,45.4774146],[9.1977666,45.4775509],[9.1968515,45.477962]]]},"properties":{"sources":[{"property":"","dataset":"OpenStreetMap","license":"ODbL-1.0","record_id":"w503885991@6","update_time":"2026-04-12T17:42:44.000Z","confidence":null,"between":null,"provider":"osm","resource":"planet","version":"2026-07-26T00:00:00.000Z"}],"source_tags":[["landuse","residential"]],"subtype":"residential","class":"residential","version":1}},
{"id":"caf73a74-e962-3ec8-bf72-abcb20689893","type":"Feature","geometry":{"type":"Polygon","coordinates":[[[9.1982979,45.4778085],[9.1981958,45.4777212],[9.198157,45.4776812],[9.1981682,45.4775643],[9.1982782,45.4774568],[9.1985724,45.4772656],[9.198887,45.4771178],[9.1990168,45.4770715],[9.1992029,45.4770526],[9.1993566,45.4769126],[9.2007149,45.476283],[9.2010148,45.4761494],[9.2040331,45.4747483],[9.2040973,45.4747171],[9.2041695,45.4746873],[9.2043316,45.4747448],[9.2044038,45.4747788],[9.2035675,45.4751576],[9.2036269,45.4752516],[9.2045088,45.4748673],[9.2045788,45.47495],[9.2031158,45.4756155],[9.2012921,45.4764452],[9.2011394,45.4765159],[9.1982979,45.4778085]]]},"properties":{"sources":[{"property":"","dataset":"OpenStreetMap","license":"ODbL-1.0","record_id":"w41906328@16","update_time":"2026-04-12T17:10:13.000Z","confidence":null,"between":null,"provider":"osm","resource":"planet","version":"2026-07-26T00:00:00.000Z"}],"source_tags":[["leisure","park"]],"subtype":"park","class":"park","version":1}},
{"id":"d1d12d3d-5afd-3c3d-a95a-ba017f599890","type":"Feature","geometry":{"type":"Polygon","coordinates":[[[9.2027512,45.4785545],[9.2022753,45.4780453],[9.2011949,45.4768775],[9.201021,45.476677],[9.2009843,45.4766204],[9.2031307,45.4756404],[9.2040931,45.475199],[9.2046875,45.4749363],[9.2049622,45.4748555],[9.2052616,45.474756],[9.205646,45.4751362],[9.2070787,45.4764937],[9.2070158,45.4765274],[9.2069258,45.4765683],[9.2065354,45.4767525],[9.2065014,45.476793],[9.206478,45.4768252],[9.2064715,45.4768434],[9.2029593,45.4784576],[9.2027512,45.4785545]]]},"properties":{"sources":[{"property":"","dataset":"OpenStreetMap","license":"ODbL-1.0","record_id":"w525478099@7","update_time":"2026-06-18T08:38:37.000Z","confidence":null,"between":null,"provider":"osm","resource":"planet","version":"2026-07-26T00:00:00.000Z"}],"source_tags":[["landuse","residential"]],"subtype":"residential","class":"residential","version":0}},
{"id":"d17ad4b8-e972-359b-9f84-950fed82fe91","type":"Feature","geometry":{"type":"Polygon","coordinates":[[[9.2045805,45.4775849],[9.2044337,45.4774274],[9.2044006,45.4773911],[9.2042304,45.4772086],[9.2042248,45.4772022],[9.2042617,45.4771852],[9.2043315,45.4771529],[9.2045449,45.4770545],[9.2046182,45.4770207],[9.2046575,45.4770026],[9.2046726,45.4770093],[9.2046818,45.4770198],[9.2048883,45.4772537],[9.2050131,45.4773878],[9.2050206,45.477396],[9.2050354,45.4774122],[9.2050412,45.4774186],[9.2050246,45.4774263],[9.204609,45.4776176],[9.2046012,45.4776087],[9.204589,45.4775947],[9.2045805,45.4775849]],[[9.2043772,45.4772307],[9.204537,45.4774036],[9.2047952,45.4772858],[9.2046396,45.4771122],[9.204525,45.4770942],[9.204407,45.4771489],[9.2043772,45.4772307]]]},"properties":{"sources":[{"property":"","dataset":"OpenStreetMap","license":"ODbL-1.0","record_id":"r5759710@4","update_time":"2025-03-14T15:57:26.000Z","confidence":null,"between":null,"provider":"osm","resource":"planet","version":"2026-07-26T00:00:00.000Z"}],"source_tags":[["highway","pedestrian"],["type","multipolygon"]],"subtype":"pedestrian","class":"pedestrian","version":1}},
{"id":"7f414364-b4a9-3f24-bfba-e0401a6d3376","type":"Feature","geometry":{"type":"Polygon","coordinates":[[[9.2042304,45.4772086],[9.2042248,45.4772022],[9.2042617,45.4771852],[9.2043315,45.4771529],[9.2045449,45.4770545],[9.2046182,45.4770207],[9.2046575,45.4770026],[9.2046726,45.4770093],[9.2046818,45.4770198],[9.2048883,45.4772537],[9.2050131,45.4773878],[9.2050206,45.477396],[9.2050354,45.4774122],[9.2050412,45.4774186],[9.2050246,45.4774263],[9.204609,45.4776176],[9.2046012,45.4776087],[9.204589,45.4775947],[9.2045805,45.4775849],[9.2044337,45.4774274],[9.2044006,45.4773911],[9.2042304,45.4772086]]]},"properties":{"sources":[{"property":"","dataset":"OpenStreetMap","license":"ODbL-1.0","record_id":"w386984693@8","update_time":"2025-03-14T15:57:26.000Z","confidence":null,"between":null,"provider":"osm","resource":"planet","version":"2026-07-26T00:00:00.000Z"}],"names":{"primary":"Largo Fra Paolo Bellintani","common":null,"rules":null},"wikidata":"Q106434485","source_tags":[["place","square"],["wikimedia_commons","Category:Largo Fra Paolo Bellintani (Milan)"]],"subtype":"pedestrian","class":"plaza","version":0}},
{"id":"e9d18e38-013c-3a59-8333-07f5614a73e5","type":"Feature","geometry":{"type":"Polygon","coordinates":[[[9.2046396,45.4771122],[9.2047952,45.4772858],[9.204537,45.4774036],[9.2043772,45.4772307],[9.204407,45.4771489],[9.204525,45.4770942],[9.2046396,45.4771122]],[[9.2045262,45.4771104],[9.204496,45.4771242],[9.2044738,45.4771344],[9.2044233,45.4771575],[9.2043969,45.4772345],[9.2044622,45.4773031],[9.2045559,45.4773157],[9.2046086,45.4773611],[9.2046352,45.4773492],[9.204708,45.4773166],[9.2046678,45.4772658],[9.2046962,45.4771971],[9.2046236,45.4771237],[9.2045262,45.4771104]]]},"properties":{"sources":[{"property":"","dataset":"OpenStreetMap","license":"ODbL-1.0","record_id":"r5759711@2","update_time":"2025-03-14T16:37:11.000Z","confidence":null,"between":null,"provider":"osm","resource":"planet","version":"2026-07-26T00:00:00.000Z"}],"source_tags":[["barrier","fence"],["leisure","garden"],["type","multipolygon"]],"subtype":"horticulture","class":"garden","version":1}},
{"id":"c981880c-d39e-3a2e-99e7-e67cd1e6fa5b","type":"Feature","geometry":{"type":"Polygon","coordinates":[[[9.2085927,45.4765294],[9.20857,45.4765441],[9.2084629,45.4766101],[9.2083547,45.4766797],[9.2083391,45.4766891],[9.2083249,45.4766978],[9.2082663,45.4766539],[9.2082113,45.4766411],[9.2081754,45.4766377],[9.2081426,45.4766387],[9.2080995,45.4766345],[9.2079611,45.4764799],[9.2078432,45.4763532],[9.2078318,45.4763425],[9.2078579,45.4763309],[9.2079002,45.4763129],[9.2079875,45.4762919],[9.2083334,45.476136],[9.2083472,45.4761533],[9.2085928,45.47641],[9.2086386,45.4764394],[9.2086577,45.4764516],[9.2087605,45.4765067],[9.2087153,45.4765454],[9.2087052,45.476554],[9.2085927,45.4765294]]]},"properties":{"sources":[{"property":"","dataset":"OpenStreetMap","license":"ODbL-1.0","record_id":"w248062293@13","update_time":"2026-06-18T17:02:16.000Z","confidence":null,"between":null,"provider":"osm","resource":"planet","version":"2026-07-26T00:00:00.000Z"}],"names":{"primary":"Piazza Santa Francesca Romana","common":null,"rules":null},"source_tags":[["area","yes"],["highway","pedestrian"],["lit","yes"],["surface","paving_stones"]],"subtype":"pedestrian","class":"pedestrian","surface":"paving_stones","version":1}},
{"id":"280e96a1-06e9-3fb0-88b7-5e64fa89457d","type":"Feature","geometry":{"type":"Polygon","coordinates":[[[9.2069933,45.4758158],[9.2070288,45.4758357],[9.2070555,45.4758505],[9.2071052,45.4758792],[9.2071181,45.4758866],[9.2070404,45.4759241],[9.2068335,45.4760238],[9.2068248,45.4760151],[9.2067845,45.4759751],[9.2067719,45.4759617],[9.2067484,45.4759365],[9.2069933,45.4758158]]]},"properties":{"sources":[{"property":"","dataset":"OpenStreetMap","license":"ODbL-1.0","record_id":"w384972184@5","update_time":"2024-04-30T07:27:52.000Z","confidence":null,"between":null,"provider":"osm","resource":"planet","version":"2026-07-26T00:00:00.000Z"}],"names":{"primary":"Via Melzo","common":null,"rules":null},"source_tags":[["area","yes"],["highway","pedestrian"],["lit","yes"]],"subtype":"pedestrian","class":"pedestrian","version":0}},
{"id":"d29696aa-5fa2-362f-9499-95869d7ab686","type":"Feature","geometry":{"type":"Polygon","coordinates":[[[9.2082686,45.4750855],[9.2081155,45.4751264],[9.2080711,45.4751382],[9.2080036,45.475202],[9.2079982,45.4751974],[9.2079823,45.4751884],[9.2079755,45.475164],[9.2081008,45.4750582],[9.2081246,45.4750364],[9.2081417,45.4750245],[9.2081613,45.4750175],[9.2081759,45.4750199],[9.2081872,45.4750232],[9.2082023,45.4750283],[9.2082221,45.4750361],[9.2082468,45.4750408],[9.2082723,45.4750372],[9.2085128,45.4749899],[9.208551,45.4750017],[9.2085576,45.4750203],[9.2084789,45.4750339],[9.208432,45.4750419],[9.2083636,45.4750602],[9.2082686,45.4750855]],[[9.2081784,45.4750853],[9.2081815,45.4750795],[9.2081818,45.4750733],[9.2081794,45.4750674],[9.2081738,45.4750617],[9.2081658,45.4750578],[9.2081564,45.4750559],[9.2081466,45.4750564],[9.2081377,45.4750593],[9.2081307,45.4750641],[9.2081264,45.4750702],[9.2081254,45.4750771],[9.2081278,45.4750837],[9.2081332,45.4750894],[9.2081402,45.4750932],[9.2081485,45.4750952],[9.2081573,45.4750954],[9.2081658,45.4750936],[9.208173,45.4750902],[9.2081784,45.4750853]]]},"properties":{"sources":[{"property":"","dataset":"OpenStreetMap","license":"ODbL-1.0","record_id":"r9507939@2","update_time":"2026-04-13T08:25:36.000Z","confidence":null,"between":null,"provider":"osm","resource":"planet","version":"2026-07-26T00:00:00.000Z"}],"source_tags":[["highway","pedestrian"],["lit","yes"],["type","multipolygon"]],"subtype":"pedestrian","class":"pedestrian","version":2}},
{"id":"153619b8-5b89-3a0e-9043-ed447c8140be","type":"Feature","geometry":{"type":"Polygon","coordinates":[[[9.2084161,45.4748397],[9.2084064,45.4748485],[9.2084772,45.4749254],[9.2085221,45.4749178],[9.2085265,45.4749308],[9.2085303,45.474942],[9.2085016,45.4749621],[9.2083208,45.4749924],[9.2082856,45.4749973],[9.2082592,45.4749971],[9.2082361,45.4749903],[9.2082179,45.4749751],[9.2082135,45.4749638],[9.2082132,45.4749528],[9.2082177,45.4749431],[9.2082251,45.4749263],[9.2082795,45.474878],[9.2083615,45.474803],[9.2083972,45.474827],[9.2084161,45.4748397]],[[9.2083662,45.4749664],[9.2083762,45.474961],[9.2083816,45.4749545],[9.2083816,45.4749479],[9.2083499,45.4749175],[9.2083398,45.4749165],[9.2083298,45.4749159],[9.208322,45.4749175],[9.2082717,45.4749675],[9.2082702,45.4749735],[9.2082725,45.4749789],[9.2082795,45.4749811],[9.2082887,45.4749811],[9.2083662,45.4749664]]]},"properties":{"sources":[{"property":"","dataset":"OpenStreetMap","license":"ODbL-1.0","record_id":"r9507938@2","update_time":"2025-02-11T22:08:28.000Z","confidence":null,"between":null,"provider":"osm","resource":"planet","version":"2026-07-26T00:00:00.000Z"}],"source_tags":[["highway","pedestrian"],["lit","yes"],["type","multipolygon"]],"subtype":"pedestrian","class":"pedestrian","version":1}},
{"id":"54740744-e359-33f8-9621-c1cea6c37b54","type":"Feature","geometry":{"type":"Polygon","coordinates":[[[9.2071181,45.4758866],[9.2071052,45.4758792],[9.2070555,45.4758505],[9.2070288,45.4758357],[9.2069933,45.4758158],[9.2068703,45.4757435],[9.2066862,45.4756392],[9.2065209,45.4755452],[9.2065492,45.4755209],[9.2063817,45.475418],[9.2061095,45.4752114],[9.2060491,45.4752455],[9.2060348,45.4752461],[9.2059878,45.4752653],[9.2059324,45.4752083],[9.2058771,45.4751541],[9.2058564,45.4751308],[9.2058313,45.4750768],[9.2058077,45.4750332],[9.2057845,45.474998],[9.2057446,45.4749479],[9.2056896,45.4748861],[9.205695,45.4748837],[9.2057214,45.4748721],[9.2057399,45.4748639],[9.2058038,45.4748357],[9.2058124,45.4748477],[9.2058238,45.4748599],[9.2060599,45.4750795],[9.2062421,45.4751984],[9.2067553,45.4755154],[9.2067762,45.4755283],[9.2071432,45.475755],[9.2072159,45.4756879],[9.2072408,45.4757018],[9.2072981,45.4757357],[9.2073697,45.4757727],[9.2073921,45.4757861],[9.2073824,45.4757953],[9.2073419,45.4758339],[9.2073472,45.4758558],[9.2073536,45.4758784],[9.2075991,45.4760139],[9.2077413,45.4760924],[9.2077539,45.476099],[9.20773,45.4761184],[9.2077004,45.4761425],[9.207653,45.476181],[9.2076262,45.4762028],[9.2076113,45.4761919],[9.2074814,45.4761115],[9.2073207,45.476012],[9.2071181,45.4758866]]]},"properties":{"sources":[{"property":"","dataset":"OpenStreetMap","license":"ODbL-1.0","record_id":"w384972187@16","update_time":"2026-04-13T08:25:36.000Z","confidence":null,"between":null,"provider":"osm","resource":"planet","version":"2026-07-26T00:00:00.000Z"}],"names":{"primary":"Via Lazzaro Spallanzani","common":null,"rules":null},"source_tags":[["area","yes"],["highway","pedestrian"],["lit","yes"],["surface","paving_stones"]],"subtype":"pedestrian","class":"pedestrian","surface":"paving_stones","version":1}},
{"id":"32b948a5-085c-3d02-83b2-ec2e97db58c5","type":"Feature","geometry":{"type":"Polygon","coordinates":[[[9.2043947,45.4754356],[9.2043652,45.4754025],[9.2042126,45.4752322],[9.2042157,45.4752075],[9.2045842,45.4750304],[9.2046975,45.474976],[9.2047701,45.4749446],[9.2050998,45.4748317],[9.2051335,45.4748276],[9.2051673,45.4748238],[9.2052004,45.4748262],[9.2052164,45.4748269],[9.2052339,45.4748289],[9.2052475,45.4748335],[9.2052772,45.4748422],[9.2053034,45.4748596],[9.205372,45.4749264],[9.2054199,45.4749668],[9.205369,45.4749931],[9.2053556,45.474999],[9.2049831,45.4751682],[9.2047077,45.4752934],[9.2044235,45.4754225],[9.2044118,45.4754281],[9.2043947,45.4754356]]]},"properties":{"sources":[{"property":"","dataset":"OpenStreetMap","license":"ODbL-1.0","record_id":"w385968578@11","update_time":"2025-06-21T19:42:01.000Z","confidence":null,"between":null,"provider":"osm","resource":"planet","version":"2026-07-26T00:00:00.000Z"}],"names":{"primary":"Piazza Guglielmo Oberdan","common":null,"rules":null},"source_tags":[["area","yes"],["highway","pedestrian"],["lit","yes"],["surface","asphalt"]],"subtype":"pedestrian","class":"pedestrian","surface":"asphalt","version":0}},
{"id":"f0b72883-d074-3283-b376-caf9ae8eb6ae","type":"Feature","geometry":{"type":"Polygon","coordinates":[[[9.2065988,45.4743608],[9.2065007,45.4745028],[9.206366,45.4745718],[9.2060832,45.4746777],[9.2057647,45.4747918],[9.2058038,45.4748357],[9.2057399,45.4748639],[9.2057214,45.4748721],[9.205695,45.4748837],[9.2056896,45.4748861],[9.2055626,45.4747602],[9.2055571,45.4747406],[9.2055502,45.4747155],[9.2057069,45.4745964],[9.2059181,45.4744216],[9.2061607,45.474308],[9.2062054,45.4743569],[9.2064198,45.4742558],[9.2066035,45.4743283],[9.2066173,45.4743342],[9.2066109,45.4743434],[9.2065988,45.4743608]],[[9.2064281,45.4744445],[9.2065189,45.4743194],[9.2064175,45.4742837],[9.2062483,45.4743644],[9.2063535,45.4744784],[9.2064281,45.4744445]],[[9.206073,45.4744479],[9.2061767,45.4745584],[9.2063288,45.4744895],[9.2062241,45.4743759],[9.206073,45.4744479]],[[9.2058633,45.4745478],[9.2060822,45.4746013],[9.2061522,45.4745696],[9.2060462,45.4744607],[9.2058633,45.4745478]],[[9.205768,45.4746434],[9.2058278,45.4747235],[9.2060362,45.4746471],[9.205836,45.4745983],[9.2058177,45.4746006],[9.2058003,45.47461],[9.205768,45.4746434]]]},"properties":{"sources":[{"property":"","dataset":"OpenStreetMap","license":"ODbL-1.0","record_id":"r9507917@6","update_time":"2024-01-28T21:42:41.000Z","confidence":null,"between":null,"provider":"osm","resource":"planet","version":"2026-07-26T00:00:00.000Z"}],"names":{"primary":"Piazza Guglielmo Oberdan","common":null,"rules":null},"source_tags":[["highway","pedestrian"],["lit","yes"],["surface","paving_stones"],["type","multipolygon"]],"subtype":"pedestrian","class":"pedestrian","surface":"paving_stones","version":1}},
{"id":"af355c32-3e37-34f6-ade7-dc3ccdf862c1","type":"Feature","geometry":{"type":"Polygon","coordinates":[[[9.2064165,45.4741621],[9.2065176,45.4740602],[9.2066041,45.4740751],[9.2065894,45.4742376],[9.2064165,45.4741621]],[[9.2065738,45.4742157],[9.206586,45.4740854],[9.2065256,45.4740744],[9.2064414,45.4741592],[9.2065738,45.4742157]]]},"properties":{"sources":[{"property":"","dataset":"OpenStreetMap","license":"ODbL-1.0","record_id":"r9507931@1","update_time":"2022-04-10T23:32:12.000Z","confidence":null,"between":null,"provider":"osm","resource":"planet","version":"2026-07-26T00:00:00.000Z"}],"source_tags":[["highway","pedestrian"],["type","multipolygon"]],"subtype":"pedestrian","class":"pedestrian","version":1}},
{"id":"37a7aef0-7fae-3dd6-9598-8be74c2292f7","type":"Feature","geometry":{"type":"Polygon","coordinates":[[[9.20528,45.4739237],[9.2053233,45.4739469],[9.2052927,45.4739782],[9.205232,45.473951],[9.2052559,45.473938],[9.20528,45.4739237]]]},"properties":{"sources":[{"property":"","dataset":"OpenStreetMap","license":"ODbL-1.0","record_id":"w1373690501@2","update_time":"2026-06-25T23:16:03.000Z","confidence":null,"between":null,"provider":"osm","resource":"planet","version":"2026-07-26T00:00:00.000Z"}],"source_tags":[["area","yes"],["surface","asphalt"],["highway","pedestrian"]],"subtype":"pedestrian","class":"pedestrian","surface":"asphalt","version":1}},
{"id":"5fc9d776-7a65-31f0-b778-b983d90f0e5c","type":"Feature","geometry":{"type":"Polygon","coordinates":[[[9.2091564,45.4736805],[9.2092367,45.4736967],[9.2092077,45.4737461],[9.209041,45.4740303],[9.2079151,45.4737552],[9.2078941,45.4737226],[9.2080126,45.4734495],[9.2081407,45.4734754],[9.2080696,45.473629],[9.2081521,45.4736477],[9.2080946,45.4737721],[9.2083761,45.4738361],[9.2084017,45.4737807],[9.208672,45.4738422],[9.2086482,45.4738937],[9.2089209,45.4739557],[9.20898,45.4738279],[9.2090781,45.4738502],[9.2091564,45.4736805]]]},"properties":{"sources":[{"property":"","dataset":"OpenStreetMap","license":"ODbL-1.0","record_id":"w873218123@1","update_time":"2021-07-10T09:35:25.000Z","confidence":null,"between":null,"provider":"osm","resource":"planet","version":"2026-07-26T00:00:00.000Z"}],"source_tags":[["leisure","garden"]],"subtype":"horticulture","class":"garden","version":0}},
{"id":"321fb25e-c269-32c2-82ae-14d952680068","type":"Feature","geometry":{"type":"Polygon","coordinates":[[[9.206874,45.4707208],[9.2085833,45.4707443],[9.2101933,45.4707631],[9.2133215,45.4707932],[9.2170737,45.4708365],[9.2170576,45.4714712],[9.2170576,45.4718674],[9.214791,45.4728784],[9.2146877,45.4729226],[9.2145657,45.4729931],[9.214378,45.4730881],[9.2131265,45.4736803],[9.2114476,45.4744445],[9.2109148,45.4746728],[9.2082484,45.4759065],[9.2080566,45.4759968],[9.2077652,45.4761649],[9.2072738,45.4764019],[9.2070901,45.4764809],[9.2066429,45.4760288],[9.2059928,45.4753391],[9.2057593,45.4750819],[9.2057008,45.4749776],[9.2054985,45.4747799],[9.2054221,45.4746905],[9.2056668,45.4745698],[9.2058546,45.4744184],[9.2058935,45.474393],[9.2063173,45.4741852],[9.2064085,45.4741249],[9.2065145,45.474012],[9.2065614,45.4739067],[9.2065775,45.4738493],[9.2067398,45.4719942],[9.206874,45.4707208]]]},"properties":{"sources":[{"property":"","dataset":"OpenStreetMap","license":"ODbL-1.0","record_id":"w549222448@3","update_time":"2022-02-09T08:11:50.000Z","confidence":null,"between":null,"provider":"osm","resource":"planet","version":"2026-07-26T00:00:00.000Z"}],"source_tags":[["landuse","residential"]],"subtype":"residential","class":"residential","version":0}},
{"id":"e0f5a265-e05a-38e6-b11c-085ef73736b6","type":"Feature","geometry":{"type":"Polygon","coordinates":[[[9.210822,45.4800542],[9.2074453,45.4766038],[9.2073589,45.4765631],[9.2073393,45.4765316],[9.2073351,45.4765213],[9.2073573,45.476518],[9.2073779,45.4765119],[9.2095634,45.4755251],[9.214998,45.473034],[9.2152056,45.4729436],[9.2170633,45.47211],[9.2170372,45.4733166],[9.2170362,45.4733433],[9.217024,45.4738585],[9.216963,45.4764431],[9.2168013,45.4766226],[9.2167974,45.4768803],[9.216786,45.4769053],[9.2165454,45.4770743],[9.2152484,45.4777626],[9.2151192,45.4778098],[9.2149599,45.477883],[9.2148776,45.4779335],[9.2148261,45.4779326],[9.2147869,45.4779372],[9.2147497,45.4779472],[9.214721,45.4779632],[9.2146858,45.4779875],[9.2146663,45.4780113],[9.2146565,45.4780419],[9.214222,45.4782643],[9.210822,45.4800542]]]},"properties":{"sources":[{"property":"","dataset":"OpenStreetMap","license":"ODbL-1.0","record_id":"w438227428@8","update_time":"2026-05-05T13:24:40.000Z","confidence":null,"between":null,"provider":"osm","resource":"planet","version":"2026-07-26T00:00:00.000Z"}],"source_tags":[["landuse","residential"]],"subtype":"residential","class":"residential","version":2}},
{"id":"cf685efb-b21e-3bae-b61f-40a3d2f3774d","type":"Feature","geometry":{"type":"Polygon","coordinates":[[[9.2121375,45.4767808],[9.2121225,45.4767655],[9.2121074,45.4767502],[9.2119801,45.4766207],[9.2117745,45.4764116],[9.2116793,45.4763148],[9.2115531,45.4761865],[9.2116124,45.4761578],[9.2116927,45.4761189],[9.2118342,45.4760505],[9.2119809,45.4759796],[9.212105,45.4759196],[9.2122255,45.4758613],[9.2122624,45.4758435],[9.212293,45.4758746],[9.2123905,45.4759738],[9.2126884,45.4762768],[9.2128157,45.4764062],[9.2128312,45.476422],[9.2128468,45.4764378],[9.2121375,45.4767808]]]},"properties":{"sources":[{"property":"","dataset":"OpenStreetMap","license":"ODbL-1.0","record_id":"w369743971@7","update_time":"2022-08-01T16:37:17.000Z","confidence":null,"between":null,"provider":"osm","resource":"planet","version":"2026-07-26T00:00:00.000Z"}],"names":{"primary":"Istituto comprensivo Antonio Stoppani","common":null,"rules":null},"source_tags":[["amenity","school"]],"subtype":"education","class":"school","version":0}},
{"id":"5437f0f3-ec9b-3ed9-87c3-0051d193fd69","type":"Feature","geometry":{"type":"Polygon","coordinates":[[[9.2111884,45.4764637],[9.2111859,45.4764493],[9.2111902,45.4764351],[9.2112008,45.4764226],[9.211378,45.4763354],[9.2113971,45.47633],[9.2114178,45.4763293],[9.2114376,45.4763332],[9.2114546,45.4763414],[9.2114669,45.476353],[9.2114733,45.4763668],[9.211473,45.4763813],[9.2114661,45.4763949],[9.2114533,45.4764062],[9.2112918,45.4764841],[9.2112744,45.476492],[9.2112568,45.4764953],[9.2112385,45.476495],[9.2112211,45.4764911],[9.2112067,45.4764842],[9.2111955,45.4764748],[9.2111884,45.4764637]]]},"properties":{"sources":[{"property":"","dataset":"OpenStreetMap","license":"ODbL-1.0","record_id":"w39472433@5","update_time":"2022-10-29T07:57:47.000Z","confidence":null,"between":null,"provider":"osm","resource":"planet","version":"2026-07-26T00:00:00.000Z"}],"source_tags":[["landuse","grass"]],"subtype":"managed","class":"grass","version":0}},
{"id":"e9b4faee-fce9-3a43-ae1d-84293d1e0cdd","type":"Feature","geometry":{"type":"Polygon","coordinates":[[[9.2116793,45.4763148],[9.2117745,45.4764116],[9.2117114,45.4764416],[9.2116521,45.4764698],[9.2112868,45.476643],[9.2112472,45.4766618],[9.2112354,45.4766674],[9.2112197,45.4766751],[9.2111637,45.4767027],[9.2111108,45.4766441],[9.2110981,45.47663],[9.211138,45.4766101],[9.2110024,45.4764621],[9.2109469,45.4764709],[9.2109403,45.4764642],[9.2109154,45.4764392],[9.2110124,45.4763925],[9.2110297,45.4764099],[9.2114389,45.4762099],[9.2114216,45.4761924],[9.211514,45.4761476],[9.2115381,45.4761714],[9.2115405,45.4761738],[9.2115531,45.4761865],[9.2116793,45.4763148]],[[9.2111884,45.4764637],[9.2111955,45.4764748],[9.2112067,45.4764842],[9.2112211,45.4764911],[9.2112385,45.476495],[9.2112568,45.4764953],[9.2112744,45.476492],[9.2112918,45.4764841],[9.2114533,45.4764062],[9.2114661,45.4763949],[9.211473,45.4763813],[9.2114733,45.4763668],[9.2114669,45.476353],[9.2114546,45.4763414],[9.2114376,45.4763332],[9.2114178,45.4763293],[9.2113971,45.47633],[9.211378,45.4763354],[9.2112008,45.4764226],[9.2111902,45.4764351],[9.2111859,45.4764493],[9.2111884,45.4764637]]]},"properties":{"sources":[{"property":"","dataset":"OpenStreetMap","license":"ODbL-1.0","record_id":"r9531881@3","update_time":"2023-11-21T20:04:02.000Z","confidence":null,"between":null,"provider":"osm","resource":"planet","version":"2026-07-26T00:00:00.000Z"}],"names":{"primary":"Piazzale Lavater","common":null,"rules":null},"source_tags":[["highway","pedestrian"],["type","multipolygon"]],"subtype":"pedestrian","class":"pedestrian","version":1}},
{"id":"2495195e-e6b1-3e24-908e-18547dbbf31c","type":"Feature","geometry":{"type":"Polygon","coordinates":[[[9.2108678,45.4764651],[9.2111157,45.4767221],[9.2111004,45.4767301],[9.2111166,45.4767469],[9.2117248,45.4773792],[9.2116902,45.477396],[9.2116427,45.4774119],[9.2114235,45.4775254],[9.2113552,45.4775585],[9.2107119,45.4769184],[9.2106973,45.4769253],[9.2104475,45.4766736],[9.2108678,45.4764651]]]},"properties":{"sources":[{"property":"","dataset":"OpenStreetMap","license":"ODbL-1.0","record_id":"w23389027@11","update_time":"2025-07-15T09:44:43.000Z","confidence":null,"between":null,"provider":"osm","resource":"planet","version":"2026-07-26T00:00:00.000Z"}],"source_tags":[["leisure","park"],["wheelchair","yes"]],"subtype":"park","class":"park","version":0}},
{"id":"9eb7cc01-0cc1-336e-a635-eea1ebe70ab8","type":"Feature","geometry":{"type":"Polygon","coordinates":[[[9.2100831,45.4770022],[9.2100806,45.4769879],[9.2100849,45.4769737],[9.2100955,45.4769612],[9.2102727,45.4768739],[9.2102918,45.4768686],[9.2103124,45.4768678],[9.2103323,45.4768718],[9.2103493,45.47688],[9.2103616,45.4768916],[9.210368,45.4769054],[9.2103677,45.4769198],[9.2103608,45.4769335],[9.210348,45.4769448],[9.2101865,45.4770227],[9.2101691,45.4770306],[9.2101515,45.4770339],[9.2101332,45.4770336],[9.2101158,45.4770296],[9.2101014,45.4770228],[9.2100902,45.4770134],[9.2100831,45.4770022]]]},"properties":{"sources":[{"property":"","dataset":"OpenStreetMap","license":"ODbL-1.0","record_id":"w1107923481@1","update_time":"2022-10-29T07:57:47.000Z","confidence":null,"between":null,"provider":"osm","resource":"planet","version":"2026-07-26T00:00:00.000Z"}],"source_tags":[["landuse","grass"]],"subtype":"managed","class":"grass","version":0}},
{"id":"1e966a55-9131-3fa2-b9d9-62888eaf2dde","type":"Feature","geometry":{"type":"Polygon","coordinates":[[[9.2101318,45.4771057],[9.2101214,45.4771265],[9.2100886,45.4771427],[9.2100749,45.4771495],[9.2099013,45.4769774],[9.2098746,45.4769507],[9.2099197,45.4769293],[9.2099611,45.4769304],[9.2102406,45.4767917],[9.2102594,45.4767664],[9.2103952,45.4766991],[9.2104167,45.4767204],[9.2104315,45.4767351],[9.2103895,45.4767563],[9.2105075,45.4768756],[9.2105753,45.4768777],[9.2105913,45.4768935],[9.2105362,45.4769208],[9.2105119,45.4769328],[9.2104789,45.4769306],[9.2101318,45.4771057]],[[9.2100831,45.4770022],[9.2100902,45.4770134],[9.2101014,45.4770228],[9.2101158,45.4770296],[9.2101332,45.4770336],[9.2101515,45.4770339],[9.2101691,45.4770306],[9.2101865,45.4770227],[9.210348,45.4769448],[9.2103608,45.4769335],[9.2103677,45.4769198],[9.210368,45.4769054],[9.2103616,45.4768916],[9.2103493,45.47688],[9.2103323,45.4768718],[9.2103124,45.4768678],[9.2102918,45.4768686],[9.2102727,45.4768739],[9.2100955,45.4769612],[9.2100849,45.4769737],[9.2100806,45.4769879],[9.2100831,45.4770022]]]},"properties":{"sources":[{"property":"","dataset":"OpenStreetMap","license":"ODbL-1.0","record_id":"r14744727@2","update_time":"2023-11-21T20:04:02.000Z","confidence":null,"between":null,"provider":"osm","resource":"planet","version":"2026-07-26T00:00:00.000Z"}],"names":{"primary":"Piazzale Lavater","common":null,"rules":null},"source_tags":[["highway","pedestrian"],["type","multipolygon"]],"subtype":"pedestrian","class":"pedestrian","version":1}},
{"id":"180ee138-a01e-3816-994d-b2b29feeae13","type":"Feature","geometry":{"type":"Polygon","coordinates":[[[9.2214015,45.4752713],[9.2213324,45.4753311],[9.221307,45.4753732],[9.2213019,45.4754053],[9.2212468,45.4786324],[9.2212452,45.4787059],[9.2211984,45.4787208],[9.2211235,45.4787384],[9.2210677,45.4787452],[9.2210178,45.4787425],[9.220955,45.4787307],[9.2198764,45.4781521],[9.2198834,45.478122],[9.2198861,45.4780931],[9.2198845,45.4780626],[9.2198728,45.4780238],[9.2198494,45.4779933],[9.219803,45.4779597],[9.2197672,45.4779469],[9.2197239,45.4779363],[9.2196288,45.4779316],[9.2194553,45.4779292],[9.2193688,45.4778845],[9.2175358,45.4769274],[9.2174745,45.476865],[9.2174627,45.476761],[9.2174488,45.476682],[9.2173638,45.4765921],[9.2173065,45.4765727],[9.2173534,45.4737781],[9.217318,45.4736161],[9.2214015,45.4752713]]]},"properties":{"sources":[{"property":"","dataset":"OpenStreetMap","license":"ODbL-1.0","record_id":"w547095040@3","update_time":"2022-03-24T10:08:07.000Z","confidence":null,"between":null,"provider":"osm","resource":"planet","version":"2026-07-26T00:00:00.000Z"}],"source_tags":[["landuse","residential"]],"subtype":"residential","class":"residential","version":0}},
{"id":"1cf4e766-39f7-315d-9a0b-e3c44172d65f","type":"Feature","geometry":{"type":"Polygon","coordinates":[[[9.2172932,45.4734759],[9.2172951,45.4732886],[9.2173079,45.473168],[9.2173478,45.4729751],[9.2173722,45.4719733],[9.2184767,45.4714666],[9.2189927,45.4712267],[9.219158,45.4711783],[9.2192932,45.4712059],[9.2194158,45.4712281],[9.2196214,45.4712295],[9.2198072,45.471199],[9.219916,45.471156],[9.2199812,45.4711213],[9.2200386,45.4710645],[9.2200781,45.4709868],[9.220084,45.4708967],[9.2200682,45.4708205],[9.2200465,45.4707595],[9.2234835,45.46917],[9.2238001,45.4690729],[9.2236807,45.4760584],[9.2172932,45.4734759]]]},"properties":{"sources":[{"property":"","dataset":"OpenStreetMap","license":"ODbL-1.0","record_id":"w547096794@1","update_time":"2022-02-17T16:49:39.000Z","confidence":null,"between":null,"provider":"osm","resource":"planet","version":"2026-07-26T00:00:00.000Z"}],"source_tags":[["landuse","residential"]],"subtype":"residential","class":"residential","version":0}},
{"id":"5f50360a-ef91-3f20-9263-153529bbe35e","type":"Feature","geometry":{"type":"Polygon","coordinates":[[[9.2177932,45.4718434],[9.2179468,45.4717739],[9.2183609,45.4715847],[9.2184185,45.471558],[9.2184343,45.4715506],[9.2185099,45.4715179],[9.2185789,45.4714918],[9.2186491,45.4714679],[9.2187205,45.4714481],[9.2187967,45.4714308],[9.21887,45.4714169],[9.2189432,45.471406],[9.219023,45.4713967],[9.2191091,45.4713914],[9.2191982,45.4713868],[9.2192843,45.4713873],[9.2193652,45.4713877],[9.2193639,45.4715025],[9.2193583,45.4719847],[9.2193521,45.4719847],[9.2193507,45.4720712],[9.2193495,45.4721495],[9.2193564,45.4721496],[9.2193543,45.4723229],[9.2193525,45.4723401],[9.2193477,45.4723574],[9.2193405,45.4723721],[9.2193309,45.4723864],[9.2193171,45.4724003],[9.2193015,45.4724138],[9.2192841,45.4724256],[9.2192709,45.4724327],[9.2192533,45.47244],[9.2191285,45.4724866],[9.2191217,45.4724775],[9.218834,45.4725852],[9.2188407,45.4725941],[9.2186492,45.4726656],[9.2184569,45.4727375],[9.2182889,45.4725112],[9.2182454,45.4724526],[9.2181824,45.4723677],[9.2181505,45.4723247],[9.2179582,45.4720657],[9.2178581,45.4719308],[9.2177932,45.4718434]]]},"properties":{"sources":[{"property":"","dataset":"OpenStreetMap","license":"ODbL-1.0","record_id":"w290966189@11","update_time":"2025-06-23T15:43:17.000Z","confidence":null,"between":null,"provider":"osm","resource":"planet","version":"2026-07-26T00:00:00.000Z"}],"names":{"primary":"Aeronautica Militare – Comando 1ª Regione Aerea","common":null,"rules":null},"source_tags":[["landuse","military"],["website","https://www.aeronautica.difesa.it/home/noi-siamo-l-am/organizzazione/alti-comandi/"]],"subtype":"military","class":"military","version":0}},
{"id":"9252de36-9e49-3042-bf24-cb16312534c4","type":"Feature","geometry":{"type":"Polygon","coordinates":[[[9.2177932,45.4718434],[9.2178581,45.4719308],[9.2179582,45.4720657],[9.2181505,45.4723247],[9.2181824,45.4723677],[9.2182454,45.4724526],[9.2182889,45.4725112],[9.2184569,45.4727375],[9.21842,45.4727513],[9.2182965,45.4727974],[9.2182786,45.4727727],[9.2181759,45.4728065],[9.2181086,45.4728259],[9.2180305,45.4728439],[9.2179564,45.4728592],[9.2178823,45.4728703],[9.2178131,45.4728793],[9.2177448,45.4728841],[9.2176934,45.4728873],[9.2176418,45.4728885],[9.2175907,45.472889],[9.2175902,45.4729163],[9.2175227,45.4729158],[9.2174542,45.4729153],[9.2174556,45.4728187],[9.2174629,45.4728187],[9.2174719,45.4721765],[9.2174643,45.4721764],[9.2174658,45.4720676],[9.2174695,45.472058],[9.2174735,45.4720526],[9.2174661,45.4720487],[9.2174669,45.4719925],[9.2175912,45.4719357],[9.2177932,45.4718434]]]},"properties":{"sources":[{"property":"","dataset":"OpenStreetMap","license":"ODbL-1.0","record_id":"w524509595@6","update_time":"2025-12-06T13:42:23.000Z","confidence":null,"between":null,"provider":"osm","resource":"planet","version":"2026-07-26T00:00:00.000Z"}],"names":{"primary":"Liceo Virgilio","common":null,"rules":null},"source_tags":[["amenity","school"],["check_date","2025-03-12"],["education","school"],["email","MIPM050003@istruzione.it"],["phone","+39 02 738 2515"],["ref","MIPM050003"],["website","https://www.liceovirgiliomilano.edu.it"]],"subtype":"education","class":"school","version":0}},
{"id":"20f0410c-c529-3d7b-a671-bc4309d8d7ac","type":"Feature","geometry":{"type":"Polygon","coordinates":[[[9.2173441,45.4733005],[9.2174309,45.473272],[9.2177832,45.4731372],[9.2177999,45.4731507],[9.2178102,45.4731675],[9.217792,45.4731811],[9.2178209,45.473274],[9.2178267,45.4733297],[9.2178244,45.4733785],[9.2178063,45.4734819],[9.2177423,45.4735892],[9.2177305,45.4736062],[9.2177155,45.4736165],[9.2176963,45.4736212],[9.2176695,45.4736172],[9.2174324,45.4735188],[9.2173372,45.4734757],[9.2173441,45.4733005]]]},"properties":{"sources":[{"property":"","dataset":"OpenStreetMap","license":"ODbL-1.0","record_id":"w25301289@6","update_time":"2024-09-26T16:53:18.000Z","confidence":null,"between":null,"provider":"osm","resource":"planet","version":"2026-07-26T00:00:00.000Z"}],"source_tags":[["leisure","park"]],"subtype":"park","class":"park","version":0}},
{"id":"fbebf47f-da7d-3c8d-ba2c-f94f91abc56e","type":"Feature","geometry":{"type":"Polygon","coordinates":[[[9.2174255,45.4857013],[9.2172878,45.4855961],[9.2172657,45.4855763],[9.2172511,45.4855606],[9.2172392,45.4855417],[9.2172308,45.4855199],[9.2172399,45.4853445],[9.2173655,45.4852655],[9.2174204,45.4852654],[9.2175112,45.4852656],[9.217511,45.4853267],[9.2175106,45.4854658],[9.2175102,45.4855895],[9.21751,45.4856458],[9.2174255,45.4857013]]]},"properties":{"sources":[{"property":"","dataset":"OpenStreetMap","license":"ODbL-1.0","record_id":"w263841527@3","update_time":"2016-06-09T19:36:05.000Z","confidence":null,"between":null,"provider":"osm","resource":"planet","version":"2026-07-26T00:00:00.000Z"}],"source_tags":[["access","private"],["area","yes"],["highway","pedestrian"]],"subtype":"pedestrian","class":"pedestrian","version":0}},
{"id":"b1ea73ae-cbbc-32c6-8851-bf35ecd73db4","type":"Feature","geometry":{"type":"Polygon","coordinates":[[[9.2164045,45.4857086],[9.2154639,45.484745],[9.2156042,45.4846797],[9.2156655,45.4845637],[9.2155694,45.4844642],[9.2166391,45.4839401],[9.2167554,45.483987],[9.2167306,45.4852155],[9.2167208,45.4855553],[9.2164045,45.4857086]]]},"properties":{"sources":[{"property":"","dataset":"OpenStreetMap","license":"ODbL-1.0","record_id":"w428366673@2","update_time":"2024-05-22T12:59:19.000Z","confidence":null,"between":null,"provider":"osm","resource":"planet","version":"2026-07-26T00:00:00.000Z"}],"source_tags":[["landuse","residential"]],"subtype":"residential","class":"residential","version":0}},
{"id":"cc6a3ea3-8b29-39fe-b191-dbbd63ca6ded","type":"Feature","geometry":{"type":"Polygon","coordinates":[[[9.2155694,45.4844642],[9.2155756,45.4844706],[9.2156655,45.4845637],[9.2156577,45.4845716],[9.21561,45.4846197],[9.2156054,45.4846675],[9.2156042,45.4846797],[9.2154639,45.484745],[9.2154546,45.4847491],[9.2154367,45.484757],[9.2154042,45.4847176],[9.2153635,45.4846706],[9.2153558,45.4846416],[9.2153561,45.4846245],[9.2153617,45.4846071],[9.2153695,45.4845975],[9.2153862,45.484577],[9.2155593,45.4844667],[9.2155694,45.4844642]]]},"properties":{"sources":[{"property":"","dataset":"OpenStreetMap","license":"ODbL-1.0","record_id":"w255121310@12","update_time":"2026-03-05T08:48:20.000Z","confidence":null,"between":null,"provider":"osm","resource":"planet","version":"2026-07-26T00:00:00.000Z"}],"names":{"primary":"Piazza Argentina","common":null,"rules":null},"source_tags":[["area","yes"],["highway","pedestrian"],["lit","yes"],["smoothness","intermediate"],["surface","sett"]],"subtype":"pedestrian","class":"pedestrian","surface":"sett","version":1}},
{"id":"9e1f56c9-35a5-37d2-bed9-550d3000153a","type":"Feature","geometry":{"type":"Polygon","coordinates":[[[9.212984,45.484828],[9.213323,45.4846568],[9.2134348,45.4847656],[9.2130959,45.4849368],[9.212984,45.484828]]]},"properties":{"sources":[{"property":"","dataset":"OpenStreetMap","license":"ODbL-1.0","record_id":"w458719625@1","update_time":"2016-12-09T16:34:38.000Z","confidence":null,"between":null,"provider":"osm","resource":"planet","version":"2026-07-26T00:00:00.000Z"}],"source_tags":[["leisure","pitch"],["sport","soccer"]],"subtype":"recreation","class":"pitch","surface":"recreation_grass","version":0}},
{"id":"0fc0ed28-e634-352a-bf5b-e7ec750086b5","type":"Feature","geometry":{"type":"Polygon","coordinates":[[[9.212651,45.4856379],[9.2103975,45.4853628],[9.2104111,45.485308],[9.2126647,45.4855827],[9.212651,45.4856379]]]},"properties":{"sources":[{"property":"","dataset":"OpenStreetMap","license":"ODbL-1.0","record_id":"w533235818@4","update_time":"2025-08-05T08:33:35.000Z","confidence":null,"between":null,"provider":"osm","resource":"planet","version":"2026-07-26T00:00:00.000Z"}],"source_tags":[["garden:type","street_side"],["leisure","garden"]],"subtype":"horticulture","class":"garden","version":0}},
{"id":"32ce77f8-a532-3431-8ef3-45f51be2d2ea","type":"Feature","geometry":{"type":"Polygon","coordinates":[[[9.2128279,45.4851109],[9.2127414,45.4850267],[9.2129948,45.4848988],[9.2130813,45.484983],[9.2128279,45.4851109]]]},"properties":{"sources":[{"property":"","dataset":"OpenStreetMap","license":"ODbL-1.0","record_id":"w458719624@1","update_time":"2016-12-09T16:34:37.000Z","confidence":null,"between":null,"provider":"osm","resource":"planet","version":"2026-07-26T00:00:00.000Z"}],"source_tags":[["leisure","pitch"],["sport","basketball"]],"subtype":"recreation","class":"pitch","surface":"recreation_paved","version":0}},
{"id":"cfdf0d44-5556-3185-b826-1ea34064e0f2","type":"Feature","geometry":{"type":"Polygon","coordinates":[[[9.21092,45.4846029],[9.2108396,45.4845247],[9.2106366,45.4843272],[9.2106196,45.4843107],[9.2107278,45.4842553],[9.21077,45.4842337],[9.2108919,45.4841716],[9.2110336,45.4840994],[9.2110859,45.4841502],[9.2111549,45.4842173],[9.2113362,45.4843936],[9.21092,45.4846029]]]},"properties":{"sources":[{"property":"","dataset":"OpenStreetMap","license":"ODbL-1.0","record_id":"w378364436@3","update_time":"2023-12-29T10:23:14.000Z","confidence":null,"between":null,"provider":"osm","resource":"planet","version":"2026-07-26T00:00:00.000Z"}],"names":{"primary":"Scuola d'Infanzia Pergolesi","common":null,"rules":null},"source_tags":[["amenity","kindergarten"],["isced:level","0"]],"subtype":"education","class":"kindergarten","version":0}},
{"id":"0e438555-b397-3c28-b07b-430701623d36","type":"Feature","geometry":{"type":"Polygon","coordinates":[[[9.2143063,45.4838943],[9.2143118,45.4838992],[9.2144765,45.484049],[9.2144839,45.4840612],[9.2144831,45.4840794],[9.2144622,45.4841035],[9.2144389,45.4841117],[9.2144018,45.4841188],[9.2143537,45.484106],[9.2143274,45.4840704],[9.2142068,45.4840432],[9.2141555,45.4839941],[9.2141402,45.4839794],[9.2142121,45.4839422],[9.214289,45.4839023],[9.2142916,45.483901],[9.2143063,45.4838943]]]},"properties":{"sources":[{"property":"","dataset":"OpenStreetMap","license":"ODbL-1.0","record_id":"w1096923901@1","update_time":"2023-10-12T12:07:51.000Z","confidence":null,"between":null,"provider":"osm","resource":"planet","version":"2026-07-26T00:00:00.000Z"}],"source_tags":[["area","yes"],["highway","pedestrian"],["surface","sett"]],"subtype":"pedestrian","class":"pedestrian","surface":"sett","version":0}},
{"id":"231040bd-8888-335f-b725-aaef70ececbe","type":"Feature","geometry":{"type":"Polygon","coordinates":[[[9.2145003,45.4841681],[9.2145266,45.4841633],[9.2145812,45.484166],[9.2146012,45.4841752],[9.2146216,45.4841959],[9.21494,45.4845451],[9.2149673,45.4845722],[9.2149445,45.4845832],[9.2148253,45.4846405],[9.2148129,45.4846464],[9.2146547,45.484486],[9.2145304,45.4843605],[9.2143895,45.4842186],[9.2143595,45.4841895],[9.2143763,45.4841667],[9.2144096,45.484173],[9.2145003,45.4841681]]]},"properties":{"sources":[{"property":"","dataset":"OpenStreetMap","license":"ODbL-1.0","record_id":"w246285905@15","update_time":"2025-06-14T13:33:49.000Z","confidence":null,"between":null,"provider":"osm","resource":"planet","version":"2026-07-26T00:00:00.000Z"}],"names":{"primary":"Piazza Argentina","common":null,"rules":null},"source_tags":[["area","yes"],["highway","pedestrian"],["lit","yes"],["surface","sett"]],"subtype":"pedestrian","class":"pedestrian","surface":"sett","version":0}},
{"id":"dbb315f7-374c-3d54-a355-cf5a3e6c8431","type":"Feature","geometry":{"type":"Polygon","coordinates":[[[9.2141402,45.4839794],[9.214289,45.4839023],[9.2143063,45.4838943],[9.2145075,45.4837931],[9.2146487,45.4837279],[9.2147486,45.4837213],[9.2148435,45.4837678],[9.2149172,45.4837795],[9.2149891,45.4837759],[9.2150076,45.4837932],[9.2149391,45.4838274],[9.2149208,45.4839467],[9.2153446,45.4843803],[9.2148129,45.4846464],[9.2144444,45.4842776],[9.2143895,45.4842186],[9.2141402,45.4839794]]]},"properties":{"sources":[{"property":"","dataset":"OpenStreetMap","license":"ODbL-1.0","record_id":"w1096923903@3","update_time":"2025-06-14T13:33:49.000Z","confidence":null,"between":null,"provider":"osm","resource":"planet","version":"2026-07-26T00:00:00.000Z"}],"names":{"primary":"Piazza Argentina","common":null,"rules":null},"wikidata":"Q107417610","source_tags":[["place","square"],["wikimedia_commons","Category:Piazza Argentina (Milan)"]],"subtype":"pedestrian","class":"plaza","version":0}},
{"id":"fde8fda1-b6a5-3e5c-82c0-399eb201a5d5","type":"Feature","geometry":{"type":"Polygon","coordinates":[[[9.2151678,45.4844753],[9.2151395,45.484446],[9.2145186,45.4838046],[9.2145075,45.4837931],[9.2146487,45.4837279],[9.2146837,45.4837256],[9.2147486,45.4837213],[9.2148435,45.4837678],[9.2149172,45.4837795],[9.2149891,45.4837759],[9.2150076,45.4837932],[9.2149549,45.4838195],[9.2149391,45.4838274],[9.2149371,45.4838405],[9.2149208,45.4839467],[9.2149928,45.4840253],[9.2150876,45.4841288],[9.2153446,45.4843803],[9.2153321,45.4843909],[9.2152568,45.4844286],[9.2152266,45.4844437],[9.2151678,45.4844753]]]},"properties":{"sources":[{"property":"","dataset":"OpenStreetMap","license":"ODbL-1.0","record_id":"w244168661@14","update_time":"2024-05-08T13:39:57.000Z","confidence":null,"between":null,"provider":"osm","resource":"planet","version":"2026-07-26T00:00:00.000Z"}],"source_tags":[["area","yes"],["highway","pedestrian"],["lit","yes"],["smoothness","good"],["surface","sett"]],"subtype":"pedestrian","class":"pedestrian","surface":"sett","version":0}},
{"id":"17512a69-b3ac-3bde-870c-b7468c80e7a6","type":"Feature","geometry":{"type":"Polygon","coordinates":[[[9.2154983,45.4839232],[9.2155494,45.4839732],[9.2156507,45.4840724],[9.2157548,45.4841742],[9.2153446,45.4843803],[9.2150876,45.4841288],[9.2152164,45.4840641],[9.2152415,45.4840515],[9.2153239,45.4840105],[9.2154086,45.4839683],[9.2154983,45.4839232]]]},"properties":{"sources":[{"property":"","dataset":"OpenStreetMap","license":"ODbL-1.0","record_id":"w428366674@3","update_time":"2024-05-22T12:59:19.000Z","confidence":null,"between":null,"provider":"osm","resource":"planet","version":"2026-07-26T00:00:00.000Z"}],"source_tags":[["landuse","commercial"]],"subtype":"developed","class":"commercial","version":0}},
{"id":"623e8166-2c08-36c9-a352-78a5713535aa","type":"Feature","geometry":{"type":"Polygon","coordinates":[[[9.2148282,45.4835181],[9.2148523,45.4834937],[9.2148954,45.4834923],[9.2149129,45.4834918],[9.2149149,45.4835721],[9.2150419,45.4836168],[9.2151101,45.4835831],[9.2151215,45.4835943],[9.215134,45.4836065],[9.2151232,45.4836366],[9.2151011,45.4836468],[9.214997200000001,45.4836949],[9.2149516,45.4837024],[9.2149167,45.4836968],[9.2148899,45.4836893],[9.2148631,45.483678],[9.2148443,45.4836629],[9.2148335,45.4836423],[9.2148255,45.4836272],[9.214827,45.4835652],[9.2148282,45.4835181]]]},"properties":{"sources":[{"property":"","dataset":"OpenStreetMap","license":"ODbL-1.0","record_id":"w397212460@3","update_time":"2024-11-15T07:38:33.000Z","confidence":null,"between":null,"provider":"osm","resource":"planet","version":"2026-07-26T00:00:00.000Z"}],"source_tags":[["area","yes"],["highway","pedestrian"],["lit","yes"]],"subtype":"pedestrian","class":"pedestrian","version":0}},
{"id":"ab42931b-0927-3213-b939-8f95e386ee82","type":"Feature","geometry":{"type":"Polygon","coordinates":[[[9.2157548,45.4841742],[9.2156507,45.4840724],[9.2155494,45.4839732],[9.2154983,45.4839232],[9.2154086,45.4839683],[9.2153239,45.4840105],[9.2152415,45.4840515],[9.2152164,45.4840641],[9.2150876,45.4841288],[9.2149928,45.4840253],[9.2149208,45.4839467],[9.2149391,45.4838274],[9.2146487,45.4837279],[9.2145075,45.4837931],[9.2144356,45.4837165],[9.2140722,45.4833451],[9.2165554,45.4819546],[9.2166037,45.4819554],[9.2166617,45.4819667],[9.2167928,45.4820216],[9.2168551,45.482051],[9.2168723,45.4820744],[9.2167663,45.4834198],[9.2164956,45.4837972],[9.2157548,45.4841742]]]},"properties":{"sources":[{"property":"","dataset":"OpenStreetMap","license":"ODbL-1.0","record_id":"w428366675@4","update_time":"2024-05-22T12:59:19.000Z","confidence":null,"between":null,"provider":"osm","resource":"planet","version":"2026-07-26T00:00:00.000Z"}],"source_tags":[["landuse","residential"]],"subtype":"residential","class":"residential","version":0}},
{"id":"faabda93-2a0f-38bc-8c3c-4069fac6f41e","type":"Feature","geometry":{"type":"Polygon","coordinates":[[[9.2102221,45.4831703],[9.2100299,45.4829844],[9.2100737,45.4829621],[9.2101197,45.4829387],[9.2101549,45.4829208],[9.2103472,45.4831067],[9.2102221,45.4831703]]]},"properties":{"sources":[{"property":"","dataset":"OpenStreetMap","license":"ODbL-1.0","record_id":"w254631752@4","update_time":"2022-09-09T12:03:51.000Z","confidence":null,"between":null,"provider":"osm","resource":"planet","version":"2026-07-26T00:00:00.000Z"}],"source_tags":[["access","yes"],["leisure","playground"],["surface","artificial_turf"]],"subtype":"recreation","class":"playground","surface":"recreation_grass","version":0}},
{"id":"e8fa771c-02bb-333d-9e81-1eabeb706b06","type":"Feature","geometry":{"type":"Polygon","coordinates":[[[9.2103512,45.4834535],[9.2097158,45.4828156],[9.2096859,45.4827856],[9.2100189,45.4826168],[9.2100442,45.4826422],[9.2106879,45.4832886],[9.2106383,45.4833129],[9.210524,45.4831992],[9.2104604,45.48317],[9.2103934,45.4831658],[9.2103448,45.4831783],[9.2103097,45.4831973],[9.2102867,45.4832237],[9.2102711,45.4832608],[9.210271,45.4832841],[9.2102799,45.4833045],[9.2103061,45.4833329],[9.210384,45.4832976],[9.2104589,45.4832629],[9.2105496,45.4833563],[9.2103512,45.4834535]],[[9.2102221,45.4831703],[9.2103472,45.4831067],[9.2101549,45.4829208],[9.2101197,45.4829387],[9.2100737,45.4829621],[9.2100299,45.4829844],[9.2102221,45.4831703]]]},"properties":{"sources":[{"property":"","dataset":"OpenStreetMap","license":"ODbL-1.0","record_id":"r3411496@3","update_time":"2024-09-23T17:36:11.000Z","confidence":null,"between":null,"provider":"osm","resource":"planet","version":"2026-07-26T00:00:00.000Z"}],"source_tags":[["leisure","park"],["type","multipolygon"]],"subtype":"park","class":"park","version":1}},
{"id":"957d6b73-4531-39f4-9104-6a182bb58386","type":"Feature","geometry":{"type":"Polygon","coordinates":[[[9.2108206,45.4822705],[9.2108903,45.4822338],[9.2114375,45.482782],[9.2113878,45.4828055],[9.2113342,45.482782],[9.2108206,45.4822705]]]},"properties":{"sources":[{"property":"","dataset":"OpenStreetMap","license":"ODbL-1.0","record_id":"w964581173@1","update_time":"2021-07-15T11:40:50.000Z","confidence":null,"between":null,"provider":"osm","resource":"planet","version":"2026-07-26T00:00:00.000Z"}],"source_tags":[["leisure","garden"]],"subtype":"horticulture","class":"garden","version":0}},
{"id":"2b90701a-370d-3e2a-9bf0-cd3a7ee87bf5","type":"Feature","geometry":{"type":"Polygon","coordinates":[[[9.2153475,45.4820463],[9.2153464,45.4818696],[9.2157372,45.4818694],[9.2157427,45.4820448],[9.2154613,45.4820459],[9.2153475,45.4820463]]]},"properties":{"sources":[{"property":"","dataset":"OpenStreetMap","license":"ODbL-1.0","record_id":"w1510614493@2","update_time":"2026-06-29T17:29:23.000Z","confidence":null,"between":null,"provider":"osm","resource":"planet","version":"2026-07-26T00:00:00.000Z"}],"source_tags":[["leisure","pitch"]],"subtype":"recreation","class":"pitch","version":2}},
{"id":"901f99ac-ae4d-3821-b43d-b73879fb4dae","type":"Feature","geometry":{"type":"Polygon","coordinates":[[[9.2149763,45.4820482],[9.2149749,45.4818558],[9.2149736,45.4816894],[9.2149705,45.4812924],[9.215402600000001,45.4810718],[9.21553,45.4811018],[9.2155438,45.4816866],[9.2155449,45.4818695],[9.2157372,45.4818694],[9.2157427,45.4820448],[9.2157471,45.4821851],[9.2154634,45.4823305],[9.2154631,45.4822899],[9.2154613,45.4820459],[9.2153475,45.4820463],[9.2151319,45.4820474],[9.2150109,45.482048],[9.2149763,45.4820482]]]},"properties":{"sources":[{"property":"","dataset":"OpenStreetMap","license":"ODbL-1.0","record_id":"w1510614492@2","update_time":"2026-06-29T17:29:23.000Z","confidence":null,"between":null,"provider":"osm","resource":"planet","version":"2026-07-26T00:00:00.000Z"}],"names":{"primary":"Scuola Secondaria di I Grado \"Santa Caterina da Siena\"","common":null,"rules":null},"source_tags":[["education","school"],["amenity","school"]],"subtype":"education","class":"school","version":2}},
{"id":"bbad22c8-93c2-35d7-adcd-dd2a77eb584e","type":"Feature","geometry":{"type":"Polygon","coordinates":[[[9.215971,45.4820706],[9.2157471,45.4821851],[9.2157427,45.4820448],[9.2157372,45.4818694],[9.2155449,45.4818695],[9.2155438,45.4816866],[9.21553,45.4811018],[9.2157584,45.4811555],[9.2159792,45.48121],[9.2159729,45.4814392],[9.2160797,45.4814406],[9.2160808,45.48154],[9.2161716,45.4815414],[9.216172,45.4816347],[9.2162951,45.4816344],[9.2162953,45.4816828],[9.2159863,45.4816835],[9.2159811,45.4818648],[9.215971,45.4820706]]]},"properties":{"sources":[{"property":"","dataset":"OpenStreetMap","license":"ODbL-1.0","record_id":"w1510614491@1","update_time":"2026-05-08T17:13:02.000Z","confidence":null,"between":null,"provider":"osm","resource":"planet","version":"2026-07-26T00:00:00.000Z"}],"names":{"primary":"Scuola Primaria \"Bacone\"","common":null,"rules":null},"source_tags":[["amenity","school"],["education","school"]],"subtype":"education","class":"school","version":1}},
{"id":"f0e5663a-e974-3a5d-af9b-36daea7a1374","type":"Feature","geometry":{"type":"Polygon","coordinates":[[[9.2167808,45.4814006],[9.2167755,45.4816658],[9.215971,45.4820706],[9.2159699,45.4820557],[9.2159811,45.4818648],[9.2159863,45.4816835],[9.2162953,45.4816828],[9.2162951,45.4816344],[9.216172,45.4816347],[9.2161716,45.4815414],[9.2160808,45.48154],[9.2160797,45.4814406],[9.2159729,45.4814392],[9.2159792,45.48121],[9.2167808,45.4814006]]]},"properties":{"sources":[{"property":"","dataset":"OpenStreetMap","license":"ODbL-1.0","record_id":"w1510614490@1","update_time":"2026-05-08T17:13:02.000Z","confidence":null,"between":null,"provider":"osm","resource":"planet","version":"2026-07-26T00:00:00.000Z"}],"names":{"primary":"Scuola Infanzia Matteucci","common":null,"rules":null},"source_tags":[["amenity","kindergarten"],["education","kindergarten"]],"subtype":"education","class":"kindergarten","version":1}},
{"id":"f7ae70ce-ebea-3a00-becc-3a36c006f7c7","type":"Feature","geometry":{"type":"Polygon","coordinates":[[[9.218416,45.4859028],[9.2184161,45.4858907],[9.2184172,45.4857961],[9.2184167,45.4857719],[9.2184125,45.4856283],[9.2184119,45.485388],[9.2184125,45.485267],[9.2184126,45.4851996],[9.218413,45.4851323],[9.2172405,45.4851215],[9.2172524,45.4845865],[9.2172568,45.4844048],[9.2172667,45.4839854],[9.2173456,45.483879],[9.2174344,45.4837637],[9.2175981,45.4836781],[9.2190543,45.48295],[9.2194451,45.4827497],[9.2209068,45.4820248],[9.2213318,45.4818071],[9.2219662,45.4814948],[9.2221913,45.4813808],[9.2223388,45.4813066],[9.2224881,45.4812314],[9.2225545,45.481198],[9.2227781,45.4810845],[9.2227916,45.4810746],[9.2228381,45.4810515],[9.2229057,45.4810179],[9.2229934,45.4809742],[9.2230994,45.4809217],[9.2232135,45.480865],[9.223261,45.4808852],[9.2233226,45.4809036],[9.2233838,45.4809175],[9.2234583,45.4809271],[9.2235181,45.4808536],[9.223612,45.4809589],[9.2233907,45.4859515],[9.2193838,45.4859222],[9.218416,45.4859028]]]},"properties":{"sources":[{"property":"","dataset":"OpenStreetMap","license":"ODbL-1.0","record_id":"w437097156@3","update_time":"2024-09-28T21:36:49.000Z","confidence":null,"between":null,"provider":"osm","resource":"planet","version":"2026-07-26T00:00:00.000Z"}],"source_tags":[["landuse","residential"]],"subtype":"residential","class":"residential","version":0}},
{"id":"90b65bdf-3c3d-3efa-b383-10aa8eebd92d","type":"Feature","geometry":{"type":"Polygon","coordinates":[[[9.2163952,45.4812085],[9.2167378,45.4812962],[9.2167263,45.4813175],[9.2164045,45.4812418],[9.2163952,45.4812085]]]},"properties":{"sources":[{"property":"","dataset":"OpenStreetMap","license":"ODbL-1.0","record_id":"w1317345478@1","update_time":"2024-09-22T09:08:18.000Z","confidence":null,"between":null,"provider":"osm","resource":"planet","version":"2026-07-26T00:00:00.000Z"}],"source_tags":[["landuse","grass"]],"subtype":"managed","class":"grass","version":0}},
{"id":"0be12eca-8cb8-3f8e-9c74-6ce13bec3d26","type":"Feature","geometry":{"type":"Polygon","coordinates":[[[9.2174367,45.4833235],[9.2173489,45.4832913],[9.2172635,45.48326],[9.2173127,45.4814444],[9.2173019,45.4813291],[9.2173174,45.4803662],[9.2173216,45.4802193],[9.2173349,45.4792165],[9.2173524,45.4790835],[9.2173643,45.4781275],[9.2173726,45.4771143],[9.2175485,45.4770514],[9.2193212,45.4779979],[9.2193217,45.4781375],[9.2193051,45.4782658],[9.2195104,45.4782596],[9.219836,45.4782604],[9.2199323,45.4783109],[9.2203199,45.4785088],[9.2206039,45.4786563],[9.2210201,45.4788823],[9.2210237,45.479122],[9.2210034,45.4792429],[9.2211157,45.4793233],[9.2213443,45.479313],[9.2217142,45.4791976],[9.2229079,45.4799854],[9.222849,45.4800563],[9.2228124,45.4801221],[9.2227851,45.480197],[9.2227711,45.480265],[9.2227696,45.4803925],[9.2227797,45.4804372],[9.2228372,45.4805655],[9.2228657,45.4806065],[9.2224486,45.4808053],[9.2223339,45.4808624],[9.2221551,45.4809514],[9.2218563,45.4811069],[9.2215412,45.4812713],[9.2210999,45.4814975],[9.2206929,45.4816969],[9.2205132,45.4817871],[9.2201284,45.4819752],[9.2199822,45.4820467],[9.2197789,45.4821462],[9.2196376,45.4822153],[9.2192516,45.4824159],[9.219143,45.4824708],[9.2190527,45.4825164],[9.2188473,45.4826202],[9.2188075,45.4826403],[9.2186399,45.482725],[9.2186098,45.4827433],[9.2184271,45.4828331],[9.2182472,45.4829216],[9.2182115,45.4829399],[9.2180075,45.4830425],[9.2179773,45.4830598],[9.2179531,45.4830716],[9.2178334,45.4831324],[9.2178044,45.483147],[9.2176478,45.4832261],[9.2176178,45.4832412],[9.2174367,45.4833235]]]},"properties":{"sources":[{"property":"","dataset":"OpenStreetMap","license":"ODbL-1.0","record_id":"w383559165@4","update_time":"2023-11-17T22:16:26.000Z","confidence":null,"between":null,"provider":"osm","resource":"planet","version":"2026-07-26T00:00:00.000Z"}],"source_tags":[["landuse","residential"]],"subtype":"residential","class":"residential","version":0}},
{"id":"4597759a-a133-3ab0-a510-18a980c68b20","type":"Feature","geometry":{"type":"Polygon","coordinates":[[[9.2133253,45.4789798],[9.2142322,45.479855],[9.2140965,45.4799228],[9.2138551,45.4800436],[9.2129615,45.4791779],[9.2133253,45.4789798]]]},"properties":{"sources":[{"property":"","dataset":"OpenStreetMap","license":"ODbL-1.0","record_id":"w23389026@4","update_time":"2024-09-22T09:40:36.000Z","confidence":null,"between":null,"provider":"osm","resource":"planet","version":"2026-07-26T00:00:00.000Z"}],"source_tags":[["leisure","park"]],"subtype":"park","class":"park","version":0}},
{"id":"dff35d57-b782-3372-a7dd-ce5bed46b2d1","type":"Feature","geometry":{"type":"Polygon","coordinates":[[[9.2137334,45.4777187],[9.213605,45.4775814],[9.2137316,45.4775231],[9.2138601,45.4776604],[9.2137334,45.4777187]]]},"properties":{"sources":[{"property":"","dataset":"OpenStreetMap","license":"ODbL-1.0","record_id":"w338486984@2","update_time":"2017-12-10T16:28:32.000Z","confidence":null,"between":null,"provider":"osm","resource":"planet","version":"2026-07-26T00:00:00.000Z"}],"source_tags":[["leisure","pitch"],["sport","basketball"]],"subtype":"recreation","class":"pitch","surface":"recreation_paved","version":0}},
{"id":"fc67d08c-9411-338b-96b4-5f0db041bd68","type":"Feature","geometry":{"type":"Polygon","coordinates":[[[9.2134225,45.4778743],[9.2131153,45.4775729],[9.2133194,45.4774706],[9.2136266,45.4777721],[9.2134225,45.4778743]]]},"properties":{"sources":[{"property":"","dataset":"OpenStreetMap","license":"ODbL-1.0","record_id":"w338486981@2","update_time":"2017-12-10T16:28:32.000Z","confidence":null,"between":null,"provider":"osm","resource":"planet","version":"2026-07-26T00:00:00.000Z"}],"source_tags":[["leisure","pitch"],["sport","soccer"]],"subtype":"recreation","class":"pitch","surface":"recreation_grass","version":0}},
{"id":"d868c032-fd44-3230-b7e9-1538153a0788","type":"Feature","geometry":{"type":"Polygon","coordinates":[[[9.2122276,45.4778838],[9.2122458,45.4779021],[9.2130696,45.4787286],[9.2130376,45.4787443],[9.2129989,45.4787633],[9.2127603,45.4788802],[9.2126968,45.4789113],[9.2118548,45.4780664],[9.2121529,45.4779204],[9.2121917,45.4779014],[9.2122276,45.4778838]]]},"properties":{"sources":[{"property":"","dataset":"OpenStreetMap","license":"ODbL-1.0","record_id":"w23389024@4","update_time":"2024-09-22T09:40:36.000Z","confidence":null,"between":null,"provider":"osm","resource":"planet","version":"2026-07-26T00:00:00.000Z"}],"source_tags":[["leisure","park"]],"subtype":"park","class":"park","version":0}},
{"id":"cb93edb5-1a15-3558-a057-e82a37663de2","type":"Feature","geometry":{"type":"Polygon","coordinates":[[[9.2124866,45.4785583],[9.2124554,45.4785262],[9.2123936,45.4784625],[9.2125701,45.4783783],[9.2126327,45.4784427],[9.2126631,45.4784741],[9.2124866,45.4785583]]]},"properties":{"sources":[{"property":"","dataset":"OpenStreetMap","license":"ODbL-1.0","record_id":"w495801235@2","update_time":"2025-05-14T16:38:46.000Z","confidence":null,"between":null,"provider":"osm","resource":"planet","version":"2026-07-26T00:00:00.000Z"}],"source_tags":[["barrier","fence"],["leisure","pitch"],["lit","yes"],["sport","chess"]],"subtype":"recreation","class":"pitch","version":0}},
{"id":"bc24b70e-0872-31e7-b6bb-8bcf523b0bfe","type":"Feature","geometry":{"type":"Polygon","coordinates":[[[9.2120402,45.478085],[9.2121995,45.478009],[9.2124688,45.4782865],[9.2123096,45.4783624],[9.2120402,45.478085]]]},"properties":{"sources":[{"property":"","dataset":"OpenStreetMap","license":"ODbL-1.0","record_id":"w495801239@2","update_time":"2024-03-02T14:53:02.000Z","confidence":null,"between":null,"provider":"osm","resource":"planet","version":"2026-07-26T00:00:00.000Z"}],"source_tags":[["access","yes"],["barrier","fence"],["leisure","playground"]],"subtype":"recreation","class":"playground","version":0}},
{"id":"6aadd2a9-bbba-3dc0-a3fa-8f27ba973628","type":"Feature","geometry":{"type":"Polygon","coordinates":[[[9.2118103,45.4774652],[9.2120793,45.4777349],[9.2120615,45.4777463],[9.2120426,45.4777528],[9.2117878,45.4778778],[9.2117646,45.4778892],[9.2117078,45.4779171],[9.2114388,45.4776474],[9.2114952,45.4776198],[9.2117754,45.4774823],[9.2118103,45.4774652]]]},"properties":{"sources":[{"property":"","dataset":"OpenStreetMap","license":"ODbL-1.0","record_id":"w23389025@9","update_time":"2025-07-15T09:28:19.000Z","confidence":null,"between":null,"provider":"osm","resource":"planet","version":"2026-07-26T00:00:00.000Z"}],"source_tags":[["leisure","park"],["wheelchair","yes"]],"subtype":"park","class":"park","version":0}},
{"id":"623c40b3-1d0d-3c56-bfb9-48d3fec261fe","type":"Feature","geometry":{"type":"Polygon","coordinates":[[[9.2117946,45.4778616],[9.2117704,45.4778373],[9.2115645,45.4776312],[9.2115411,45.4776079],[9.2117614,45.4774996],[9.2118022,45.4775404],[9.2120149,45.4777534],[9.2117946,45.4778616]]]},"properties":{"sources":[{"property":"","dataset":"OpenStreetMap","license":"ODbL-1.0","record_id":"w340424559@2","update_time":"2025-07-15T09:28:09.000Z","confidence":null,"between":null,"provider":"osm","resource":"planet","version":"2026-07-26T00:00:00.000Z"}],"source_tags":[["barrier","fence"],["leisure","dog_park"],["wheelchair","yes"]],"subtype":"park","class":"dog_park","version":0}},
{"id":"0749a170-c8b1-338c-966a-b7bdfb5f4e8e","type":"Feature","geometry":{"type":"Polygon","coordinates":[[[9.2125592,45.4785993],[9.2127004,45.4785319],[9.2128883,45.4787255],[9.212747,45.4787929],[9.2125592,45.4785993]]]},"properties":{"sources":[{"property":"","dataset":"OpenStreetMap","license":"ODbL-1.0","record_id":"w495801232@3","update_time":"2024-03-02T14:52:49.000Z","confidence":null,"between":null,"provider":"osm","resource":"planet","version":"2026-07-26T00:00:00.000Z"}],"source_tags":[["barrier","fence"],["leisure","pitch"],["lit","yes"],["sport","boules"],["surface","concrete"]],"subtype":"recreation","class":"pitch","surface":"recreation_paved","version":0}},
{"id":"352862c1-b7bc-30eb-b2d0-91195053698e","type":"Feature","geometry":{"type":"Polygon","coordinates":[[[9.2111623,45.4800931],[9.2111666,45.4800968],[9.2113163,45.4802244],[9.2116965,45.4802389],[9.2116647,45.4802537],[9.2112297,45.4804538],[9.2112143,45.4804625],[9.2109742,45.4802184],[9.2109552,45.480199],[9.2109861,45.4801832],[9.2111273,45.480108799999996],[9.2111623,45.4800931]]]},"properties":{"sources":[{"property":"","dataset":"OpenStreetMap","license":"ODbL-1.0","record_id":"w206505867@13","update_time":"2025-11-11T21:04:53.000Z","confidence":null,"between":null,"provider":"osm","resource":"planet","version":"2026-07-26T00:00:00.000Z"}],"names":{"primary":"Piazza Lima","common":null,"rules":null},"wikidata":"Q60469097","source_tags":[["area","yes"],["highway","pedestrian"],["lit","yes"],["smoothness","intermediate"],["surface","sett"]],"subtype":"pedestrian","class":"pedestrian","surface":"sett","version":0}},
{"id":"77eec306-dd36-3209-ad4f-c6d6cc2b0ce3","type":"Feature","geometry":{"type":"Polygon","coordinates":[[[9.2116021,45.4803393],[9.2116034,45.4803261],[9.2116638,45.4803045],[9.211696,45.480297],[9.2119427,45.4803017],[9.2119682,45.480313],[9.2119669,45.4803224],[9.2117992,45.4803167],[9.2117952,45.4803619],[9.2119602,45.4803656],[9.2119588,45.4803769],[9.2119293,45.4803835],[9.2116973,45.480376],[9.2116638,45.4803675],[9.2116021,45.4803393]]]},"properties":{"sources":[{"property":"","dataset":"OpenStreetMap","license":"ODbL-1.0","record_id":"w964581167@2","update_time":"2024-09-22T09:46:51.000Z","confidence":null,"between":null,"provider":"osm","resource":"planet","version":"2026-07-26T00:00:00.000Z"}],"source_tags":[["landuse","flowerbed"]],"subtype":"horticulture","class":"flowerbed","version":0}},
{"id":"6035818b-d8ba-3df8-90b9-9d06633daa9b","type":"Feature","geometry":{"type":"Polygon","coordinates":[[[9.2148543,45.4805771],[9.2145903,45.4807095],[9.2143912,45.4805143],[9.2146553,45.4803819],[9.2148543,45.4805771]]]},"properties":{"sources":[{"property":"","dataset":"OpenStreetMap","license":"ODbL-1.0","record_id":"w254609375@5","update_time":"2025-07-21T09:06:58.000Z","confidence":null,"between":null,"provider":"osm","resource":"planet","version":"2026-07-26T00:00:00.000Z"}],"source_tags":[["access","yes"],["leisure","playground"],["wheelchair","yes"]],"subtype":"recreation","class":"playground","version":0}},
{"id":"bacaa3ed-8c58-330f-8a95-f0c04ca5fad5","type":"Feature","geometry":{"type":"Polygon","coordinates":[[[9.2143912,45.4805143],[9.2143634,45.4804873],[9.2146279,45.4803552],[9.2146553,45.4803819],[9.2143912,45.4805143]]]},"properties":{"sources":[{"property":"","dataset":"OpenStreetMap","license":"ODbL-1.0","record_id":"w982097102@6","update_time":"2025-07-21T09:07:13.000Z","confidence":null,"between":null,"provider":"osm","resource":"planet","version":"2026-07-26T00:00:00.000Z"}],"source_tags":[["access","yes"],["leisure","pitch"],["lit","yes"],["sport","soccer"],["surface","artificial_turf"],["wheelchair","yes"]],"subtype":"recreation","class":"pitch","surface":"recreation_grass","version":0}},
{"id":"2adcf195-1d94-35c2-9b14-1dffc86a3cd7","type":"Feature","geometry":{"type":"Polygon","coordinates":[[[9.214253,45.4800461],[9.2143036,45.4800479],[9.2144672,45.480142],[9.214481,45.480181],[9.2144831,45.4802083],[9.2144644,45.4802414],[9.2144235,45.4802807],[9.2142853,45.4803463],[9.2142445,45.4803654],[9.2140889,45.4801219],[9.2142125,45.480061],[9.214253,45.4800461]]]},"properties":{"sources":[{"property":"","dataset":"OpenStreetMap","license":"ODbL-1.0","record_id":"w23389173@9","update_time":"2025-07-21T09:09:32.000Z","confidence":null,"between":null,"provider":"osm","resource":"planet","version":"2026-07-26T00:00:00.000Z"}],"source_tags":[["barrier","fence"],["leisure","dog_park"],["wheelchair","no"]],"subtype":"park","class":"dog_park","version":0}},
{"id":"1d9fc646-480f-3d06-a914-50448845af67","type":"Feature","geometry":{"type":"Polygon","coordinates":[[[9.2138832,45.4831836],[9.2109392,45.4801959],[9.2133402,45.4788727],[9.2143915,45.478298],[9.2147103,45.4781515],[9.2147446,45.4781727],[9.2147747,45.478183],[9.214804,45.4781892],[9.2148496,45.4781904],[9.2148977,45.478183],[9.2149327,45.4781704],[9.2149786,45.4781429],[9.2150031,45.4781166],[9.215012,45.4780961],[9.2150169,45.4780715],[9.2150153,45.4780447],[9.2150079,45.4780179],[9.2149949,45.4779962],[9.2152704,45.4777843],[9.2165675,45.477095],[9.2167796,45.4770238],[9.2168525,45.4770114],[9.216963,45.4770222],[9.2168465,45.4787395],[9.2167332,45.4787805],[9.2167234,45.478934],[9.2167195,45.479111],[9.2167097,45.4792793],[9.2168266,45.4793151],[9.2168067,45.4810672],[9.2167987,45.4817671],[9.2138832,45.4831836]]]},"properties":{"sources":[{"property":"","dataset":"OpenStreetMap","license":"ODbL-1.0","record_id":"w438227426@4","update_time":"2024-02-26T17:17:08.000Z","confidence":null,"between":null,"provider":"osm","resource":"planet","version":"2026-07-26T00:00:00.000Z"}],"source_tags":[["landuse","residential"]],"subtype":"residential","class":"residential","version":0}},
{"id":"d982da1e-6bbb-320b-9d0c-37031f963901","type":"Feature","geometry":{"type":"Polygon","coordinates":[[[9.2137164,45.4806511],[9.2136686,45.4805295],[9.2136133,45.4803981],[9.2136701,45.4803574],[9.2137888,45.4801927],[9.2138017,45.4801846],[9.2138173,45.4801835],[9.2138269,45.48019],[9.2139455,45.4803489],[9.2139459,45.480367],[9.2139329,45.4803857],[9.2139053,45.4804045],[9.213877,45.480412],[9.2137964,45.4804146],[9.2137976,45.4804466],[9.2138812,45.4804504],[9.213924,45.4804453],[9.2139669,45.4804349],[9.2139779,45.4804339],[9.2139896,45.4804328],[9.2140056,45.4804426],[9.214032,45.4804864],[9.214025,45.4805045],[9.2139842,45.4805236],[9.2137164,45.4806511]]]},"properties":{"sources":[{"property":"","dataset":"OpenStreetMap","license":"ODbL-1.0","record_id":"w40035741@8","update_time":"2024-09-22T09:40:36.000Z","confidence":null,"between":null,"provider":"osm","resource":"planet","version":"2026-07-26T00:00:00.000Z"}],"source_tags":[["leisure","park"]],"subtype":"park","class":"park","version":0}},
{"id":"251caa8f-ed3e-3bd9-9168-22da40f5099b","type":"Feature","geometry":{"type":"Polygon","coordinates":[[[9.21477,45.4802836],[9.2152895,45.4807929],[9.2152553,45.4808101],[9.2147835,45.4810467],[9.2147709,45.481053],[9.2142513,45.4805437],[9.2143634,45.4804873],[9.2146279,45.4803552],[9.21477,45.4802836]]]},"properties":{"sources":[{"property":"","dataset":"OpenStreetMap","license":"ODbL-1.0","record_id":"w23389171@8","update_time":"2025-07-21T09:06:19.000Z","confidence":null,"between":null,"provider":"osm","resource":"planet","version":"2026-07-26T00:00:00.000Z"}],"names":{"primary":"Piazzale Francesco Bacone","common":null,"rules":null},"source_tags":[["leisure","park"],["wheelchair","yes"]],"subtype":"park","class":"park","version":0}},
{"id":"1aeba518-b598-3eca-83e1-db61dab646e1","type":"Feature","geometry":{"type":"Polygon","coordinates":[[[9.2152895,45.4807929],[9.2153105,45.4808124],[9.2153275,45.4808259],[9.2153599,45.4808542],[9.2153496,45.4808588],[9.2153157,45.4808461],[9.2153069,45.4808428],[9.2152839,45.480831],[9.2152553,45.4808101],[9.2152895,45.4807929]]]},"properties":{"sources":[{"property":"","dataset":"OpenStreetMap","license":"ODbL-1.0","record_id":"w1317352210@2","update_time":"2024-11-26T14:30:12.000Z","confidence":null,"between":null,"provider":"osm","resource":"planet","version":"2026-07-26T00:00:00.000Z"}],"source_tags":[["area","yes"],["highway","pedestrian"],["lit","yes"]],"subtype":"pedestrian","class":"pedestrian","version":0}},
{"id":"69e25f20-042a-36b3-bd00-ed9ce0692a19","type":"Feature","geometry":{"type":"Polygon","coordinates":[[[9.2158108,45.4810618],[9.215801,45.4810807],[9.2156181,45.4810356],[9.2156275,45.4810164],[9.2158108,45.4810618]]]},"properties":{"sources":[{"property":"","dataset":"OpenStreetMap","license":"ODbL-1.0","record_id":"w1317345480@1","update_time":"2024-09-22T09:08:18.000Z","confidence":null,"between":null,"provider":"osm","resource":"planet","version":"2026-07-26T00:00:00.000Z"}],"source_tags":[["landuse","grass"]],"subtype":"managed","class":"grass","version":0}},
{"id":"1240ccd6-fe5d-3049-ac24-6814250f81e3","type":"Feature","geometry":{"type":"Polygon","coordinates":[[[9.2147835,45.4810467],[9.2148055,45.4810681],[9.2148252,45.4810873],[9.214862,45.4811065],[9.2148396,45.4811172],[9.214815,45.4811289],[9.2147739,45.4811485],[9.2147537,45.4811283],[9.2147308,45.4811054],[9.2147097,45.4810843],[9.2147709,45.481053],[9.2147835,45.4810467]]]},"properties":{"sources":[{"property":"","dataset":"OpenStreetMap","license":"ODbL-1.0","record_id":"w1317352201@3","update_time":"2024-11-21T11:13:30.000Z","confidence":null,"between":null,"provider":"osm","resource":"planet","version":"2026-07-26T00:00:00.000Z"}],"source_tags":[["area","yes"],["highway","pedestrian"],["lit","yes"]],"subtype":"pedestrian","class":"pedestrian","version":0}},
{"id":"ac337755-1076-3992-9a75-533617148c2c","type":"Feature","geometry":{"type":"Polygon","coordinates":[[[9.2158649,45.4810723],[9.2160595,45.4811214],[9.2160229,45.4811346],[9.2158537,45.4810932],[9.2158649,45.4810723]]]},"properties":{"sources":[{"property":"","dataset":"OpenStreetMap","license":"ODbL-1.0","record_id":"w1317345479@1","update_time":"2024-09-22T09:08:18.000Z","confidence":null,"between":null,"provider":"osm","resource":"planet","version":"2026-07-26T00:00:00.000Z"}],"source_tags":[["landuse","grass"]],"subtype":"managed","class":"grass","version":0}},
{"id":"e198f414-eb0c-3aac-a69f-81097ffdd7b0","type":"Feature","geometry":{"type":"Polygon","coordinates":[[[9.2149675,45.4815545],[9.2149495,45.4815549],[9.2148214,45.4815584],[9.2148211,45.4815409],[9.2148157,45.481392],[9.2148171,45.481296],[9.2148175,45.4812657],[9.2148173,45.4812601],[9.2148166,45.4812324],[9.2149102,45.4811856],[9.2150234,45.4811282],[9.2153095,45.4809831],[9.2153628,45.4809711],[9.2154146,45.4809592],[9.215447,45.4809608],[9.2154932,45.480963],[9.2155406,45.4809731],[9.2156383,45.480995],[9.2156275,45.4810164],[9.2156181,45.4810356],[9.215801,45.4810807],[9.2158234,45.4810858],[9.2158537,45.4810932],[9.2160229,45.4811346],[9.2160595,45.4811214],[9.216092,45.4811097],[9.216326,45.4811675],[9.2163321,45.4811924],[9.2163952,45.4812085],[9.2164045,45.4812418],[9.2167263,45.4813175],[9.2167378,45.4812962],[9.2167437,45.4812848],[9.2167915,45.4813206],[9.2168242,45.4813589],[9.216839,45.4814082],[9.2168205,45.4814043],[9.215402,45.4810674],[9.2151643,45.4811826],[9.2151143,45.4812077],[9.2149682,45.4812914],[9.2149675,45.4815545]]]},"properties":{"sources":[{"property":"","dataset":"OpenStreetMap","license":"ODbL-1.0","record_id":"w990430102@9","update_time":"2026-05-08T17:13:02.000Z","confidence":null,"between":null,"provider":"osm","resource":"planet","version":"2026-07-26T00:00:00.000Z"}],"source_tags":[["area","yes"],["highway","pedestrian"],["lit","yes"]],"subtype":"pedestrian","class":"pedestrian","version":0}},
{"id":"b30785e3-daad-325f-8567-320402171ec3","type":"Feature","geometry":{"type":"Polygon","coordinates":[[[9.2144305,45.4814923],[9.2146515,45.4813811],[9.2147481,45.4813325],[9.2147463,45.4813937],[9.2147483,45.4815437],[9.2147488,45.4815625],[9.2146299,45.4815643],[9.2144968,45.481514],[9.2144305,45.4814923]]]},"properties":{"sources":[{"property":"","dataset":"OpenStreetMap","license":"ODbL-1.0","record_id":"w990430101@6","update_time":"2025-07-14T18:02:50.000Z","confidence":null,"between":null,"provider":"osm","resource":"planet","version":"2026-07-26T00:00:00.000Z"}],"source_tags":[["area","yes"],["highway","pedestrian"],["lit","yes"],["surface","asphalt"]],"subtype":"pedestrian","class":"pedestrian","surface":"asphalt","version":0}},
{"id":"89730163-b324-3e15-b379-d8feb1d0b62a","type":"Feature","geometry":{"type":"Polygon","coordinates":[[[9.2145643,45.481321199999996],[9.2145866,45.4812225],[9.2145503,45.4811863],[9.2145886,45.4811668],[9.2146583,45.4811311],[9.2146653,45.4811386],[9.2147174,45.4811935],[9.2147302,45.4812235],[9.2147302,45.4812553],[9.2147242,45.481263],[9.214714,45.4812799],[9.2146652,45.4813117],[9.2146136,45.4813384],[9.214589,45.4813513],[9.2145723,45.481331],[9.2145643,45.481321199999996]]]},"properties":{"sources":[{"property":"","dataset":"OpenStreetMap","license":"ODbL-1.0","record_id":"w1317352198@2","update_time":"2024-11-15T07:39:16.000Z","confidence":null,"between":null,"provider":"osm","resource":"planet","version":"2026-07-26T00:00:00.000Z"}],"source_tags":[["area","yes"],["highway","pedestrian"],["lit","yes"]],"subtype":"pedestrian","class":"pedestrian","version":0}},
{"id":"f5ba9373-6f5d-35a6-b1d0-014ae9b3f916","type":"Feature","geometry":{"type":"Polygon","coordinates":[[[9.2081225,45.4811155],[9.2079373,45.4809303],[9.2078767,45.4808697],[9.2080905,45.4807646],[9.2082599,45.480934],[9.2083363,45.4810104],[9.2081225,45.4811155]]]},"properties":{"sources":[{"property":"","dataset":"OpenStreetMap","license":"ODbL-1.0","record_id":"w492064381@2","update_time":"2020-12-10T19:02:28.000Z","confidence":null,"between":null,"provider":"osm","resource":"planet","version":"2026-07-26T00:00:00.000Z"}],"source_tags":[["access","yes"],["barrier","fence"],["leisure","playground"]],"subtype":"recreation","class":"playground","version":0}},
{"id":"bde7280e-3fde-32ae-9176-d3659b8c741b","type":"Feature","geometry":{"type":"Polygon","coordinates":[[[9.2075229,45.4801079],[9.2075464,45.4801314],[9.2085948,45.4811799],[9.2082562,45.4813463],[9.2072078,45.4802978],[9.2071843,45.4802744],[9.2075229,45.4801079]]]},"properties":{"sources":[{"property":"","dataset":"OpenStreetMap","license":"ODbL-1.0","record_id":"w24790629@5","update_time":"2019-04-05T21:37:31.000Z","confidence":null,"between":null,"provider":"osm","resource":"planet","version":"2026-07-26T00:00:00.000Z"}],"names":{"primary":"Giardini Giovanni Falcone Paolo Borsellino","common":null,"rules":null},"source_tags":[["leisure","park"]],"subtype":"park","class":"park","version":0}},
{"id":"28c1eb23-68d5-3278-a7d9-3625a45faa3f","type":"Feature","geometry":{"type":"Polygon","coordinates":[[[9.2077079,45.4807218],[9.207564,45.4805757],[9.20755,45.4805614],[9.2077806,45.4804498],[9.2079224,45.4805937],[9.2079385,45.4806101],[9.2077079,45.4807218]]]},"properties":{"sources":[{"property":"","dataset":"OpenStreetMap","license":"ODbL-1.0","record_id":"w492064384@1","update_time":"2017-05-08T08:37:02.000Z","confidence":null,"between":null,"provider":"osm","resource":"planet","version":"2026-07-26T00:00:00.000Z"}],"source_tags":[["barrier","fence"],["leisure","dog_park"]],"subtype":"park","class":"dog_park","version":0}},
{"id":"4d65b453-8303-33b8-9d7c-df8bd46d2bd9","type":"Feature","geometry":{"type":"Polygon","coordinates":[[[9.2057401,45.4828977],[9.2047158,45.4819371],[9.2046402,45.481977],[9.2044899,45.4820544],[9.2043981,45.4821002],[9.2042485,45.4821763],[9.2042207,45.4821905],[9.2039887,45.482308],[9.2038228,45.4823935],[9.2037497,45.4824314],[9.2036244,45.4823127],[9.2035839,45.4822965],[9.203528,45.4822869],[9.2034594,45.4822911],[9.2034756,45.4822844],[9.2035038,45.4822568],[9.2035527,45.4820194],[9.2035534,45.4819727],[9.2035478,45.4819508],[9.2035173,45.4819126],[9.203484,45.4818917],[9.2034514,45.4818803],[9.2036516,45.4810198],[9.2038633,45.480048],[9.2036749,45.4800294],[9.2035903,45.4799604],[9.203924,45.4797985],[9.2066487,45.4824074],[9.2057401,45.4828977]]]},"properties":{"sources":[{"property":"","dataset":"OpenStreetMap","license":"ODbL-1.0","record_id":"w547097397@1","update_time":"2023-07-25T13:17:55.000Z","confidence":null,"between":null,"provider":"osm","resource":"planet","version":"2026-07-26T00:00:00.000Z"}],"source_tags":[["landuse","residential"]],"subtype":"residential","class":"residential","version":0}},
{"id":"13c34e3c-1ae9-3728-947d-ab2da1a842f2","type":"Feature","geometry":{"type":"Polygon","coordinates":[[[9.2041309,45.4801488],[9.2040853,45.4801439],[9.2040877,45.4801328],[9.2040301,45.4801268],[9.2040277,45.4801379],[9.2039677,45.4801317],[9.2039586,45.4801307],[9.2039215,45.4801269],[9.2039027,45.4800966],[9.2038463,45.4800905],[9.2038171,45.4800873],[9.2037861,45.4801058],[9.2037495,45.4801018],[9.2037412,45.4801009],[9.2035252,45.4800783],[9.2035163,45.4800705],[9.2035049,45.4800603],[9.2035115,45.4800346],[9.2036088,45.4799858],[9.2038581,45.4798609],[9.2039168,45.4798315],[9.2039345,45.479849],[9.2041604,45.4800722],[9.2041565,45.4800823],[9.2041381,45.4801302],[9.2041309,45.4801488]]]},"properties":{"sources":[{"property":"","dataset":"OpenStreetMap","license":"ODbL-1.0","record_id":"w1342471699@1","update_time":"2024-12-13T16:46:42.000Z","confidence":null,"between":null,"provider":"osm","resource":"planet","version":"2026-07-26T00:00:00.000Z"}],"names":{"primary":"Piazza Cincinnato","common":null,"rules":null},"source_tags":[["area","yes"],["highway","pedestrian"],["lit","yes"],["surface","paving_stones"]],"subtype":"pedestrian","class":"pedestrian","surface":"paving_stones","version":0}},
{"id":"3a245e06-1dbb-3b2d-8a04-5059cdf58eea","type":"Feature","geometry":{"type":"MultiPolygon","coordinates":[[[[9.204466,45.4796176],[9.2044237,45.4796364],[9.2043295,45.4800488],[9.2043188,45.480054],[9.2043092,45.4800586],[9.2042503,45.4800474],[9.2042232,45.4800423],[9.2040008,45.4798149],[9.2039827,45.4797964],[9.2040103,45.4797836],[9.2043528,45.4796238],[9.2044037,45.4796],[9.2044547,45.4796053],[9.204466,45.4796176]]],[[[9.2041604,45.4800722],[9.2041565,45.4800823],[9.2041381,45.4801302],[9.2041309,45.4801488],[9.2040853,45.4801439],[9.2040877,45.4801328],[9.2040301,45.4801268],[9.2040277,45.4801379],[9.2039677,45.4801317],[9.2039586,45.4801307],[9.2039215,45.4801269],[9.2039027,45.4800966],[9.2038463,45.4800905],[9.2038171,45.4800873],[9.2037861,45.4801058],[9.2037495,45.4801018],[9.2037412,45.4801009],[9.2035252,45.4800783],[9.2035163,45.4800705],[9.2035049,45.4800603],[9.2035115,45.4800346],[9.2036088,45.4799858],[9.2038581,45.4798609],[9.2039168,45.4798315],[9.2039345,45.479849],[9.2041604,45.4800722]]]]},"properties":{"sources":[{"property":"","dataset":"OpenStreetMap","license":"ODbL-1.0","record_id":"r18418593@1","update_time":"2024-12-13T16:46:42.000Z","confidence":null,"between":null,"provider":"osm","resource":"planet","version":"2026-07-26T00:00:00.000Z"}],"names":{"primary":"Piazza Cincinnato","common":null,"rules":null},"source_tags":[["area","yes"],["highway","pedestrian"],["lit","yes"],["surface","paving_stones"],["type","multipolygon"]],"subtype":"pedestrian","class":"pedestrian","surface":"paving_stones","version":1}},
{"id":"2a091c7c-5674-36a0-90fb-4534d263a529","type":"Feature","geometry":{"type":"Polygon","coordinates":[[[9.2043295,45.4800488],[9.2043188,45.480054],[9.2043092,45.4800586],[9.2042503,45.4800474],[9.2042232,45.4800423],[9.2040008,45.4798149],[9.2039827,45.4797964],[9.2040103,45.4797836],[9.2043528,45.4796238],[9.2044037,45.4796],[9.2044547,45.4796053],[9.204466,45.4796176],[9.2044237,45.4796364],[9.2043295,45.4800488]]]},"properties":{"sources":[{"property":"","dataset":"OpenStreetMap","license":"ODbL-1.0","record_id":"w1342471700@1","update_time":"2024-12-13T16:46:42.000Z","confidence":null,"between":null,"provider":"osm","resource":"planet","version":"2026-07-26T00:00:00.000Z"}],"names":{"primary":"Piazza Cincinnato","common":null,"rules":null},"source_tags":[["area","yes"],["highway","pedestrian"],["lit","yes"],["surface","paving_stones"]],"subtype":"pedestrian","class":"pedestrian","surface":"paving_stones","version":0}},
{"id":"866cad03-1287-3ce1-af88-932128cbdd80","type":"Feature","geometry":{"type":"Polygon","coordinates":[[[9.205799,45.4800547],[9.2055011,45.479728],[9.2052663,45.4794703],[9.2052385,45.4794398],[9.2053632,45.4793849],[9.2055569,45.479299],[9.2056803,45.4794307],[9.2058027,45.4795612],[9.2059703,45.4794803],[9.2059909,45.4794704],[9.2061148,45.4794107],[9.2064493,45.4797516],[9.2063275,45.4798103],[9.2059031,45.4800054],[9.205799,45.4800547]]]},"properties":{"sources":[{"property":"","dataset":"OpenStreetMap","license":"ODbL-1.0","record_id":"w492198187@6","update_time":"2025-10-26T08:49:38.000Z","confidence":null,"between":null,"provider":"osm","resource":"planet","version":"2026-07-26T00:00:00.000Z"}],"names":{"primary":"Liceo Scientifico Alessandro Volta","common":null,"rules":null},"wikidata":"Q52557697","source_tags":[["amenity","school"],["email","mips08000t@istruzione.it"],["fax","+39 02 29519953"],["isced:level","3"],["operator:type","public"],["phone","+39 02 29406185"],["ref","MIPS08000T"],["website","http://www.liceovolta.it/nuovo/"]],"subtype":"education","class":"school","version":0}},
{"id":"586a6d7f-faa3-3f5e-8977-ab88b033ac08","type":"Feature","geometry":{"type":"Polygon","coordinates":[[[9.2067554,45.479738],[9.2066284,45.4796079],[9.2068202,45.4795158],[9.2069472,45.4796459],[9.2067554,45.479738]]]},"properties":{"sources":[{"property":"","dataset":"OpenStreetMap","license":"ODbL-1.0","record_id":"w178632049@2","update_time":"2021-09-19T08:46:23.000Z","confidence":null,"between":null,"provider":"osm","resource":"planet","version":"2026-07-26T00:00:00.000Z"}],"source_tags":[["access","yes"],["leisure","playground"]],"subtype":"recreation","class":"playground","version":0}},
{"id":"7c2189ae-d03b-3c76-861a-1fa89c1db04c","type":"Feature","geometry":{"type":"Polygon","coordinates":[[[9.2088908,45.4782591],[9.2096256,45.4790222],[9.2104899,45.4798763],[9.2107891,45.4801709],[9.21062,45.4801996],[9.2101707,45.4804315],[9.2100242,45.48058],[9.2094072,45.4809055],[9.2087617,45.4812528],[9.2083374,45.481495],[9.2082134,45.4815006],[9.2077506,45.4817472],[9.2076984,45.4818434],[9.206666,45.4824037],[9.2066571,45.4824006],[9.2053368,45.4811346],[9.2039801,45.4798356],[9.2039335,45.4797922],[9.2059854,45.4788179],[9.2077911,45.4779321],[9.2078476,45.4779816],[9.2079284,45.478062],[9.2079138,45.4780692],[9.2081549,45.4783089],[9.2078211,45.4784775],[9.2077665,45.4785201],[9.2078335,45.4785918],[9.2078953,45.4786535],[9.2079454,45.4787034],[9.2081511,45.478602],[9.2083511,45.4785117],[9.2086332,45.4783838],[9.2086666,45.4783678],[9.2087408,45.4783321],[9.2088908,45.4782591]]]},"properties":{"sources":[{"property":"","dataset":"OpenStreetMap","license":"ODbL-1.0","record_id":"w525480020@3","update_time":"2023-12-14T14:02:33.000Z","confidence":null,"between":null,"provider":"osm","resource":"planet","version":"2026-07-26T00:00:00.000Z"}],"source_tags":[["landuse","residential"]],"subtype":"residential","class":"residential","version":0}},
{"id":"43fbabdf-1f2a-3340-bf4b-e4124ab177a8","type":"Feature","geometry":{"type":"Polygon","coordinates":[[[9.2058669,45.4789567],[9.2062055,45.4787902],[9.207439,45.480024],[9.2071004,45.4801904],[9.2058669,45.4789567]]]},"properties":{"sources":[{"property":"","dataset":"OpenStreetMap","license":"ODbL-1.0","record_id":"w24790630@5","update_time":"2019-04-05T21:37:31.000Z","confidence":null,"between":null,"provider":"osm","resource":"planet","version":"2026-07-26T00:00:00.000Z"}],"names":{"primary":"Giardini Giovanni Falcone Paolo Borsellino","common":null,"rules":null},"source_tags":[["leisure","park"]],"subtype":"park","class":"park","version":0}},
{"id":"4463e9af-df5c-3c51-88ac-138aa802260d","type":"Feature","geometry":{"type":"Polygon","coordinates":[[[9.2085361,45.4787376],[9.2084141,45.4786107],[9.2085146,45.4785646],[9.2085991,45.4786492],[9.2085361,45.4787376]]]},"properties":{"sources":[{"property":"","dataset":"OpenStreetMap","license":"ODbL-1.0","record_id":"w962957251@1","update_time":"2021-07-09T15:47:28.000Z","confidence":null,"between":null,"provider":"osm","resource":"planet","version":"2026-07-26T00:00:00.000Z"}],"source_tags":[["leisure","garden"]],"subtype":"horticulture","class":"garden","version":0}},
{"id":"17e5924e-553e-330e-98a0-63e7a980d418","type":"Feature","geometry":{"type":"Polygon","coordinates":[[[9.2079454,45.4787034],[9.2078335,45.4785918],[9.2077665,45.4785201],[9.2078211,45.4784775],[9.2081549,45.4783089],[9.2079138,45.4780692],[9.2079284,45.478062],[9.2078476,45.4779816],[9.2077911,45.4779321],[9.2083111,45.4776757],[9.2088908,45.4782591],[9.2087408,45.4783321],[9.2086666,45.4783678],[9.2086332,45.4783838],[9.2083511,45.4785117],[9.2081511,45.478602],[9.2079454,45.4787034]]]},"properties":{"sources":[{"property":"","dataset":"OpenStreetMap","license":"ODbL-1.0","record_id":"w525480019@2","update_time":"2023-12-14T14:02:33.000Z","confidence":null,"between":null,"provider":"osm","resource":"planet","version":"2026-07-26T00:00:00.000Z"}],"source_tags":[["landuse","retail"]],"subtype":"developed","class":"retail","version":0}},
{"id":"e92e8466-c74a-3f99-860b-4fa630350ac8","type":"Feature","geometry":{"type":"Polygon","coordinates":[[[9.2070804,45.4780648],[9.2070067,45.477982],[9.2070912,45.4779397],[9.2069959,45.4778325],[9.2072253,45.4777262],[9.2073983,45.47792],[9.2070804,45.4780648]]]},"properties":{"sources":[{"property":"","dataset":"OpenStreetMap","license":"ODbL-1.0","record_id":"w964933359@1","update_time":"2021-07-16T11:33:11.000Z","confidence":null,"between":null,"provider":"osm","resource":"planet","version":"2026-07-26T00:00:00.000Z"}],"source_tags":[["leisure","garden"]],"subtype":"horticulture","class":"garden","version":0}},
{"id":"e4bd1ae7-1ebf-3288-b4c7-fb4c0cf6b583","type":"Feature","geometry":{"type":"Polygon","coordinates":[[[9.2027535,45.4785577],[9.2029334,45.4785338],[9.2032078,45.478408],[9.203272,45.4783196],[9.2065603,45.4768115],[9.2071331,45.4765465],[9.2083054,45.4776685],[9.2069674,45.4783266],[9.2039253,45.4797865],[9.2027535,45.4785577]]]},"properties":{"sources":[{"property":"","dataset":"OpenStreetMap","license":"ODbL-1.0","record_id":"w525480018@1","update_time":"2017-09-18T01:19:28.000Z","confidence":null,"between":null,"provider":"osm","resource":"planet","version":"2026-07-26T00:00:00.000Z"}],"source_tags":[["landuse","residential"]],"subtype":"residential","class":"residential","version":0}},
{"id":"d8625805-de94-3eba-9791-aebac1440956","type":"Feature","geometry":{"type":"Polygon","coordinates":[[[9.2047,45.4779593],[9.204589,45.4778401],[9.204874,45.4777096],[9.204985,45.4778288],[9.204861,45.4778856],[9.2047837,45.477921],[9.2047,45.4779593]]]},"properties":{"sources":[{"property":"","dataset":"OpenStreetMap","license":"ODbL-1.0","record_id":"w244271844@1","update_time":"2015-12-12T21:04:25.000Z","confidence":null,"between":null,"provider":"osm","resource":"planet","version":"2026-07-26T00:00:00.000Z"}],"source_tags":[["landuse","construction"]],"subtype":"construction","class":"construction","version":0}},
{"id":"192a7e8c-f5c5-3719-b9f8-1b3d8cb1120e","type":"Feature","geometry":{"type":"Polygon","coordinates":[[[9.2054855,45.4793767],[9.2055758,45.4793353],[9.2057585,45.4795313],[9.2056682,45.4795726],[9.2054855,45.4793767]]]},"properties":{"sources":[{"property":"","dataset":"OpenStreetMap","license":"ODbL-1.0","record_id":"w545427717@1","update_time":"2017-12-08T09:01:59.000Z","confidence":null,"between":null,"provider":"osm","resource":"planet","version":"2026-07-26T00:00:00.000Z"}],"source_tags":[["leisure","pitch"],["sport","multi"]],"subtype":"recreation","class":"pitch","version":0}},
{"id":"643e9752-05eb-3a54-a197-3968e9479e90","type":"Feature","geometry":{"type":"Polygon","coordinates":[[[9.20083,45.4791745],[9.2008461,45.4791858],[9.2008729,45.4791895],[9.2008984,45.4791839],[9.2009453,45.4792365],[9.2008984,45.4792525],[9.2008434,45.4792525],[9.2008031,45.4792394],[9.2007601,45.4792059],[9.20083,45.4791745]]]},"properties":{"sources":[{"property":"","dataset":"OpenStreetMap","license":"ODbL-1.0","record_id":"w987662300@2","update_time":"2025-07-15T09:36:51.000Z","confidence":null,"between":null,"provider":"osm","resource":"planet","version":"2026-07-26T00:00:00.000Z"}],"source_tags":[["leisure","garden"],["wheelchair","yes"]],"subtype":"horticulture","class":"garden","version":0}},
{"id":"1469923b-7a8a-3366-90a8-74c840fa2143","type":"Feature","geometry":{"type":"Polygon","coordinates":[[[9.2006991,45.4791404],[9.2005806,45.479013],[9.2005738,45.4789939],[9.2005886,45.4789808],[9.2006114,45.4789733],[9.2006382,45.4789808],[9.2007254,45.4790692],[9.2007401,45.4790955],[9.2007415,45.4791171],[9.2006991,45.4791404]]]},"properties":{"sources":[{"property":"","dataset":"OpenStreetMap","license":"ODbL-1.0","record_id":"w987662301@2","update_time":"2025-07-15T09:36:48.000Z","confidence":null,"between":null,"provider":"osm","resource":"planet","version":"2026-07-26T00:00:00.000Z"}],"source_tags":[["leisure","garden"],["wheelchair","yes"]],"subtype":"horticulture","class":"garden","version":0}},
{"id":"ad91aa9d-76b9-39fe-9fa5-a28797ac6f13","type":"Feature","geometry":{"type":"Polygon","coordinates":[[[9.2011235,45.4791971],[9.2010289,45.4792404],[9.2009798,45.4792629],[9.2008725,45.4793121],[9.2008572,45.4793019],[9.2008363,45.4792879],[9.2007601,45.4792059],[9.2006991,45.4791404],[9.2005806,45.479013],[9.2005289,45.4789574],[9.2002384,45.4786452],[9.2002233,45.4786265],[9.2002075,45.478607],[9.2004011,45.4785191],[9.200425,45.4785079],[9.200455,45.4785144],[9.2004745,45.4785052],[9.2004792,45.4785097],[9.2005092,45.4785402],[9.201077,45.4791544],[9.2011105,45.4791851],[9.2011235,45.4791971]],[[9.2003814,45.4786753],[9.2003027,45.4785954],[9.2002369,45.4786273],[9.2003156,45.4787072],[9.2003814,45.4786753]],[[9.2003954,45.4787806],[9.200505,45.4787308],[9.2004713,45.4786943],[9.2003617,45.4787441],[9.2003954,45.4787806]],[[9.2006831,45.478924],[9.200583,45.478815],[9.200473,45.4788647],[9.200523,45.4789191],[9.2005504,45.4789112],[9.2005745,45.4789051],[9.200606,45.4789046],[9.2006429,45.4789107],[9.2006644,45.4789187],[9.2006749,45.4789277],[9.2006831,45.478924]]]},"properties":{"sources":[{"property":"","dataset":"OpenStreetMap","license":"ODbL-1.0","record_id":"r6704815@2","update_time":"2026-04-13T08:35:55.000Z","confidence":null,"between":null,"provider":"osm","resource":"planet","version":"2026-07-26T00:00:00.000Z"}],"source_tags":[["area","yes"],["highway","pedestrian"],["lit","yes"],["surface","paving_stones"],["type","multipolygon"]],"subtype":"pedestrian","class":"pedestrian","surface":"paving_stones","version":2}},
{"id":"bd332f77-ed57-3b57-929c-375314b06989","type":"Feature","geometry":{"type":"Polygon","coordinates":[[[9.2016222,45.4787385],[9.2015753,45.4786859],[9.2016705,45.4786417],[9.2017161,45.4786953],[9.2016222,45.4787385]]]},"properties":{"sources":[{"property":"","dataset":"OpenStreetMap","license":"ODbL-1.0","record_id":"w987662293@2","update_time":"2025-07-15T09:35:24.000Z","confidence":null,"between":null,"provider":"osm","resource":"planet","version":"2026-07-26T00:00:00.000Z"}],"source_tags":[["leisure","garden"],["wheelchair","yes"]],"subtype":"horticulture","class":"garden","version":0}},
{"id":"42cc3de4-a5d3-31fa-9752-ea45c3551a84","type":"Feature","geometry":{"type":"Polygon","coordinates":[[[9.2017456,45.4788758],[9.201696,45.4788203],[9.2017912,45.4787752],[9.2018422,45.4788307],[9.2017456,45.4788758]]]},"properties":{"sources":[{"property":"","dataset":"OpenStreetMap","license":"ODbL-1.0","record_id":"w987662292@2","update_time":"2025-07-15T09:35:12.000Z","confidence":null,"between":null,"provider":"osm","resource":"planet","version":"2026-07-26T00:00:00.000Z"}],"source_tags":[["leisure","garden"],["wheelchair","yes"]],"subtype":"horticulture","class":"garden","version":0}},
{"id":"8dee01d2-1e1e-3b15-8358-dc88e492d3a8","type":"Feature","geometry":{"type":"Polygon","coordinates":[[[9.2014675,45.4783911],[9.2014626,45.4784019],[9.2014398,45.4784066],[9.2014144,45.4784009],[9.2013406,45.4783238],[9.2013876,45.478303],[9.2014675,45.4783911]]]},"properties":{"sources":[{"property":"","dataset":"OpenStreetMap","license":"ODbL-1.0","record_id":"w987662291@2","update_time":"2025-07-15T09:35:36.000Z","confidence":null,"between":null,"provider":"osm","resource":"planet","version":"2026-07-26T00:00:00.000Z"}],"source_tags":[["leisure","garden"],["wheelchair","yes"]],"subtype":"horticulture","class":"garden","version":0}},
{"id":"f13fd21c-4de1-3ac7-a2be-c74b2dd40abe","type":"Feature","geometry":{"type":"Polygon","coordinates":[[[9.2010761,45.4782087],[9.2010909,45.478202],[9.2012359,45.478136],[9.2012544,45.4781563],[9.2013876,45.478303],[9.2014675,45.4783911],[9.201498,45.4784247],[9.2018706,45.4788352],[9.201886,45.4788519],[9.2017376,45.4789198],[9.2017229,45.4789032],[9.2010951,45.4782292],[9.2010761,45.4782087]]]},"properties":{"sources":[{"property":"","dataset":"OpenStreetMap","license":"ODbL-1.0","record_id":"w611689027@3","update_time":"2023-05-16T11:59:58.000Z","confidence":null,"between":null,"provider":"osm","resource":"planet","version":"2026-07-26T00:00:00.000Z"}],"source_tags":[["area","yes"],["highway","pedestrian"]],"subtype":"pedestrian","class":"pedestrian","version":0}},
{"id":"b4aedae0-a192-390c-b8a2-2f06149ac45f","type":"Feature","geometry":{"type":"Polygon","coordinates":[[[9.2014962,45.478605],[9.2014465,45.4785476],[9.2015458,45.4785015],[9.2015967,45.4785589],[9.2014962,45.478605]]]},"properties":{"sources":[{"property":"","dataset":"OpenStreetMap","license":"ODbL-1.0","record_id":"w987662290@2","update_time":"2025-07-15T09:35:30.000Z","confidence":null,"between":null,"provider":"osm","resource":"planet","version":"2026-07-26T00:00:00.000Z"}],"source_tags":[["leisure","garden"],["wheelchair","yes"]],"subtype":"horticulture","class":"garden","version":0}},
{"id":"31bf4340-0abc-3752-925d-6cb785aad441","type":"Feature","geometry":{"type":"Polygon","coordinates":[[[9.2027441,45.4785557],[9.200682,45.4794934],[9.1993089,45.4801275],[9.198917,45.4803127],[9.1988549,45.4802242],[9.1987856,45.4800667],[9.1987658,45.4800244],[9.1987293,45.4799694],[9.1982823,45.4794971],[9.1981925,45.4794024],[9.197902,45.4790938],[9.197482,45.4786476],[9.197297,45.4784483],[9.1975474,45.4783366],[9.1980492,45.4780065],[9.1983103,45.4778557],[9.1992069,45.4774459],[9.2000852,45.4770357],[9.2009758,45.4766233],[9.2010207,45.4766921],[9.2019779,45.4777387],[9.2025979,45.4784021],[9.2026323,45.4784292],[9.2027441,45.4785557]]]},"properties":{"sources":[{"property":"","dataset":"OpenStreetMap","license":"ODbL-1.0","record_id":"w525479489@3","update_time":"2023-11-13T08:59:47.000Z","confidence":null,"between":null,"provider":"osm","resource":"planet","version":"2026-07-26T00:00:00.000Z"}],"source_tags":[["landuse","residential"]],"subtype":"residential","class":"residential","version":0}},
{"id":"3c72cc4c-45da-35ff-b363-cb703905cc3b","type":"Feature","geometry":{"type":"Polygon","coordinates":[[[9.1969332,45.4778289],[9.1969101,45.4778386],[9.1969049,45.4778396],[9.1968832,45.4778397],[9.1968677,45.477836],[9.1968586,45.4778319],[9.1968436,45.477819],[9.1968373,45.4777992],[9.196847,45.4777787],[9.1968646,45.477767],[9.1968707,45.4777648],[9.1968904,45.4777615],[9.1969026,45.4777619],[9.1969169,45.477765],[9.1969337,45.4777732],[9.196938,45.4777767],[9.1969474,45.4777893],[9.196949,45.477794],[9.1969479,45.4778111],[9.1969332,45.4778289]]]},"properties":{"sources":[{"property":"","dataset":"OpenStreetMap","license":"ODbL-1.0","record_id":"w1498782986@1","update_time":"2026-04-12T13:10:51.000Z","confidence":null,"between":null,"provider":"osm","resource":"planet","version":"2026-07-26T00:00:00.000Z"}],"source_tags":[["landuse","flowerbed"]],"subtype":"horticulture","class":"flowerbed","version":1}},
{"id":"e641402c-38c0-37e3-a656-737646433776","type":"Feature","geometry":{"type":"Polygon","coordinates":[[[9.197058,45.4786484],[9.1972783,45.4785481],[9.1980938,45.4794079],[9.1980935,45.4794212],[9.1978963,45.4795401],[9.197058,45.4786484]]]},"properties":{"sources":[{"property":"","dataset":"OpenStreetMap","license":"ODbL-1.0","record_id":"w25901234@6","update_time":"2024-09-28T09:19:59.000Z","confidence":null,"between":null,"provider":"osm","resource":"planet","version":"2026-07-26T00:00:00.000Z"}],"source_tags":[["landuse","grass"]],"subtype":"managed","class":"grass","version":0}},
{"id":"14e70948-38e4-3b1a-81cd-60bd9bd9cd94","type":"Feature","geometry":{"type":"MultiPolygon","coordinates":[[[[9.1976995,45.478662],[9.1976062,45.4784515],[9.1976413,45.478405],[9.1977845,45.4783797],[9.1979221,45.4783874],[9.1981431,45.4784412],[9.1983051,45.47853],[9.1983741,45.4785679],[9.1985005,45.4787391],[9.1985852,45.4788651],[9.1986328,45.478959],[9.1986292,45.4790272],[9.1985437,45.4791196],[9.1982867,45.479277],[9.1976995,45.478662]]],[[[9.1967328,45.478817],[9.196788,45.4788124],[9.1968236,45.4788119],[9.1968602,45.4788253],[9.1969452,45.4788936],[9.1976069,45.4795738],[9.19752,45.4796245],[9.1974157,45.4796605],[9.1973427,45.4796887],[9.1972542,45.4797017],[9.1971636,45.4797126],[9.1970611,45.4797006],[9.1970155,45.4796874],[9.1969537,45.4796541],[9.1968857,45.4796096],[9.1967793,45.479529],[9.1966779,45.4794156],[9.1966485,45.4793644],[9.1966166,45.4792473],[9.1965995,45.4791651],[9.1965965,45.4791323],[9.1965973,45.4790624],[9.1966125,45.4789898],[9.1966259,45.4789515],[9.1966503,45.4788819],[9.1966668,45.4788577],[9.1967013,45.4788297],[9.1967328,45.478817]]]]},"properties":{"sources":[{"property":"","dataset":"OpenStreetMap","license":"ODbL-1.0","record_id":"r10097451@3","update_time":"2024-12-20T11:47:04.000Z","confidence":null,"between":null,"provider":"osm","resource":"planet","version":"2026-07-26T00:00:00.000Z"}],"names":{"primary":"Giardino Comunale di Piazza della Repubblica","common":null,"rules":null},"source_tags":[["leisure","park"],["type","multipolygon"]],"subtype":"park","class":"park","version":1}},
{"id":"4a01540b-5acd-3ce1-a4db-b93ef4021cda","type":"Feature","geometry":{"type":"Polygon","coordinates":[[[9.1980591,45.479677],[9.1982216,45.4796072],[9.1983014,45.4796243],[9.1986784,45.4800427],[9.198763,45.4802149],[9.198767,45.4802408],[9.198688,45.4802785],[9.1986508,45.4802626],[9.1983611,45.4800275],[9.1980743,45.4797303],[9.1980591,45.479677]]]},"properties":{"sources":[{"property":"","dataset":"OpenStreetMap","license":"ODbL-1.0","record_id":"w25901236@4","update_time":"2024-09-27T16:50:46.000Z","confidence":null,"between":null,"provider":"osm","resource":"planet","version":"2026-07-26T00:00:00.000Z"}],"source_tags":[["landuse","grass"]],"subtype":"managed","class":"grass","version":0}},
{"id":"46666f62-0b3b-3d14-b621-f031ffb89f1f","type":"Feature","geometry":{"type":"Polygon","coordinates":[[[9.2014759,45.4800964],[9.201428,45.4801189],[9.2012448,45.4799396],[9.2012406,45.4799161],[9.20125,45.4799001],[9.2012623,45.4798872],[9.2015416,45.4797589],[9.2016278,45.4798519],[9.2014904,45.4799143],[9.2016409,45.480059],[9.201504,45.4801251],[9.2014759,45.4800964]]]},"properties":{"sources":[{"property":"","dataset":"OpenStreetMap","license":"ODbL-1.0","record_id":"w1509285414@1","update_time":"2026-05-04T21:01:15.000Z","confidence":null,"between":null,"provider":"osm","resource":"planet","version":"2026-07-26T00:00:00.000Z"}],"names":{"primary":"ICS Milan International School","common":null,"rules":null},"source_tags":[["amenity","school"],["education","school"]],"subtype":"education","class":"school","version":1}},
{"id":"7b178838-a3e6-335b-8e56-6424a8a2dea5","type":"Feature","geometry":{"type":"Polygon","coordinates":[[[9.2002036,45.4816095],[9.2001234,45.4815252],[9.1990304,45.4804342],[9.1989377,45.4803196],[9.2027466,45.4785695],[9.2039162,45.4797898],[9.2002036,45.4816095]]]},"properties":{"sources":[{"property":"","dataset":"OpenStreetMap","license":"ODbL-1.0","record_id":"w547102253@1","update_time":"2017-12-15T17:56:24.000Z","confidence":null,"between":null,"provider":"osm","resource":"planet","version":"2026-07-26T00:00:00.000Z"}],"source_tags":[["landuse","residential"]],"subtype":"residential","class":"residential","version":0}},
{"id":"b89bb6b4-2b87-37e2-bfe5-8c07b33987e5","type":"Feature","geometry":{"type":"Polygon","coordinates":[[[9.2027061,45.4808968],[9.2024267,45.4806115],[9.2028718,45.4803972],[9.2029535,45.4804844],[9.2029753,45.4805048],[9.2029989,45.4805379],[9.2031304,45.4806752],[9.2031427,45.4806878],[9.2030544,45.4807303],[9.2028906,45.4808091],[9.2028645,45.4808217],[9.2027768,45.4808627],[9.2027061,45.4808968]]]},"properties":{"sources":[{"property":"","dataset":"OpenStreetMap","license":"ODbL-1.0","record_id":"w547101907@2","update_time":"2021-06-27T10:13:45.000Z","confidence":null,"between":null,"provider":"osm","resource":"planet","version":"2026-07-26T00:00:00.000Z"}],"source_tags":[["landuse","commercial"]],"subtype":"developed","class":"commercial","version":0}},
{"id":"40fa08e5-ba94-3b37-8f00-610e9eb2022e","type":"Feature","geometry":{"type":"Polygon","coordinates":[[[9.2028718,45.4803972],[9.2030097,45.4803308],[9.2031323,45.4802718],[9.2033989,45.4801398],[9.2035252,45.4800783],[9.2037412,45.4801009],[9.2035489,45.4808965],[9.2035125,45.4809404],[9.2033429,45.4810183],[9.2031516,45.4811123],[9.202697,45.4813359],[9.2025111,45.4814033],[9.2015179,45.4818811],[9.2014417,45.4819574],[9.2011935,45.4820768],[9.2011015,45.4819827],[9.2009096,45.4817827],[9.2008799,45.481797],[9.2007348,45.4818667],[9.2005343,45.4819635],[9.2003656,45.4818045],[9.2002577,45.4816855],[9.2002086,45.481618],[9.2019587,45.4808388],[9.2024267,45.4806115],[9.2027061,45.4808968],[9.2027768,45.4808627],[9.2028645,45.4808217],[9.2028906,45.4808091],[9.2030544,45.4807303],[9.2031427,45.4806878],[9.2031304,45.4806752],[9.2029989,45.4805379],[9.2029753,45.4805048],[9.2029535,45.4804844],[9.2028718,45.4803972]]]},"properties":{"sources":[{"property":"","dataset":"OpenStreetMap","license":"ODbL-1.0","record_id":"w547101908@3","update_time":"2022-02-24T16:36:27.000Z","confidence":null,"between":null,"provider":"osm","resource":"planet","version":"2026-07-26T00:00:00.000Z"}],"source_tags":[["landuse","residential"]],"subtype":"residential","class":"residential","version":0}},
{"id":"73479b61-3ff3-3147-a3ed-19e097d13365","type":"Feature","geometry":{"type":"Polygon","coordinates":[[[9.2032506,45.4813695],[9.203052,45.4814623],[9.2029053,45.4815267],[9.202846,45.4815551],[9.2027506,45.4814588],[9.202702,45.4814189],[9.2034776,45.4810383],[9.203629,45.4810157],[9.2035472,45.4813785],[9.2034277,45.4813643],[9.2032714,45.4813431],[9.2032506,45.4813695]]]},"properties":{"sources":[{"property":"","dataset":"OpenStreetMap","license":"ODbL-1.0","record_id":"w547099726@1","update_time":"2017-12-15T17:48:12.000Z","confidence":null,"between":null,"provider":"osm","resource":"planet","version":"2026-07-26T00:00:00.000Z"}],"source_tags":[["landuse","retail"]],"subtype":"developed","class":"retail","version":0}},
{"id":"f0ea4e06-7d5f-3a05-bad5-fa725b2eb661","type":"Feature","geometry":{"type":"Polygon","coordinates":[[[9.1972386,45.4810061],[9.1971793,45.4809759],[9.1971278,45.4810001],[9.1971074,45.4809785],[9.1971499,45.4809591],[9.1968176,45.4807876],[9.1967282,45.480652],[9.1967207,45.4806406],[9.196735200000001,45.4806292],[9.1967529,45.4806153],[9.1967663,45.4806222],[9.1973034,45.4809104],[9.197352,45.4809365],[9.197375,45.4809485],[9.1973127,45.4809759],[9.1972592,45.4809977],[9.1972386,45.4810061]]]},"properties":{"sources":[{"property":"","dataset":"OpenStreetMap","license":"ODbL-1.0","record_id":"w254802974@8","update_time":"2023-05-24T09:43:05.000Z","confidence":null,"between":null,"provider":"osm","resource":"planet","version":"2026-07-26T00:00:00.000Z"}],"names":{"primary":"Piazza Lina Bo Bardi","common":null,"rules":null},"source_tags":[["area","yes"],["highway","pedestrian"],["lit","yes"],["surface","paving_stones"]],"subtype":"pedestrian","class":"pedestrian","surface":"paving_stones","version":0}},
{"id":"472ae32c-d85a-3217-8ee8-391db066f93f","type":"Feature","geometry":{"type":"Polygon","coordinates":[[[9.1975785,45.4811749],[9.197609,45.4812071],[9.1975848,45.4812261],[9.1976268,45.4812517],[9.1976209,45.4812941],[9.1975951,45.4813326],[9.1975832,45.4813411],[9.1973151,45.4812909],[9.1975785,45.4811749]]]},"properties":{"sources":[{"property":"","dataset":"OpenStreetMap","license":"ODbL-1.0","record_id":"w1184830651@1","update_time":"2023-06-25T14:28:08.000Z","confidence":null,"between":null,"provider":"osm","resource":"planet","version":"2026-07-26T00:00:00.000Z"}],"source_tags":[["landuse","grass"]],"subtype":"managed","class":"grass","version":0}},
{"id":"36b1ab96-076e-38be-b29f-cf06bea575b2","type":"Feature","geometry":{"type":"Polygon","coordinates":[[[9.1975182,45.4811467],[9.197272,45.4812551],[9.1972727,45.4812366],[9.1972944,45.4811969],[9.1973338,45.4811645],[9.1973624,45.4811508],[9.1973943,45.4811413],[9.1974328,45.4811359],[9.197472,45.4811365],[9.1975182,45.4811467]]]},"properties":{"sources":[{"property":"","dataset":"OpenStreetMap","license":"ODbL-1.0","record_id":"w1184830652@1","update_time":"2023-06-25T14:28:08.000Z","confidence":null,"between":null,"provider":"osm","resource":"planet","version":"2026-07-26T00:00:00.000Z"}],"source_tags":[["landuse","grass"]],"subtype":"managed","class":"grass","version":0}},
{"id":"b4bcac15-7a61-38ed-9482-e7801b985853","type":"Feature","geometry":{"type":"Polygon","coordinates":[[[9.197607,45.4815952],[9.1975401,45.4815197],[9.1974909,45.4814643],[9.1975078,45.4814565],[9.197735,45.4813525],[9.1977968,45.4814003],[9.1978939,45.4814754],[9.197813,45.4815049],[9.1977232,45.4815453],[9.1976467,45.4815797],[9.197607,45.4815952]]]},"properties":{"sources":[{"property":"","dataset":"OpenStreetMap","license":"ODbL-1.0","record_id":"w28683787@13","update_time":"2023-10-22T15:05:53.000Z","confidence":null,"between":null,"provider":"osm","resource":"planet","version":"2026-07-26T00:00:00.000Z"}],"names":{"primary":"Piazza San Gioachimo","common":null,"rules":null},"source_tags":[["area","yes"],["comment:it","accesso consentito ai veicoli adibiti alle funzioni religiose"],["highway","pedestrian"],["lit","yes"],["surface","sett"]],"subtype":"pedestrian","class":"pedestrian","surface":"sett","version":0}},
{"id":"a3e182ac-b6bc-3e7b-8bd3-0e53c270d843","type":"Feature","geometry":{"type":"Polygon","coordinates":[[[9.1972853,45.4813095],[9.1975574,45.4813595],[9.1975525,45.481363],[9.1974978,45.4813815],[9.1974374,45.4813862],[9.1973783,45.4813764],[9.1973272,45.4813534],[9.1972901,45.4813197],[9.1972853,45.4813095]]]},"properties":{"sources":[{"property":"","dataset":"OpenStreetMap","license":"ODbL-1.0","record_id":"w28683786@11","update_time":"2023-06-25T14:28:08.000Z","confidence":null,"between":null,"provider":"osm","resource":"planet","version":"2026-07-26T00:00:00.000Z"}],"source_tags":[["landuse","grass"]],"subtype":"managed","class":"grass","version":0}},
{"id":"28ada562-3a1c-30bd-9162-207f4072dc25","type":"Feature","geometry":{"type":"Polygon","coordinates":[[[9.1968674,45.4813533],[9.1969162,45.4813293],[9.1969958,45.4812939],[9.197045,45.4813159],[9.1973788,45.4814645],[9.1973922,45.4814723],[9.1974015,45.4814823],[9.1974011,45.4814895],[9.1973859,45.4814954],[9.1973679,45.4814968],[9.1970895,45.4814896],[9.1970099,45.4815192],[9.1970016,45.4815096],[9.1968866,45.4813757],[9.1968674,45.4813533]]]},"properties":{"sources":[{"property":"","dataset":"OpenStreetMap","license":"ODbL-1.0","record_id":"w1333433957@1","update_time":"2024-11-13T08:59:31.000Z","confidence":null,"between":null,"provider":"osm","resource":"planet","version":"2026-07-26T00:00:00.000Z"}],"source_tags":[["area","yes"],["highway","pedestrian"]],"subtype":"pedestrian","class":"pedestrian","version":0}},
{"id":"3909fca9-2e27-3ba1-b981-83e163bc8139","type":"Feature","geometry":{"type":"Polygon","coordinates":[[[9.1979685,45.4843585],[9.1978965,45.4843722],[9.1978246,45.4843858],[9.1977318,45.4844037],[9.1975573,45.4839629],[9.1975038,45.4837615],[9.1973144,45.4833159],[9.1962421,45.4835295],[9.1955867,45.4822838],[9.1955661,45.4822886],[9.1955349,45.4822312],[9.1953782,45.4819291],[9.1961034,45.4815926],[9.1965963,45.4813959],[9.1968136,45.4812741],[9.196954,45.4812246],[9.1975136,45.4809725],[9.1986485,45.4805209],[9.1990602,45.4808883],[9.1993242,45.4811457],[9.1998884,45.481716],[9.1996215,45.4818808],[9.1996343,45.4818941],[9.1996801,45.4819412],[9.1997802,45.4820425],[9.1998898,45.4821535],[9.2000437,45.4823094],[9.2001533,45.4824203],[9.2002602,45.4825286],[9.200314,45.4825826],[9.2001326,45.4826721],[9.2001836,45.4827267],[9.2002891,45.4828186],[9.2004831,45.4830228],[9.2005202,45.4830587],[9.2005531,45.4830904],[9.2006425,45.4832069],[9.2006624,45.4832262],[9.2007584,45.4833189],[9.2007958,45.4833746],[9.2008928,45.4833283],[9.201189,45.4836363],[9.2014837,45.4839386],[9.2015345,45.4839901],[9.2014812,45.4842008],[9.2014614,45.4842736],[9.2003375,45.4841006],[9.1992378,45.4839903],[9.1992562,45.4839096],[9.199282,45.4837805],[9.1992989,45.4837206],[9.1990876,45.4833893],[9.199039,45.4833731],[9.1987849,45.4834367],[9.1987484,45.4834491],[9.1988401,45.4836768],[9.198831,45.4837198],[9.198803,45.48385],[9.1987798,45.4839357],[9.1983647,45.4838804],[9.1985101,45.4842551],[9.1984294,45.4842711],[9.1982719,45.484301],[9.1981177,45.4843302],[9.1980702,45.4843392],[9.1979685,45.4843585]],[[9.1973155,45.4833157],[9.1981001,45.4831717],[9.1980083,45.4829308],[9.1979471,45.4829421],[9.1977924,45.4829684],[9.1976994,45.4829858],[9.1975671,45.4830105],[9.1974164,45.4830398],[9.1972754,45.4830659],[9.1972129,45.4830764],[9.1973155,45.4833157]]]},"properties":{"sources":[{"property":"","dataset":"OpenStreetMap","license":"ODbL-1.0","record_id":"r6370610@2","update_time":"2023-11-01T20:12:13.000Z","confidence":null,"between":null,"provider":"osm","resource":"planet","version":"2026-07-26T00:00:00.000Z"}],"source_tags":[["landuse","residential"],["type","multipolygon"]],"subtype":"residential","class":"residential","version":1}},
{"id":"8a4fc799-bc09-3b87-b693-be31d87a8a01","type":"Feature","geometry":{"type":"Polygon","coordinates":[[[9.1973155,45.4833157],[9.1972129,45.4830764],[9.1972754,45.4830659],[9.1974164,45.4830398],[9.1975671,45.4830105],[9.1976994,45.4829858],[9.1977924,45.4829684],[9.1979471,45.4829421],[9.1980083,45.4829308],[9.1981001,45.4831717],[9.1973155,45.4833157]]]},"properties":{"sources":[{"property":"","dataset":"OpenStreetMap","license":"ODbL-1.0","record_id":"w428412146@2","update_time":"2023-11-01T20:12:13.000Z","confidence":null,"between":null,"provider":"osm","resource":"planet","version":"2026-07-26T00:00:00.000Z"}],"source_tags":[["landuse","retail"]],"subtype":"developed","class":"retail","version":0}},
{"id":"92487f37-5868-30b8-a188-0a45788daaaf","type":"Feature","geometry":{"type":"Polygon","coordinates":[[[9.2030313,45.4835889],[9.2029612,45.4838588],[9.2029637,45.4839181],[9.2028339,45.4839093],[9.2027243,45.4839164],[9.2026435,45.483928],[9.2025832,45.4839333],[9.2025112,45.4839245],[9.2024358,45.4839017],[9.2023707,45.4838279],[9.2021892,45.4836721],[9.2021015,45.4835481],[9.201636,45.4830542],[9.2015682,45.4829898],[9.2023611,45.4826156],[9.2024069,45.4826606],[9.2024987,45.4827548],[9.2025731,45.4828313],[9.2024286,45.4829005],[9.2025831,45.4830593],[9.2025149,45.4830919],[9.2024339,45.4831307],[9.2024992,45.4831977],[9.2023961,45.4832471],[9.2024439,45.4832963],[9.2024954,45.4833491],[9.2024593,45.4833663],[9.2025636,45.4834734],[9.2026304,45.4834393],[9.2027233,45.4835414],[9.2029337,45.483574],[9.2030313,45.4835889]]]},"properties":{"sources":[{"property":"","dataset":"OpenStreetMap","license":"ODbL-1.0","record_id":"w547098323@1","update_time":"2020-06-19T16:26:25.000Z","confidence":null,"between":null,"provider":"osm","resource":"planet","version":"2026-07-26T00:00:00.000Z"}],"source_tags":[["landuse","commercial"]],"subtype":"developed","class":"commercial","version":0}},
{"id":"e30bf909-4afd-3d6e-a848-1999be22be1b","type":"Feature","geometry":{"type":"Polygon","coordinates":[[[9.2025731,45.4828313],[9.2024987,45.4827548],[9.2024069,45.4826606],[9.2023611,45.4826156],[9.2031216,45.4822519],[9.2032235,45.4822076],[9.2032268,45.4822484],[9.2032479,45.4822775],[9.2032947,45.482301],[9.2033375,45.4823073],[9.2030313,45.4835889],[9.2029337,45.483574],[9.2027233,45.4835414],[9.2026304,45.4834393],[9.2025636,45.4834734],[9.2024593,45.4833663],[9.2024954,45.4833491],[9.2024439,45.4832963],[9.2023961,45.4832471],[9.2024992,45.4831977],[9.2024339,45.4831307],[9.2025149,45.4830919],[9.2025831,45.4830593],[9.2024286,45.4829005],[9.2025731,45.4828313]]]},"properties":{"sources":[{"property":"","dataset":"OpenStreetMap","license":"ODbL-1.0","record_id":"w547098322@1","update_time":"2020-06-19T16:26:25.000Z","confidence":null,"between":null,"provider":"osm","resource":"planet","version":"2026-07-26T00:00:00.000Z"}],"source_tags":[["landuse","residential"]],"subtype":"residential","class":"residential","version":0}},
{"id":"96209daf-37ce-3424-b1cb-4dd4094c9e1e","type":"Feature","geometry":{"type":"Polygon","coordinates":[[[9.2033297,45.482267],[9.2033158,45.4822618],[9.2033038,45.4822552],[9.2032901,45.4822456],[9.2032783,45.4822346],[9.2032678,45.4822164],[9.2032641,45.4821957],[9.2032656,45.4821758],[9.2033067,45.4819919],[9.2033112,45.4819767],[9.2033199,45.4819606],[9.2033378,45.4819442],[9.2033558,45.4819327],[9.203377,45.4819265],[9.2034018,45.4819232],[9.2034253,45.4819249],[9.2034464,45.4819286],[9.2034635,45.4819349],[9.2034816,45.4819464],[9.2034947,45.4819611],[9.2035017,45.4819752],[9.2035042,45.4819919],[9.2035033,45.4820076],[9.2034698,45.4821993],[9.2034647,45.4822178],[9.2034554,45.4822344],[9.2034445,45.4822493],[9.2034339,45.4822577],[9.2034215,45.4822636],[9.2034062,45.4822689],[9.2033887,45.4822724],[9.2033727,45.4822732],[9.2033569,45.4822726],[9.2033432,45.4822705],[9.2033297,45.482267]]]},"properties":{"sources":[{"property":"","dataset":"OpenStreetMap","license":"ODbL-1.0","record_id":"w112449681@6","update_time":"2024-09-29T08:43:48.000Z","confidence":null,"between":null,"provider":"osm","resource":"planet","version":"2026-07-26T00:00:00.000Z"}],"source_tags":[["landuse","flowerbed"]],"subtype":"horticulture","class":"flowerbed","version":0}},
{"id":"2ebaa6b6-3fea-3db6-a966-aa7af47f937e","type":"Feature","geometry":{"type":"Polygon","coordinates":[[[9.201906,45.4828199],[9.2018634,45.4827781],[9.2017529,45.4826684],[9.201635,45.4825513],[9.2015652,45.4824821],[9.201614,45.4824549],[9.2014575,45.4822922],[9.201432,45.4822655],[9.2014164,45.4822492],[9.2013359,45.4821649],[9.201274,45.4821108],[9.2019696,45.4817785],[9.2020094,45.4818184],[9.2023047,45.4821115],[9.2022267,45.4821501],[9.202258,45.4821811],[9.2023076,45.4822304],[9.2024174,45.4823394],[9.2025279,45.4824491],[9.2025744,45.4824967],[9.201906,45.4828199]]]},"properties":{"sources":[{"property":"","dataset":"OpenStreetMap","license":"ODbL-1.0","record_id":"w547099741@2","update_time":"2021-09-08T18:12:54.000Z","confidence":null,"between":null,"provider":"osm","resource":"planet","version":"2026-07-26T00:00:00.000Z"}],"source_tags":[["landuse","residential"]],"subtype":"residential","class":"residential","version":0}},
{"id":"0e08b00d-dad8-3d14-99de-5f98f1b5847e","type":"Feature","geometry":{"type":"Polygon","coordinates":[[[9.2015652,45.4824821],[9.201635,45.4825513],[9.2017529,45.4826684],[9.2018634,45.4827781],[9.201906,45.4828199],[9.201561,45.4829834],[9.201441,45.4828592],[9.2009717,45.482404],[9.2007525,45.4821861],[9.2005343,45.4819635],[9.2007348,45.4818667],[9.2008799,45.481797],[9.2009096,45.4817827],[9.2011015,45.4819827],[9.2011935,45.4820768],[9.2012407,45.4821278],[9.201274,45.4821108],[9.2013359,45.4821649],[9.2014164,45.4822492],[9.201432,45.4822655],[9.2014575,45.4822922],[9.201614,45.4824549],[9.2015652,45.4824821]]]},"properties":{"sources":[{"property":"","dataset":"OpenStreetMap","license":"ODbL-1.0","record_id":"w547099738@4","update_time":"2021-09-08T18:12:54.000Z","confidence":null,"between":null,"provider":"osm","resource":"planet","version":"2026-07-26T00:00:00.000Z"}],"source_tags":[["landuse","commercial"]],"subtype":"developed","class":"commercial","version":0}},
{"id":"16fb21d7-8d19-3e91-a1b1-6aecfff0908d","type":"Feature","geometry":{"type":"Polygon","coordinates":[[[9.2022267,45.4821501],[9.2023047,45.4821115],[9.2020094,45.4818184],[9.2019696,45.4817785],[9.2023124,45.4816087],[9.2023502,45.4816497],[9.2024466,45.4817454],[9.2024783,45.4817769],[9.2023708,45.4818302],[9.2025291,45.4820025],[9.2026522,45.4819416],[9.2027374,45.4820262],[9.2028456,45.4821336],[9.2029519,45.4822391],[9.2030045,45.4822924],[9.2025744,45.4824967],[9.2025279,45.4824491],[9.2024174,45.4823394],[9.2023076,45.4822304],[9.202258,45.4821811],[9.2022267,45.4821501]]]},"properties":{"sources":[{"property":"","dataset":"OpenStreetMap","license":"ODbL-1.0","record_id":"w547099734@1","update_time":"2017-12-15T17:48:12.000Z","confidence":null,"between":null,"provider":"osm","resource":"planet","version":"2026-07-26T00:00:00.000Z"}],"source_tags":[["landuse","retail"]],"subtype":"developed","class":"retail","version":0}},
{"id":"1f24a335-305c-3e6b-9d05-3045a830989d","type":"Feature","geometry":{"type":"Polygon","coordinates":[[[9.2035472,45.4813785],[9.2034297,45.4818757],[9.2034037,45.4818751],[9.2033493,45.4818869],[9.2032857,45.4819438],[9.2032748,45.4819737],[9.2032188,45.4821954],[9.2030045,45.4822924],[9.2029519,45.4822391],[9.2028456,45.4821336],[9.2027374,45.4820262],[9.2026522,45.4819416],[9.2025291,45.4820025],[9.2023708,45.4818302],[9.2024783,45.4817769],[9.2024466,45.4817454],[9.2023502,45.4816497],[9.2023124,45.4816087],[9.202702,45.4814189],[9.2027506,45.4814588],[9.202846,45.4815551],[9.2029053,45.4815267],[9.203052,45.4814623],[9.2032506,45.4813695],[9.2032714,45.4813431],[9.2034277,45.4813643],[9.2035472,45.4813785]]]},"properties":{"sources":[{"property":"","dataset":"OpenStreetMap","license":"ODbL-1.0","record_id":"w547099730@1","update_time":"2017-12-15T17:48:12.000Z","confidence":null,"between":null,"provider":"osm","resource":"planet","version":"2026-07-26T00:00:00.000Z"}],"source_tags":[["landuse","residential"]],"subtype":"residential","class":"residential","version":0}},
{"id":"b92fb3f5-440f-36db-8c4a-25f62e8024e1","type":"Feature","geometry":{"type":"Polygon","coordinates":[[[9.2055931,45.4822053],[9.2057352,45.4821328],[9.2058431,45.4822367],[9.205701,45.4823092],[9.2055931,45.4822053]]]},"properties":{"sources":[{"property":"","dataset":"OpenStreetMap","license":"ODbL-1.0","record_id":"w382920331@1","update_time":"2015-11-26T19:54:12.000Z","confidence":null,"between":null,"provider":"osm","resource":"planet","version":"2026-07-26T00:00:00.000Z"}],"source_tags":[["leisure","pitch"]],"subtype":"recreation","class":"pitch","version":0}},
{"id":"555db7e8-a1e2-3de8-bd8b-a76429428872","type":"Feature","geometry":{"type":"Polygon","coordinates":[[[9.2057199,45.4827793],[9.2048155,45.4819312],[9.204951,45.4818601],[9.205153,45.4817542],[9.2053778,45.4819651],[9.2056459,45.4818246],[9.2058073,45.4817399],[9.206487,45.4823772],[9.2060898,45.4825855],[9.2057199,45.4827793]]]},"properties":{"sources":[{"property":"","dataset":"OpenStreetMap","license":"ODbL-1.0","record_id":"w382919805@4","update_time":"2023-12-29T10:23:14.000Z","confidence":null,"between":null,"provider":"osm","resource":"planet","version":"2026-07-26T00:00:00.000Z"}],"names":{"primary":"Istituto Gonzaga","common":null,"rules":null},"wikidata":"Q56037103","source_tags":[["amenity","school"],["denomination","catholic"],["email","istituto@gonzaga-milano.it"],["fax","+39 02 6693145"],["isced:level","0;1;2;3"],["phone","+39 02 6693141"],["religion","christian"],["start_date","1906"],["website","https://www.gonzaga-milano.it/"]],"subtype":"education","class":"school","version":0}},
{"id":"e1940895-4f86-3233-970a-f045ba6fc3d4","type":"Feature","geometry":{"type":"Polygon","coordinates":[[[9.2057189,45.4823208],[9.2058523,45.4822515],[9.2059101,45.4823061],[9.2057767,45.4823755],[9.2057189,45.4823208]]]},"properties":{"sources":[{"property":"","dataset":"OpenStreetMap","license":"ODbL-1.0","record_id":"w382920332@1","update_time":"2015-11-26T19:54:13.000Z","confidence":null,"between":null,"provider":"osm","resource":"planet","version":"2026-07-26T00:00:00.000Z"}],"source_tags":[["leisure","pitch"]],"subtype":"recreation","class":"pitch","version":0}},
{"id":"34cbf04b-278e-3b11-bd54-e1eab12e29c2","type":"Feature","geometry":{"type":"Polygon","coordinates":[[[9.2086909,45.4857751],[9.207837,45.486205],[9.2059311,45.4844067],[9.2054042,45.4846721],[9.2053409,45.4846881],[9.2052971,45.4846671],[9.2052635,45.4846608],[9.2051927,45.4846633],[9.2051601,45.4846703],[9.205049,45.4846476],[9.2048246,45.4846192],[9.2047999,45.4846088],[9.2047771,45.4845956],[9.2046911,45.4845048],[9.2040572,45.4838954],[9.2042613,45.4837669],[9.2049754,45.4833784],[9.2052604,45.4832402],[9.2067144,45.4824465],[9.2084731,45.4815345],[9.2089135,45.4813001],[9.2107374,45.4803294],[9.2120685,45.4816303],[9.2136696,45.4832566],[9.2101398,45.4849933],[9.2099882,45.4849346],[9.2097535,45.4849023],[9.2094888,45.4849454],[9.2092949,45.4850519],[9.2092125,45.4851066],[9.2085725,45.4850285],[9.2085137,45.4852829],[9.2084796,45.4852951],[9.2084352,45.4853151],[9.2084089,45.4853431],[9.2083951,45.4853679],[9.208386,45.4854074],[9.2084086,45.4855074],[9.2086909,45.4857751]]]},"properties":{"sources":[{"property":"","dataset":"OpenStreetMap","license":"ODbL-1.0","record_id":"w428366530@6","update_time":"2023-10-24T07:49:23.000Z","confidence":null,"between":null,"provider":"osm","resource":"planet","version":"2026-07-26T00:00:00.000Z"}],"source_tags":[["landuse","residential"]],"subtype":"residential","class":"residential","version":0}},
{"id":"78502f08-35f1-32d1-a951-51f2610205d6","type":"Feature","geometry":{"type":"Polygon","coordinates":[[[9.2057188,45.4829076],[9.2047793,45.4834127],[9.2037497,45.4824314],[9.2038228,45.4823935],[9.2039887,45.482308],[9.2042207,45.4821905],[9.2042485,45.4821763],[9.2043981,45.4821002],[9.2044899,45.4820544],[9.2046402,45.481977],[9.2047158,45.4819371],[9.2057188,45.4829076]]]},"properties":{"sources":[{"property":"","dataset":"OpenStreetMap","license":"ODbL-1.0","record_id":"w438227711@2","update_time":"2023-07-25T13:17:55.000Z","confidence":null,"between":null,"provider":"osm","resource":"planet","version":"2026-07-26T00:00:00.000Z"}],"source_tags":[["landuse","commercial"]],"subtype":"developed","class":"commercial","version":0}},
{"id":"a95cfda3-c445-3479-b4d4-70644517c5ea","type":"Feature","geometry":{"type":"Polygon","coordinates":[[[9.2030597,45.4835963],[9.2033517,45.4823089],[9.2033928,45.4823124],[9.2034384,45.4823025],[9.2035187,45.4822964],[9.2035657,45.4823012],[9.2036145,45.4823168],[9.2047692,45.4834178],[9.2044773,45.4835735],[9.2044019,45.4835081],[9.204302,45.4834157],[9.2042332,45.4834208],[9.2042024,45.483394],[9.2040626,45.4834626],[9.2039142,45.4835339],[9.2037946,45.483596],[9.2037617,45.4835688],[9.2035991,45.4836481],[9.2034579,45.4835808],[9.2033096,45.4836274],[9.2031685,45.4836103],[9.2030597,45.4835963]]]},"properties":{"sources":[{"property":"","dataset":"OpenStreetMap","license":"ODbL-1.0","record_id":"w547098321@1","update_time":"2017-12-15T17:41:39.000Z","confidence":null,"between":null,"provider":"osm","resource":"planet","version":"2026-07-26T00:00:00.000Z"}],"source_tags":[["landuse","residential"]],"subtype":"residential","class":"residential","version":0}},
{"id":"6f4ea32a-6af3-3f9f-b5bd-783b4e53989a","type":"Feature","geometry":{"type":"Polygon","coordinates":[[[9.2034132,45.4841462],[9.2033057,45.4840486],[9.2031563,45.4839653],[9.203058,45.4839336],[9.202984,45.4839204],[9.2029884,45.4838445],[9.2030597,45.4835963],[9.2031685,45.4836103],[9.2033096,45.4836274],[9.2034579,45.4835808],[9.2035991,45.4836481],[9.2037617,45.4835688],[9.2037946,45.483596],[9.2039142,45.4835339],[9.2040626,45.4834626],[9.2042024,45.483394],[9.2042332,45.4834208],[9.204302,45.4834157],[9.2044019,45.4835081],[9.2044773,45.4835735],[9.2034132,45.4841462]]]},"properties":{"sources":[{"property":"","dataset":"OpenStreetMap","license":"ODbL-1.0","record_id":"w438227712@1","update_time":"2016-08-21T05:08:18.000Z","confidence":null,"between":null,"provider":"osm","resource":"planet","version":"2026-07-26T00:00:00.000Z"}],"source_tags":[["landuse","commercial"]],"subtype":"developed","class":"commercial","version":0}},
{"id":"aa9c0617-be1b-3325-b6bd-5785ae1d227e","type":"Feature","geometry":{"type":"Polygon","coordinates":[[[9.203411,45.4844482],[9.2035491,45.4843763],[9.2037309,45.4845596],[9.2035912,45.4846289],[9.203411,45.4844482]]]},"properties":{"sources":[{"property":"","dataset":"OpenStreetMap","license":"ODbL-1.0","record_id":"w89684041@2","update_time":"2025-09-15T12:25:51.000Z","confidence":null,"between":null,"provider":"osm","resource":"planet","version":"2026-07-26T00:00:00.000Z"}],"source_tags":[["landuse","flowerbed"]],"subtype":"horticulture","class":"flowerbed","version":0}},
{"id":"1da299c3-73af-30b8-88d8-daa14461e8b3","type":"Feature","geometry":{"type":"Polygon","coordinates":[[[9.2039732,45.4845102],[9.2041139,45.4844411],[9.2042892,45.4846171],[9.2041488,45.4846862],[9.2039732,45.4845102]]]},"properties":{"sources":[{"property":"","dataset":"OpenStreetMap","license":"ODbL-1.0","record_id":"w89684046@2","update_time":"2025-09-15T12:25:51.000Z","confidence":null,"between":null,"provider":"osm","resource":"planet","version":"2026-07-26T00:00:00.000Z"}],"source_tags":[["landuse","flowerbed"]],"subtype":"horticulture","class":"flowerbed","version":0}},
{"id":"8e6d9ba6-e922-34ac-8be7-bb9931d95bdd","type":"Feature","geometry":{"type":"Polygon","coordinates":[[[9.2037403,45.4842767],[9.2038784,45.4842048],[9.2040661,45.4843932],[9.2039259,45.4844628],[9.2037403,45.4842767]]]},"properties":{"sources":[{"property":"","dataset":"OpenStreetMap","license":"ODbL-1.0","record_id":"w89684048@2","update_time":"2025-09-15T12:25:51.000Z","confidence":null,"between":null,"provider":"osm","resource":"planet","version":"2026-07-26T00:00:00.000Z"}],"source_tags":[["landuse","flowerbed"]],"subtype":"horticulture","class":"flowerbed","version":0}},
{"id":"552b0bf2-0380-3e56-a754-43f8c6a416c7","type":"Feature","geometry":{"type":"Polygon","coordinates":[[[9.2042724,45.4840373],[9.2043903,45.483979],[9.2048145,45.4844159],[9.2046962,45.4844598],[9.2042724,45.4840373]]]},"properties":{"sources":[{"property":"","dataset":"OpenStreetMap","license":"ODbL-1.0","record_id":"w39913063@4","update_time":"2024-09-27T16:52:20.000Z","confidence":null,"between":null,"provider":"osm","resource":"planet","version":"2026-07-26T00:00:00.000Z"}],"source_tags":[["landuse","grass"]],"subtype":"managed","class":"grass","version":0}},
{"id":"be2bca14-7d72-3a63-9e6d-d062e3ffcc4c","type":"Feature","geometry":{"type":"Polygon","coordinates":[[[9.2067279,45.4845196],[9.2068355,45.4844946],[9.2069167,45.4845083],[9.2069828,45.484526],[9.2070414,45.484576],[9.2069895,45.4847688],[9.2069778,45.4848173],[9.2068587,45.4848031],[9.2068952,45.4846469],[9.2068112,45.4846373],[9.2067747,45.4847935],[9.2066484,45.4847739],[9.2067279,45.4845196]]]},"properties":{"sources":[{"property":"","dataset":"OpenStreetMap","license":"ODbL-1.0","record_id":"w287283323@2","update_time":"2023-12-23T16:50:56.000Z","confidence":null,"between":null,"provider":"osm","resource":"planet","version":"2026-07-26T00:00:00.000Z"}],"source_tags":[["access","no"],["leisure","garden"]],"subtype":"horticulture","class":"garden","version":0}},
{"id":"5601a56b-15de-319f-8e94-491b73444dd7","type":"Feature","geometry":{"type":"Polygon","coordinates":[[[9.2087091,45.485768],[9.2084216,45.4854954],[9.208400899999999,45.4854063],[9.2084058,45.4853735],[9.2084197,45.4853509],[9.2084464,45.4853231],[9.2084859,45.4853057],[9.2085196,45.4852942],[9.2088679,45.4853395],[9.2089586,45.4853484],[9.2090922,45.4853518],[9.2091232,45.4853555],[9.2091651,45.4853678],[9.2091949,45.4853818],[9.2092174,45.4853961],[9.2092356,45.4854102],[9.2092477,45.4854223],[9.2092542,45.4854432],[9.2092539,45.4854833],[9.2092512,45.4854923],[9.2092431,45.4854995],[9.2087091,45.485768]]]},"properties":{"sources":[{"property":"","dataset":"OpenStreetMap","license":"ODbL-1.0","record_id":"w428366529@4","update_time":"2025-07-14T18:02:50.000Z","confidence":null,"between":null,"provider":"osm","resource":"planet","version":"2026-07-26T00:00:00.000Z"}],"source_tags":[["landuse","commercial"]],"subtype":"developed","class":"commercial","version":0}},
{"id":"73c8aadd-d82d-339c-852d-ff9a636c8a72","type":"Feature","geometry":{"type":"Polygon","coordinates":[[[9.2055958,45.4854726],[9.2055539,45.4854311],[9.205486,45.4853638],[9.2054508,45.485329],[9.2055141,45.485324],[9.2055774,45.4853107],[9.2056694,45.4852661],[9.2057613,45.4852119],[9.2058013,45.4851835],[9.2058382,45.4851536],[9.2059334,45.4851137],[9.2059951,45.4851212],[9.2060162,45.485133],[9.2060917,45.485143],[9.2060823,45.4851837],[9.2062895,45.4852048],[9.2063478,45.4852062],[9.2064028,45.4851974],[9.2064518,45.4851875],[9.2065576,45.4851403],[9.2065878,45.4851702],[9.2066067,45.485189],[9.2065744,45.4852054],[9.2060647,45.4854635],[9.2059218,45.4855359],[9.2057655,45.4856151],[9.2057504,45.4856228],[9.2057173,45.4855907],[9.2055958,45.4854726]]]},"properties":{"sources":[{"property":"","dataset":"OpenStreetMap","license":"ODbL-1.0","record_id":"w180818744@12","update_time":"2026-06-05T22:12:16.000Z","confidence":null,"between":null,"provider":"osm","resource":"planet","version":"2026-07-26T00:00:00.000Z"}],"source_tags":[["area","yes"],["surface","asphalt"],["highway","pedestrian"],["lit","yes"]],"subtype":"pedestrian","class":"pedestrian","surface":"asphalt","version":1}},
{"id":"c641eeb4-8085-3175-9e86-4405a07f1dbc","type":"Feature","geometry":{"type":"Polygon","coordinates":[[[9.2036374,45.4846753],[9.2037774,45.4846065],[9.2039524,45.4847828],[9.2038129,45.4848515],[9.2036374,45.4846753]]]},"properties":{"sources":[{"property":"","dataset":"OpenStreetMap","license":"ODbL-1.0","record_id":"w89684039@2","update_time":"2025-09-15T12:25:51.000Z","confidence":null,"between":null,"provider":"osm","resource":"planet","version":"2026-07-26T00:00:00.000Z"}],"source_tags":[["landuse","flowerbed"]],"subtype":"horticulture","class":"flowerbed","version":0}},
{"id":"937d2775-184e-373b-813a-0468ccf66b45","type":"Feature","geometry":{"type":"Polygon","coordinates":[[[9.2027456,45.4851135],[9.2028866,45.4850442],[9.2030616,45.4852211],[9.202921,45.4852902],[9.2027456,45.4851135]]]},"properties":{"sources":[{"property":"","dataset":"OpenStreetMap","license":"ODbL-1.0","record_id":"w89684044@2","update_time":"2025-09-15T12:25:51.000Z","confidence":null,"between":null,"provider":"osm","resource":"planet","version":"2026-07-26T00:00:00.000Z"}],"source_tags":[["landuse","flowerbed"]],"subtype":"horticulture","class":"flowerbed","version":0}},
{"id":"20ef8089-2fcf-3e17-a8dc-de489d9f676b","type":"Feature","geometry":{"type":"Polygon","coordinates":[[[9.2022089,45.4850742],[9.2023459,45.4850029],[9.2025087,45.4851663],[9.2023686,45.4852359],[9.2022089,45.4850742]]]},"properties":{"sources":[{"property":"","dataset":"OpenStreetMap","license":"ODbL-1.0","record_id":"w89684043@2","update_time":"2025-09-15T12:25:51.000Z","confidence":null,"between":null,"provider":"osm","resource":"planet","version":"2026-07-26T00:00:00.000Z"}],"source_tags":[["landuse","flowerbed"]],"subtype":"horticulture","class":"flowerbed","version":0}},
{"id":"d6b2c701-99d5-30c1-bf43-70a371bdf80e","type":"Feature","geometry":{"type":"Polygon","coordinates":[[[9.2024105,45.4852782],[9.2025512,45.4852091],[9.2027271,45.4853856],[9.2025855,45.4854553],[9.2024105,45.4852782]]]},"properties":{"sources":[{"property":"","dataset":"OpenStreetMap","license":"ODbL-1.0","record_id":"w89684040@2","update_time":"2025-09-15T12:25:51.000Z","confidence":null,"between":null,"provider":"osm","resource":"planet","version":"2026-07-26T00:00:00.000Z"}],"source_tags":[["landuse","flowerbed"]],"subtype":"horticulture","class":"flowerbed","version":0}},
{"id":"acaae881-0b45-3b14-9ced-8dce579f9076","type":"Feature","geometry":{"type":"Polygon","coordinates":[[[9.2019223,45.4848679],[9.2019144,45.4848605],[9.2019048,45.4848514],[9.2017979,45.4846259],[9.2017787,45.4845854],[9.2017476,45.4845198],[9.2016963,45.4844117],[9.2017026,45.4843895],[9.2017098,45.4843645],[9.2017318,45.4843676],[9.2020057,45.4844055],[9.2020339,45.4844211],[9.2020458,45.4844399],[9.2020428,45.4844909],[9.2020447,45.4845076],[9.2020502,45.4845564],[9.202052,45.4845617],[9.202065,45.4846005],[9.2020695,45.4846137],[9.2021092,45.484681],[9.2021213,45.4847004],[9.202127,45.484723],[9.2021153,45.4847435],[9.2020965,45.4847564],[9.2020716,45.4847735],[9.2020224,45.4848051],[9.2019223,45.4848679]]]},"properties":{"sources":[{"property":"","dataset":"OpenStreetMap","license":"ODbL-1.0","record_id":"w89684050@7","update_time":"2026-04-22T19:48:44.000Z","confidence":null,"between":null,"provider":"osm","resource":"planet","version":"2026-07-26T00:00:00.000Z"}],"names":{"primary":"Piazza Duca d'Aosta","common":null,"rules":null},"source_tags":[["area","yes"],["highway","pedestrian"],["lit","yes"],["smoothness","good"],["surface","paving_stones"]],"subtype":"pedestrian","class":"pedestrian","surface":"paving_stones","version":0}},
{"id":"2b8cc842-7324-38ac-a7df-ab22c1adda7e","type":"Feature","geometry":{"type":"Polygon","coordinates":[[[9.202537,45.4849033],[9.2026757,45.4848311],[9.2028432,45.4850003],[9.2027025,45.4850701],[9.202537,45.4849033]]]},"properties":{"sources":[{"property":"","dataset":"OpenStreetMap","license":"ODbL-1.0","record_id":"w89684045@2","update_time":"2025-09-15T12:25:51.000Z","confidence":null,"between":null,"provider":"osm","resource":"planet","version":"2026-07-26T00:00:00.000Z"}],"source_tags":[["landuse","flowerbed"]],"subtype":"horticulture","class":"flowerbed","version":0}},
{"id":"61ebe567-ce3d-3d66-9383-4a94070c9de4","type":"Feature","geometry":{"type":"Polygon","coordinates":[[[9.2037849,45.4851626],[9.2037903,45.4851814],[9.2037959,45.4852009],[9.2036626,45.4852663],[9.2035382,45.4853274],[9.2035126,45.48532],[9.2034631,45.4853058],[9.203387,45.4852991],[9.203371,45.485299500000004],[9.203311,45.4853008],[9.2032493,45.4853116],[9.203192,45.4853314],[9.2031507,45.4853275],[9.2031103,45.4853341],[9.2029156,45.4854291],[9.2027433,45.4855132],[9.20271,45.4855323],[9.2026922,45.4855623],[9.2026815,45.4855948],[9.202644,45.4856131],[9.2026083,45.4856305],[9.2025651,45.4856464],[9.2025339,45.485647],[9.2025018,45.4856392],[9.2024769,45.4856193],[9.2024313,45.4855737],[9.2020074,45.4851491],[9.2019913,45.4851106],[9.2019956,45.4850834],[9.2019967,45.4850767],[9.2020057,45.4850511],[9.2021898,45.4849536],[9.202246,45.4849238],[9.202522,45.4847777],[9.2033938,45.4843158],[9.2036545,45.4841777],[9.2037009,45.4841531],[9.2038581,45.4840698],[9.2039085,45.484055],[9.2039595,45.4840559],[9.2039987,45.4840667],[9.2040347,45.4840931],[9.2045121,45.4845644],[9.2045605,45.4846105],[9.2045617,45.4846388],[9.2045498,45.4846663],[9.2045158,45.4846932],[9.2044725,45.4847166],[9.2044394,45.4847345],[9.2044049,45.4847237],[9.204361,45.4847246],[9.2043123,45.4847371],[9.2041453,45.484822],[9.2039548,45.4849186],[9.2039251,45.4849427],[9.2039108,45.4849802],[9.2039167,45.4850168],[9.2038503,45.4850518],[9.2038145,45.4850795],[9.2037921,45.4851176],[9.2037849,45.4851626]],[[9.2038784,45.4842048],[9.2037403,45.4842767],[9.2039259,45.4844628],[9.2040661,45.4843932],[9.2038784,45.4842048]],[[9.2038184,45.4843855],[9.2037751,45.4843426],[9.2037515,45.4843543],[9.2037947,45.4843972],[9.2038184,45.4843855]],[[9.2037309,45.4845596],[9.2035491,45.4843763],[9.203411,45.4844482],[9.2035912,45.4846289],[9.2037309,45.4845596]],[[9.2042892,45.4846171],[9.2041139,45.4844411],[9.2039732,45.4845102],[9.2041488,45.4846862],[9.2042892,45.4846171]],[[9.2045191,45.4846379],[9.2044896,45.4846086],[9.2044423,45.484632],[9.2044718,45.4846613],[9.2045191,45.4846379]],[[9.2038129,45.4848515],[9.2039524,45.4847828],[9.2037774,45.4846065],[9.2036374,45.4846753],[9.2038129,45.4848515]],[[9.2032611,45.4849369],[9.2032849,45.484943],[9.2033115,45.4849422],[9.203334,45.4849349],[9.2033514,45.484922],[9.2033601,45.4849071],[9.2033605,45.4848884],[9.2033496,45.4848705],[9.2033272,45.4848564],[9.2033047,45.4848512],[9.2032802,45.484852],[9.2032609,45.4848581],[9.2032382,45.4848738],[9.2032299,45.4848905],[9.2032309,45.4849076],[9.2032413,45.4849239],[9.2032611,45.4849369]],[[9.2031351,45.4845839],[9.2031411,45.4845902],[9.2032912,45.4845132],[9.2032864,45.4845074],[9.2031351,45.4845839]],[[9.2029425,45.4846927],[9.2029377,45.4846868],[9.2027864,45.4847634],[9.2027925,45.4847697],[9.2029425,45.4846927]],[[9.2024208,45.4849549],[9.2024268,45.4849604],[9.2024581,45.484944],[9.2024529,45.4849388],[9.2024208,45.4849549]],[[9.2028432,45.4850003],[9.2026757,45.4848311],[9.202537,45.4849033],[9.2027025,45.4850701],[9.2028432,45.4850003]],[[9.2023834,45.4850171],[9.2024266,45.48506],[9.2024503,45.4850483],[9.202407,45.4850054],[9.2023834,45.4850171]],[[9.2022089,45.4850742],[9.2023686,45.4852359],[9.2025087,45.4851663],[9.2023459,45.4850029],[9.2022089,45.4850742]],[[9.2028866,45.4850442],[9.2027456,45.4851135],[9.202921,45.4852902],[9.2030616,45.4852211],[9.2028866,45.4850442]],[[9.2027271,45.4853856],[9.2025512,45.4852091],[9.2024105,45.4852782],[9.2025855,45.4854553],[9.2027271,45.4853856]]]},"properties":{"sources":[{"property":"","dataset":"OpenStreetMap","license":"ODbL-1.0","record_id":"r1322178@7","update_time":"2026-05-24T17:29:31.000Z","confidence":null,"between":null,"provider":"osm","resource":"planet","version":"2026-07-26T00:00:00.000Z"}],"names":{"primary":"Piazza Duca d'Aosta","common":null,"rules":null},"wikidata":"Q7190409","source_tags":[["area","yes"],["highway","pedestrian"],["lit","yes"],["loc_ref","no"],["surface","paving_stones"],["type","multipolygon"],["wikipedia","en:Piazza Duca d'Aosta"]],"subtype":"pedestrian","class":"pedestrian","surface":"paving_stones","version":1}},
{"id":"141efe30-aa97-3deb-9c7b-a6f32fdff70c","type":"Feature","geometry":{"type":"Polygon","coordinates":[[[9.2024892,45.4844859],[9.2024877,45.484472],[9.2024884,45.4844454],[9.2024929,45.4844189],[9.2025012,45.4843928],[9.2025131,45.4843675],[9.2025285,45.4843431],[9.2025472,45.4843199],[9.2025692,45.4842981],[9.2025941,45.4842779],[9.2026218,45.4842596],[9.2026519,45.4842433],[9.2026835,45.4842294],[9.2027168,45.4842177],[9.2027517,45.4842083],[9.2027876,45.4842014],[9.2028243,45.484197],[9.2028615,45.484195],[9.2028988,45.4841956],[9.2029358,45.4841987],[9.2029722,45.4842044],[9.2030053,45.4842119],[9.2028638,45.4842871],[9.2028404,45.4842883],[9.2028163,45.4842913],[9.2027926,45.4842958],[9.2027697,45.484302],[9.2027478,45.4843097],[9.202727,45.4843188],[9.2027072,45.4843295],[9.202689,45.4843416],[9.2026726,45.4843549],[9.2026581,45.4843692],[9.2026458,45.4843845],[9.2026356,45.4844005],[9.2026307,45.4844108],[9.2024892,45.4844859]]]},"properties":{"sources":[{"property":"","dataset":"OpenStreetMap","license":"ODbL-1.0","record_id":"w1510466468@1","update_time":"2026-05-08T08:32:11.000Z","confidence":null,"between":null,"provider":"osm","resource":"planet","version":"2026-07-26T00:00:00.000Z"}],"source_tags":[["landuse","flowerbed"]],"subtype":"horticulture","class":"flowerbed","version":1}},
{"id":"732d846b-06e9-34d3-8733-b4e313cef993","type":"Feature","geometry":{"type":"Polygon","coordinates":[[[9.2024121,45.4845268],[9.2022934,45.4845899],[9.2022814,45.4845601],[9.2022708,45.4845186],[9.202266,45.4844767],[9.2022672,45.4844346],[9.2022743,45.4843928],[9.2022873,45.4843517],[9.2023061,45.4843117],[9.2023304,45.4842732],[9.20236,45.4842366],[9.2023946,45.4842022],[9.202434,45.484170399999996],[9.2024556,45.4841561],[9.2025339,45.4842364],[9.2025027,45.4842615],[9.2024759,45.4842881],[9.202453,45.4843164],[9.2024342,45.4843462],[9.2024197,45.4843771],[9.2024096,45.4844089],[9.2024041,45.4844413],[9.2024032,45.4844738],[9.2024069,45.4845063],[9.2024121,45.4845268]]]},"properties":{"sources":[{"property":"","dataset":"OpenStreetMap","license":"ODbL-1.0","record_id":"w1510466467@1","update_time":"2026-05-08T08:32:11.000Z","confidence":null,"between":null,"provider":"osm","resource":"planet","version":"2026-07-26T00:00:00.000Z"}],"source_tags":[["landuse","flowerbed"]],"subtype":"horticulture","class":"flowerbed","version":1}},
{"id":"1663f885-c015-309d-8546-d431bc0ee5fd","type":"Feature","geometry":{"type":"Polygon","coordinates":[[[9.2026276,45.4840754],[9.2026825,45.4840606],[9.2027392,45.4840497],[9.2027972,45.4840426],[9.2028558,45.4840396],[9.2029146,45.4840405],[9.2029731,45.4840455],[9.2030305,45.4840544],[9.2030864,45.4840671],[9.2031404,45.4840836],[9.2031917,45.4841037],[9.2032009,45.4841081],[9.2030823,45.484171],[9.2030377,45.4841571],[9.2029944,45.4841472],[9.20295,45.4841403],[9.2029048,45.4841365],[9.2028594,45.4841358],[9.202814,45.4841381],[9.2027692,45.4841436],[9.2027253,45.484152],[9.2026828,45.4841635],[9.2026772,45.4841654],[9.2025993,45.4840852],[9.2026276,45.4840754]]]},"properties":{"sources":[{"property":"","dataset":"OpenStreetMap","license":"ODbL-1.0","record_id":"w1510466469@1","update_time":"2026-05-08T08:32:11.000Z","confidence":null,"between":null,"provider":"osm","resource":"planet","version":"2026-07-26T00:00:00.000Z"}],"source_tags":[["landuse","flowerbed"]],"subtype":"horticulture","class":"flowerbed","version":1}},
{"id":"efd68e22-12a3-3f87-b83f-42d7612d47d5","type":"Feature","geometry":{"type":"Polygon","coordinates":[[[9.2032618,45.4841214],[9.2032131,45.4841472],[9.2023439,45.4846086],[9.2022962,45.484634],[9.2022889,45.4846362],[9.2022815,45.484636],[9.2022747,45.4846338],[9.2022704,45.4846297],[9.2022592,45.4846097],[9.2022416,45.4845665],[9.2022302,45.4845223],[9.2022251,45.4844775],[9.2022264,45.4844326],[9.202234,45.484388],[9.2022479,45.4843441],[9.2022679,45.4843014],[9.2022939,45.4842603],[9.2023255,45.4842212],[9.2023625,45.4841845],[9.2024045,45.4841506],[9.202451,45.4841197],[9.2024995,45.4840935],[9.2025549,45.4840688],[9.2026111,45.4840491],[9.2026698,45.4840334],[9.2027303,45.4840217],[9.2027922,45.4840142],[9.2028548,45.4840109],[9.2029176,45.4840119],[9.2029799,45.4840172],[9.2030412,45.4840267],[9.203101,45.4840403],[9.2031585,45.4840579],[9.2032134,45.4840794],[9.2032379,45.4840913],[9.2032613,45.4841027],[9.2032656,45.4841069],[9.2032669,45.4841122],[9.2032658,45.4841171],[9.2032618,45.4841214]],[[9.2025993,45.4840852],[9.2026772,45.4841654],[9.2026828,45.4841635],[9.2027253,45.484152],[9.2027692,45.4841436],[9.202814,45.4841381],[9.2028594,45.4841358],[9.2029048,45.4841365],[9.20295,45.4841403],[9.2029944,45.4841472],[9.2030377,45.4841571],[9.2030823,45.484171],[9.2032009,45.4841081],[9.2031917,45.4841037],[9.2031404,45.4840836],[9.2030864,45.4840671],[9.2030305,45.4840544],[9.2029731,45.4840455],[9.2029146,45.4840405],[9.2028558,45.4840396],[9.2027972,45.4840426],[9.2027392,45.4840497],[9.2026825,45.4840606],[9.2026276,45.4840754],[9.2025993,45.4840852]],[[9.2026307,45.4844108],[9.2026356,45.4844005],[9.2026458,45.4843845],[9.2026581,45.4843692],[9.2026726,45.4843549],[9.202689,45.4843416],[9.2027072,45.4843295],[9.202727,45.4843188],[9.2027478,45.4843097],[9.2027697,45.484302],[9.2027926,45.4842958],[9.2028163,45.4842913],[9.2028404,45.4842883],[9.2028638,45.4842871],[9.2030053,45.4842119],[9.2029722,45.4842044],[9.2029358,45.4841987],[9.2028988,45.4841956],[9.2028615,45.484195],[9.2028243,45.484197],[9.2027876,45.4842014],[9.2027517,45.4842083],[9.2027168,45.4842177],[9.2026835,45.4842294],[9.2026519,45.4842433],[9.2026218,45.4842596],[9.2025941,45.4842779],[9.2025692,45.4842981],[9.2025472,45.4843199],[9.2025285,45.4843431],[9.2025131,45.4843675],[9.2025012,45.4843928],[9.2024929,45.4844189],[9.2024884,45.4844454],[9.2024877,45.484472],[9.2024892,45.4844859],[9.2026307,45.4844108]],[[9.2022934,45.4845899],[9.2024121,45.4845268],[9.2024069,45.4845063],[9.2024032,45.4844738],[9.2024041,45.4844413],[9.2024096,45.4844089],[9.2024197,45.4843771],[9.2024342,45.4843462],[9.202453,45.4843164],[9.2024759,45.4842881],[9.2025027,45.4842615],[9.2025339,45.4842364],[9.2024556,45.4841561],[9.202434,45.484170399999996],[9.2023946,45.4842022],[9.20236,45.4842366],[9.2023304,45.4842732],[9.2023061,45.4843117],[9.2022873,45.4843517],[9.2022743,45.4843928],[9.2022672,45.4844346],[9.202266,45.4844767],[9.2022708,45.4845186],[9.2022814,45.4845601],[9.2022934,45.4845899]]]},"properties":{"sources":[{"property":"","dataset":"OpenStreetMap","license":"ODbL-1.0","record_id":"r1322177@6","update_time":"2026-05-08T08:32:11.000Z","confidence":null,"between":null,"provider":"osm","resource":"planet","version":"2026-07-26T00:00:00.000Z"}],"names":{"primary":"Piazza Duca d'Aosta","common":null,"rules":null},"source_tags":[["area","yes"],["highway","pedestrian"],["lit","yes"],["surface","paving_stones"],["type","multipolygon"]],"subtype":"pedestrian","class":"pedestrian","surface":"paving_stones","version":2}},
{"id":"c371425c-0c46-36a1-af46-edf41c62aa4b","type":"Feature","geometry":{"type":"Polygon","coordinates":[[[9.1983939,45.4839016],[9.1987749,45.48395],[9.1987798,45.4839357],[9.198803,45.48385],[9.198831,45.4837198],[9.1988401,45.4836768],[9.1987484,45.4834491],[9.1987849,45.4834367],[9.199039,45.4833731],[9.1990876,45.4833893],[9.1992989,45.4837206],[9.199282,45.4837805],[9.1992562,45.4839096],[9.1992378,45.4839903],[9.1992338,45.4840049],[9.2001514,45.4841443],[9.2014565,45.4842913],[9.2014614,45.4842736],[9.2014812,45.4842008],[9.2015345,45.4839901],[9.2014837,45.4839386],[9.201189,45.4836363],[9.2008928,45.4833283],[9.2007958,45.4833746],[9.2007584,45.4833189],[9.2006624,45.4832262],[9.2006425,45.4832069],[9.2005531,45.4830904],[9.2005202,45.4830587],[9.2004831,45.4830228],[9.2002891,45.4828186],[9.2001836,45.4827267],[9.2001326,45.4826721],[9.200314,45.4825826],[9.2002602,45.4825286],[9.2001533,45.4824203],[9.2000437,45.4823094],[9.1998898,45.4821535],[9.1997802,45.4820425],[9.1996801,45.4819412],[9.1996343,45.4818941],[9.2000062,45.4817132],[9.2007098,45.4823873],[9.2013948,45.4830709],[9.2015971,45.4832741],[9.2019888,45.4836714],[9.2022142,45.4839216],[9.2022649,45.4839791],[9.2022918,45.4840534],[9.2022781,45.4840936],[9.202228,45.484132],[9.202147,45.4842221],[9.2020844,45.4843713],[9.2020938,45.4844702],[9.2021385,45.4845994],[9.2021768,45.4846847],[9.2022569,45.4847592],[9.2014027,45.4852085],[9.2009697,45.4854352],[9.2010341,45.4855497],[9.2014387,45.4861747],[9.2012915,45.4862269],[9.2009865,45.4863928],[9.2003491,45.485805],[9.2003374,45.4857942],[9.1993223,45.4863457],[9.1983939,45.4839016]]]},"properties":{"sources":[{"property":"","dataset":"OpenStreetMap","license":"ODbL-1.0","record_id":"w428378739@4","update_time":"2022-12-13T16:03:51.000Z","confidence":null,"between":null,"provider":"osm","resource":"planet","version":"2026-07-26T00:00:00.000Z"}],"source_tags":[["landuse","commercial"]],"subtype":"developed","class":"commercial","version":0}},
{"id":"c065d5d3-0f8b-3c3f-8d96-505cc5374898","type":"Feature","geometry":{"type":"Polygon","coordinates":[[[9.1984294,45.4842711],[9.1985101,45.4842551],[9.1985918,45.4844724],[9.1985108,45.4844881],[9.1983562,45.4845182],[9.1981586,45.4845566],[9.1980663,45.4845746],[9.1979896,45.4845895],[9.1979177,45.4846035],[9.1978219,45.4846233],[9.1977318,45.4844037],[9.1978246,45.4843858],[9.1978965,45.4843722],[9.1979685,45.4843585],[9.1980702,45.4843392],[9.1981177,45.4843302],[9.1982719,45.484301],[9.1984294,45.4842711]]]},"properties":{"sources":[{"property":"","dataset":"OpenStreetMap","license":"ODbL-1.0","record_id":"w428376923@1","update_time":"2016-07-01T03:42:41.000Z","confidence":null,"between":null,"provider":"osm","resource":"planet","version":"2026-07-26T00:00:00.000Z"}],"source_tags":[["landuse","commercial"]],"subtype":"developed","class":"commercial","version":0}},
{"id":"908ea987-a417-3155-84d5-c587a620f846","type":"Feature","geometry":{"type":"Polygon","coordinates":[[[9.1971994,45.4849651],[9.1971502,45.4848627],[9.1970708,45.4846789],[9.1970245,45.4845715],[9.1970103,45.484537],[9.1969823,45.4844788],[9.1966844,45.4845437],[9.1965998,45.4843632],[9.1965343,45.4842054],[9.1965113,45.4841565],[9.1965473,45.4841475],[9.1965932,45.4841361],[9.1968704,45.4840458],[9.1975198,45.4838951],[9.1975374,45.4839667],[9.197884,45.4848227],[9.1975567,45.4848915],[9.1971994,45.4849651]]]},"properties":{"sources":[{"property":"","dataset":"OpenStreetMap","license":"ODbL-1.0","record_id":"w428377541@3","update_time":"2022-03-25T09:29:21.000Z","confidence":null,"between":null,"provider":"osm","resource":"planet","version":"2026-07-26T00:00:00.000Z"}],"source_tags":[["landuse","residential"]],"subtype":"residential","class":"residential","version":0}},
{"id":"48d68c42-4e70-33f9-8ce1-197ad1f185ba","type":"Feature","geometry":{"type":"Polygon","coordinates":[[[9.1981472,45.4849792],[9.1985991,45.4848937],[9.1985742,45.4848217],[9.1986319,45.4848107],[9.1986693,45.4849062],[9.1986805,45.4849555],[9.1986024,45.4849428],[9.1981798,45.4851993],[9.1981654,45.4852065],[9.198135,45.485224],[9.1981289,45.4852115],[9.1981072,45.4851664],[9.1981413,45.4851485],[9.1981618,45.4851378],[9.198113,45.4850216],[9.1980992,45.4849889],[9.1981472,45.4849792]]]},"properties":{"sources":[{"property":"","dataset":"OpenStreetMap","license":"ODbL-1.0","record_id":"w1043678542@6","update_time":"2025-08-06T13:32:00.000Z","confidence":null,"between":null,"provider":"osm","resource":"planet","version":"2026-07-26T00:00:00.000Z"}],"source_tags":[["area","yes"],["highway","pedestrian"],["lit","yes"],["surface","paving_stones"]],"subtype":"pedestrian","class":"pedestrian","surface":"paving_stones","version":0}},
{"id":"7f2c3084-72be-39a1-9858-aee3e761a56f","type":"Feature","geometry":{"type":"Polygon","coordinates":[[[9.1988946,45.4852785],[9.1981322,45.4854267],[9.1980429,45.4852086],[9.1980526,45.4851849],[9.1978219,45.4846233],[9.1979177,45.4846035],[9.1979896,45.4845895],[9.1980663,45.4845746],[9.1981586,45.4845566],[9.1983562,45.4845182],[9.1985108,45.4844881],[9.1985918,45.4844724],[9.1988946,45.4852785]]]},"properties":{"sources":[{"property":"","dataset":"OpenStreetMap","license":"ODbL-1.0","record_id":"w428376922@2","update_time":"2025-08-06T13:32:00.000Z","confidence":null,"between":null,"provider":"osm","resource":"planet","version":"2026-07-26T00:00:00.000Z"}],"source_tags":[["landuse","residential"]],"subtype":"residential","class":"residential","version":0}},
{"id":"20f6e8ce-bc97-33e4-ad32-ad4e7c4e4e8f","type":"Feature","geometry":{"type":"Polygon","coordinates":[[[9.1984864,45.4860385],[9.1984031,45.4859634],[9.1983372,45.4859065],[9.1983637,45.4858901],[9.1983316,45.4858659],[9.1983108,45.485813],[9.1982897,45.4857592],[9.1982569,45.4856756],[9.198298,45.485629],[9.1985086,45.4855935],[9.1986099,45.4856323],[9.1986167,45.4856513],[9.1986253,45.4856758],[9.1987349,45.4859841],[9.1987254,45.4859963],[9.1984864,45.4860385]]]},"properties":{"sources":[{"property":"","dataset":"OpenStreetMap","license":"ODbL-1.0","record_id":"w96792789@2","update_time":"2017-12-22T09:50:21.000Z","confidence":null,"between":null,"provider":"osm","resource":"planet","version":"2026-07-26T00:00:00.000Z"}],"source_tags":[["leisure","garden"]],"subtype":"horticulture","class":"garden","version":0}},
{"id":"be3e5316-0a56-3199-9414-d931d06a5e12","type":"Feature","geometry":{"type":"Polygon","coordinates":[[[9.1986578,45.4866995],[9.1981415,45.4869779],[9.1978133,45.4866754],[9.1975828,45.4865103],[9.1972891,45.4862538],[9.1974057,45.4861736],[9.1975143,45.4861092],[9.1976162,45.4860486],[9.1977401,45.485975],[9.1979043,45.4861087],[9.1977949,45.486175],[9.1977446,45.4862089],[9.1980621,45.4864937],[9.1981275,45.4864552],[9.1982409,45.4863886],[9.1982893,45.4863713],[9.1986578,45.4866995]]]},"properties":{"sources":[{"property":"","dataset":"OpenStreetMap","license":"ODbL-1.0","record_id":"w428376906@3","update_time":"2025-08-06T15:05:18.000Z","confidence":null,"between":null,"provider":"osm","resource":"planet","version":"2026-07-26T00:00:00.000Z"}],"source_tags":[["landuse","residential"]],"subtype":"residential","class":"residential","version":0}},
{"id":"7916de4a-3f04-34ee-956d-cc14f058bc99","type":"Feature","geometry":{"type":"Polygon","coordinates":[[[9.1995033,45.4861382],[9.1994608,45.4861618],[9.1994309,45.4861699],[9.1994009,45.4861688],[9.1993759,45.4861629],[9.1993493,45.4861513],[9.1993326,45.4861326],[9.1992472,45.4859339],[9.199223,45.4858761],[9.1992018,45.4858202],[9.1991292,45.4856235],[9.1991097,45.4855723],[9.1990902,45.4855208],[9.1991392,45.4855116],[9.1991361,45.4855051],[9.1992735,45.485479],[9.1993171,45.4854707],[9.1993139,45.4854624],[9.1995216,45.485425],[9.1996,45.485411],[9.2001854,45.4852215],[9.2001802,45.4852127],[9.2003664,45.4851543],[9.2005161,45.4851089],[9.2005817,45.4850889],[9.2007789,45.4853996],[9.2007533,45.4854714],[9.2006453,45.4855303],[9.2005708,45.48557],[9.2004976,45.4856089],[9.2002329,45.4857485],[9.1998392,45.4859561],[9.1996505,45.4860598],[9.1995781,45.4860984],[9.1995033,45.4861382]]]},"properties":{"sources":[{"property":"","dataset":"OpenStreetMap","license":"ODbL-1.0","record_id":"w428378740@5","update_time":"2021-01-02T18:59:02.000Z","confidence":null,"between":null,"provider":"osm","resource":"planet","version":"2026-07-26T00:00:00.000Z"}],"source_tags":[["amenity","school"]],"subtype":"education","class":"school","version":0}},
{"id":"e9cf0f6f-1fac-3a47-b0db-a66fb3078425","type":"Feature","geometry":{"type":"Polygon","coordinates":[[[9.2017415,45.4877075],[9.201716,45.4876785],[9.2013661,45.4872839],[9.2012862,45.4871937],[9.2012113,45.4871091],[9.2011644,45.4870563],[9.2018455,45.4867072],[9.2022371,45.4871063],[9.2026343,45.487482],[9.2019736,45.4878559],[9.2019455,45.4878267],[9.2019347,45.4878156],[9.2018015,45.4876797],[9.2017687,45.4876949],[9.2017415,45.4877075]]]},"properties":{"sources":[{"property":"","dataset":"OpenStreetMap","license":"ODbL-1.0","record_id":"w428379626@3","update_time":"2024-04-04T07:44:08.000Z","confidence":null,"between":null,"provider":"osm","resource":"planet","version":"2026-07-26T00:00:00.000Z"}],"source_tags":[["landuse","commercial"]],"subtype":"developed","class":"commercial","version":0}},
{"id":"f55a830a-4f9d-3fed-b988-659b0763d607","type":"Feature","geometry":{"type":"Polygon","coordinates":[[[9.1990578,45.4866162],[9.1989812,45.4865476],[9.1993128,45.4863709],[9.2003491,45.485805],[9.2009865,45.4863928],[9.2009999,45.4864061],[9.2013004,45.4862365],[9.201466,45.48618],[9.2009935,45.4854509],[9.2014092,45.485222],[9.2016015,45.4851795],[9.2017459,45.4851363],[9.2045209,45.4878601],[9.2028948,45.4886791],[9.2028605,45.4886452],[9.202773,45.4885607],[9.2027445,45.4885332],[9.2026326,45.4884289],[9.2026868,45.4883985],[9.2025337,45.4882646],[9.2024651,45.4883015],[9.2023653,45.4882153],[9.20231,45.4881675],[9.2024203,45.4881013],[9.2023603,45.4880434],[9.2023414,45.4880252],[9.2023729,45.4880109],[9.2022574,45.4879096],[9.202112,45.4879911],[9.2020948,45.4879761],[9.2020189,45.4879095],[9.2019786,45.4878725],[9.2014474,45.4881811],[9.2014125,45.4882014],[9.2017486,45.4884883],[9.202309,45.4889858],[9.2011673,45.4895668],[9.1988532,45.4876032],[9.1989944,45.4875158],[9.1990825,45.4874638],[9.1986341,45.4870861],[9.1989547,45.486921],[9.199229,45.4867781],[9.1991173,45.4866727],[9.1990578,45.4866162]],[[9.2017415,45.4877075],[9.2017687,45.4876949],[9.2018015,45.4876797],[9.2019347,45.4878156],[9.2019455,45.4878267],[9.2019736,45.4878559],[9.2026343,45.487482],[9.2022371,45.4871063],[9.2018455,45.4867072],[9.2011644,45.4870563],[9.2012113,45.4871091],[9.2012862,45.4871937],[9.2013661,45.4872839],[9.201716,45.4876785],[9.2017415,45.4877075]]]},"properties":{"sources":[{"property":"","dataset":"OpenStreetMap","license":"ODbL-1.0","record_id":"r6370410@1","update_time":"2024-04-04T07:44:08.000Z","confidence":null,"between":null,"provider":"osm","resource":"planet","version":"2026-07-26T00:00:00.000Z"}],"source_tags":[["landuse","residential"],["type","multipolygon"]],"subtype":"residential","class":"residential","version":1}},
{"id":"47aaeef1-0f03-3c4c-a6b8-2869c0818e82","type":"Feature","geometry":{"type":"Polygon","coordinates":[[[9.1990825,45.4874638],[9.1989944,45.4875158],[9.1988532,45.4876032],[9.1985362,45.4873274],[9.1984397,45.487219],[9.1981528,45.4869885],[9.1989812,45.4865476],[9.1990578,45.4866162],[9.1991173,45.4866727],[9.199229,45.4867781],[9.1989547,45.486921],[9.1986341,45.4870861],[9.1990825,45.4874638]]]},"properties":{"sources":[{"property":"","dataset":"OpenStreetMap","license":"ODbL-1.0","record_id":"w428378868@2","update_time":"2016-07-01T04:49:04.000Z","confidence":null,"between":null,"provider":"osm","resource":"planet","version":"2026-07-26T00:00:00.000Z"}],"source_tags":[["landuse","retail"]],"subtype":"developed","class":"retail","version":0}},
{"id":"a371db42-b3c9-32df-a46e-51abface0fb3","type":"Feature","geometry":{"type":"Polygon","coordinates":[[[9.1980119,45.487044],[9.1968908,45.4876442],[9.1970433,45.4866817],[9.1970739,45.4864884],[9.1970979,45.4864443],[9.1972147,45.4863592],[9.1974581,45.4865667],[9.1980119,45.487044]]]},"properties":{"sources":[{"property":"","dataset":"OpenStreetMap","license":"ODbL-1.0","record_id":"w428413842@2","update_time":"2022-11-15T10:39:33.000Z","confidence":null,"between":null,"provider":"osm","resource":"planet","version":"2026-07-26T00:00:00.000Z"}],"source_tags":[["landuse","residential"]],"subtype":"residential","class":"residential","version":0}},
{"id":"3c4d417c-ba86-30ee-bc8a-f4c41d403391","type":"Feature","geometry":{"type":"Polygon","coordinates":[[[9.1975729,45.4873052],[9.1980306,45.4870529],[9.1982932,45.4873011],[9.1978584,45.4875398],[9.1975729,45.4873052]]]},"properties":{"sources":[{"property":"","dataset":"OpenStreetMap","license":"ODbL-1.0","record_id":"w428574718@1","update_time":"2017-12-22T09:50:19.000Z","confidence":null,"between":null,"provider":"osm","resource":"planet","version":"2026-07-26T00:00:00.000Z"}],"source_tags":[["landuse","commercial"]],"subtype":"developed","class":"commercial","version":0}},
{"id":"5b380ce9-1308-37ae-8b2c-4ad37f08bdb8","type":"Feature","geometry":{"type":"Polygon","coordinates":[[[9.2078988,45.4864402],[9.2090295,45.4875387],[9.2084284,45.487847],[9.2073116,45.4867422],[9.2078988,45.4864402]]]},"properties":{"sources":[{"property":"","dataset":"OpenStreetMap","license":"ODbL-1.0","record_id":"w428366275@2","update_time":"2016-07-02T09:11:30.000Z","confidence":null,"between":null,"provider":"osm","resource":"planet","version":"2026-07-26T00:00:00.000Z"}],"source_tags":[["landuse","commercial"]],"subtype":"developed","class":"commercial","version":0}},
{"id":"c32dcebd-0251-3aa6-afe7-e33017701b8c","type":"Feature","geometry":{"type":"Polygon","coordinates":[[[9.2066111,45.4856376],[9.2065984,45.4856244],[9.2067226,45.4855627],[9.2069855,45.4858033],[9.2069544,45.4858135],[9.2068576,45.4858197],[9.2068027,45.4858167],[9.2067744,45.4858045],[9.2067616,45.4857824],[9.2067581,45.4857374],[9.2067524,45.4856911],[9.2067129,45.48565],[9.2066635,45.4856424],[9.2066111,45.4856376]]]},"properties":{"sources":[{"property":"","dataset":"OpenStreetMap","license":"ODbL-1.0","record_id":"w1039601482@1","update_time":"2022-03-12T14:35:15.000Z","confidence":null,"between":null,"provider":"osm","resource":"planet","version":"2026-07-26T00:00:00.000Z"}],"source_tags":[["access","yes"],["leisure","playground"]],"subtype":"recreation","class":"playground","version":0}},
{"id":"eab6c918-5cef-36d3-86ab-1dccf768f8ad","type":"Feature","geometry":{"type":"Polygon","coordinates":[[[9.206193,45.4855515],[9.2063818,45.4854574],[9.2066777,45.4853099],[9.2068855,45.4855116],[9.2072236,45.4858398],[9.2073702,45.4859822],[9.2071599,45.4860886],[9.2071565,45.4860977],[9.2071497,45.4861085],[9.2071327,45.4861197],[9.207112,45.4861256],[9.2070964,45.4861269],[9.2070815,45.4861261],[9.2068713,45.4862265],[9.2066522,45.4860085],[9.2063908,45.4857484],[9.206193,45.4855515]]]},"properties":{"sources":[{"property":"","dataset":"OpenStreetMap","license":"ODbL-1.0","record_id":"w961577733@2","update_time":"2025-12-03T21:53:11.000Z","confidence":null,"between":null,"provider":"osm","resource":"planet","version":"2026-07-26T00:00:00.000Z"}],"names":{"primary":"Giardino delle Bambine e dei Bambini di tutto il Mondo","common":null,"rules":null},"source_tags":[["leisure","park"]],"subtype":"park","class":"park","version":0}},
{"id":"1c7a8b08-bb4c-3574-b5c1-2d578c772f61","type":"Feature","geometry":{"type":"Polygon","coordinates":[[[9.2144444,45.4842776],[9.2148129,45.4846464],[9.2150893,45.4847202],[9.2163534,45.4858518],[9.2153628,45.4862814],[9.2096945,45.4890645],[9.2085724,45.4879718],[9.2091606,45.4876749],[9.2092917,45.48758],[9.2080507,45.4863556],[9.2097826,45.4854555],[9.2103191,45.4851471],[9.2104717,45.4850643],[9.2138507,45.4834639],[9.214289,45.4839023],[9.2141402,45.4839794],[9.2142068,45.4840432],[9.2143895,45.4842186],[9.2144444,45.4842776]],[[9.2135069,45.486463],[9.2140357,45.4865239],[9.21405,45.4864673],[9.2140908,45.4863198],[9.2141038,45.4862726],[9.2140148,45.4862606],[9.2136185,45.4862161],[9.2135714,45.4861959],[9.2135518,45.4862779],[9.2135487,45.4862912],[9.2135222,45.4864021],[9.2135069,45.486463]]]},"properties":{"sources":[{"property":"","dataset":"OpenStreetMap","license":"ODbL-1.0","record_id":"r6370321@1","update_time":"2025-06-14T13:33:49.000Z","confidence":null,"between":null,"provider":"osm","resource":"planet","version":"2026-07-26T00:00:00.000Z"}],"source_tags":[["landuse","residential"],["type","multipolygon"]],"subtype":"residential","class":"residential","version":1}},
{"id":"89404d70-f2a2-3bcf-8227-3ff6a3c96ebe","type":"Feature","geometry":{"type":"Polygon","coordinates":[[[9.211715,45.4873747],[9.2109492,45.4877543],[9.2106105,45.4874266],[9.2113808,45.4870474],[9.2116975,45.4873575],[9.211715,45.4873747]]]},"properties":{"sources":[{"property":"","dataset":"OpenStreetMap","license":"ODbL-1.0","record_id":"w329666551@7","update_time":"2025-04-07T15:27:44.000Z","confidence":null,"between":null,"provider":"osm","resource":"planet","version":"2026-07-26T00:00:00.000Z"}],"names":{"primary":"Nido Infanzia Venini 7","common":null,"rules":null},"source_tags":[["amenity","kindergarten"],["isced:level","0"],["nursery","yes"],["operator","Comune di Milano"],["operator:type","government"],["operator:wikidata","Q106225029"],["phone","+39 02 88440360"]],"subtype":"education","class":"kindergarten","version":0}},
{"id":"282065b1-c7c6-3541-8058-cbbf37367ff8","type":"Feature","geometry":{"type":"Polygon","coordinates":[[[9.2103028,45.4871209],[9.2107479,45.4869007],[9.2110606,45.4867467],[9.2111551,45.4868372],[9.2113686,45.487036],[9.2113808,45.4870474],[9.2106105,45.4874266],[9.210599,45.4874123],[9.2103028,45.4871209]]]},"properties":{"sources":[{"property":"","dataset":"OpenStreetMap","license":"ODbL-1.0","record_id":"w24790233@6","update_time":"2015-12-15T08:10:11.000Z","confidence":null,"between":null,"provider":"osm","resource":"planet","version":"2026-07-26T00:00:00.000Z"}],"source_tags":[["leisure","park"]],"subtype":"park","class":"park","version":0}},
{"id":"200435c1-6bdc-3412-880b-beadac87dd2b","type":"Feature","geometry":{"type":"Polygon","coordinates":[[[9.2135069,45.486463],[9.2135222,45.4864021],[9.2135487,45.4862912],[9.2135518,45.4862779],[9.2135714,45.4861959],[9.2136185,45.4862161],[9.2140148,45.4862606],[9.2141038,45.4862726],[9.2140908,45.4863198],[9.21405,45.4864673],[9.2140357,45.4865239],[9.2135069,45.486463]]]},"properties":{"sources":[{"property":"","dataset":"OpenStreetMap","license":"ODbL-1.0","record_id":"w428366345@2","update_time":"2024-04-04T07:44:08.000Z","confidence":null,"between":null,"provider":"osm","resource":"planet","version":"2026-07-26T00:00:00.000Z"}],"source_tags":[["landuse","industrial"]],"subtype":"developed","class":"industrial","version":0}},
{"id":"a4a25569-aba9-3caf-996b-26cd909c4258","type":"Feature","geometry":{"type":"Polygon","coordinates":[[[9.2161984,45.4860617],[9.2162279,45.4860449],[9.2163706,45.4859853],[9.2163867,45.4859872],[9.2164642,45.4860738],[9.2164616,45.4860778],[9.2164434,45.4860821],[9.2164246,45.4860447],[9.2162065,45.4860967],[9.216225,45.4861349],[9.2161916,45.4861428],[9.2161818,45.4861439],[9.2161748,45.4861418],[9.216172,45.4861362],[9.2161714,45.4861284],[9.2161731,45.4861047],[9.2161818,45.4860835],[9.2161984,45.4860617]]]},"properties":{"sources":[{"property":"","dataset":"OpenStreetMap","license":"ODbL-1.0","record_id":"w70297658@4","update_time":"2020-10-16T12:10:20.000Z","confidence":null,"between":null,"provider":"osm","resource":"planet","version":"2026-07-26T00:00:00.000Z"}],"source_tags":[["leisure","garden"]],"subtype":"horticulture","class":"garden","version":0}},
{"id":"1ecebf7d-ea1c-33c6-853d-a2418bb173d8","type":"Feature","geometry":{"type":"Polygon","coordinates":[[[9.2184126,45.4851996],[9.2184125,45.485267],[9.2184119,45.485388],[9.2184125,45.4856283],[9.2184167,45.4857719],[9.2184172,45.4857961],[9.2184161,45.4858907],[9.218416,45.4859028],[9.2179677,45.4859751],[9.2178498,45.4859714],[9.2177429,45.4859656],[9.217654,45.4859495],[9.217571,45.4859328],[9.2172984,45.4857952],[9.2171966,45.4857554],[9.2171079,45.485737],[9.2171404,45.485601],[9.2171528,45.4854496],[9.217156,45.4851917],[9.2184126,45.4851996]]]},"properties":{"sources":[{"property":"","dataset":"OpenStreetMap","license":"ODbL-1.0","record_id":"w437097155@2","update_time":"2022-04-13T18:57:46.000Z","confidence":null,"between":null,"provider":"osm","resource":"planet","version":"2026-07-26T00:00:00.000Z"}],"source_tags":[["landuse","commercial"]],"subtype":"developed","class":"commercial","version":0}},
{"id":"1565eaae-a604-32b5-81bc-de03f759c110","type":"Feature","geometry":{"type":"Polygon","coordinates":[[[9.2165852,45.4858767],[9.2167481,45.4858052],[9.2168348,45.4857846],[9.2168765,45.4857805],[9.216911,45.4857822],[9.2169328,45.4857902],[9.2169513,45.4858022],[9.2169644,45.4858241],[9.2169634,45.4858457],[9.2169569,45.4858751],[9.2169278,45.4859326],[9.2168976,45.4859634],[9.2168604,45.485988999999996],[9.2168192,45.4860078],[9.2167028,45.4860353],[9.2166935,45.4860332],[9.2166415,45.485966],[9.2165764,45.4858974],[9.2165724,45.4858875],[9.2165852,45.4858767]]]},"properties":{"sources":[{"property":"","dataset":"OpenStreetMap","license":"ODbL-1.0","record_id":"w70297656@5","update_time":"2020-10-16T12:10:20.000Z","confidence":null,"between":null,"provider":"osm","resource":"planet","version":"2026-07-26T00:00:00.000Z"}],"source_tags":[["leisure","garden"]],"subtype":"horticulture","class":"garden","version":0}},
{"id":"2430278c-9b79-3408-8564-303eef7787ca","type":"Feature","geometry":{"type":"Polygon","coordinates":[[[9.2162405,45.4862438],[9.2162425,45.486233],[9.2164879,45.4861719],[9.2165168,45.4861672],[9.2165409,45.486178],[9.2166116,45.4863045],[9.216678,45.4864559],[9.2167018,45.4865315],[9.2166955,45.4865367],[9.2166257,45.4865022],[9.216551,45.486462],[9.2164049,45.4863655],[9.2162921,45.4862861],[9.2162405,45.4862438]]]},"properties":{"sources":[{"property":"","dataset":"OpenStreetMap","license":"ODbL-1.0","record_id":"w70297660@5","update_time":"2020-10-16T12:10:20.000Z","confidence":null,"between":null,"provider":"osm","resource":"planet","version":"2026-07-26T00:00:00.000Z"}],"source_tags":[["leisure","garden"]],"subtype":"horticulture","class":"garden","version":0}},
{"id":"748ef87b-7dd4-3992-a817-83b2e0f8e14f","type":"Feature","geometry":{"type":"Polygon","coordinates":[[[9.2168031,45.4861926],[9.2167977,45.4861639],[9.2168091,45.4861362],[9.2168393,45.4861094],[9.2169151,45.4860732],[9.2169882,45.4860342],[9.2170338,45.4859951],[9.2170673,45.4859439],[9.2171015,45.4858452],[9.2171075,45.4858311],[9.2171189,45.4858283],[9.2171404,45.4858372],[9.2174736,45.4860276],[9.2175575,45.4860962],[9.2175934,45.4861451],[9.2176115,45.4862019],[9.2175985,45.4862589],[9.2175627,45.4863065],[9.217515,45.4863516],[9.2171843,45.4865553],[9.2171115,45.4865811],[9.2170334,45.4865974],[9.2169587,45.486603],[9.2169506,45.4865974],[9.2168614,45.4863148],[9.2168031,45.4861926]]]},"properties":{"sources":[{"property":"","dataset":"OpenStreetMap","license":"ODbL-1.0","record_id":"w70296906@7","update_time":"2020-10-16T12:10:20.000Z","confidence":null,"between":null,"provider":"osm","resource":"planet","version":"2026-07-26T00:00:00.000Z"}],"source_tags":[["leisure","garden"]],"subtype":"horticulture","class":"garden","version":0}},
{"id":"fb82c9f5-6256-3281-b4d9-88399a140c63","type":"Feature","geometry":{"type":"Polygon","coordinates":[[[9.2233803,45.4861253],[9.2233555,45.4876583],[9.2226144,45.487651],[9.2221501,45.4879156],[9.2218191,45.4881043],[9.2212533,45.4876179],[9.2212334,45.4875822],[9.2208252,45.4873195],[9.2202674,45.4870819],[9.219391,45.4867202],[9.2190588,45.4865667],[9.2182163,45.4861759],[9.2182573,45.4860866],[9.2191841,45.4860911],[9.2193715,45.4860968],[9.2233803,45.4861253]]]},"properties":{"sources":[{"property":"","dataset":"OpenStreetMap","license":"ODbL-1.0","record_id":"w436983057@2","update_time":"2022-04-13T18:57:46.000Z","confidence":null,"between":null,"provider":"osm","resource":"planet","version":"2026-07-26T00:00:00.000Z"}],"source_tags":[["landuse","residential"]],"subtype":"residential","class":"residential","version":0}},
{"id":"bae5801c-db2b-30aa-9e50-542e20ec992a","type":"Feature","geometry":{"type":"Polygon","coordinates":[[[9.2191207,45.4869997],[9.2190685,45.4870163],[9.2190178,45.4869915],[9.2186602,45.4868165],[9.218436,45.4867069],[9.2180707,45.4865282],[9.2179566,45.4864716],[9.2178241,45.4864075],[9.2177742,45.4863816],[9.2177301,45.4863615],[9.2177551,45.4863391],[9.2177887,45.4863089],[9.2178429,45.486288],[9.2179127,45.4862761],[9.2179651,45.4862784],[9.2180293,45.4862826],[9.2180949,45.4862971],[9.219262,45.4868151],[9.2192756,45.4868574],[9.2192723,45.4868606],[9.2191906,45.4869393],[9.2191207,45.4869997]],[[9.2178435,45.4863519],[9.2179859,45.4864199],[9.2179886,45.4863353],[9.2178626,45.4863297],[9.2178435,45.4863519]],[[9.2180262,45.4864058],[9.2180259,45.4864396],[9.2186735,45.4867488],[9.2186766,45.4866917],[9.2186256,45.4866559],[9.2185733,45.4866108],[9.2185036,45.4865769],[9.2184191,45.486561],[9.21834,45.4865346],[9.218285,45.4864989],[9.2182314,45.48645],[9.2181589,45.486419],[9.2180905,45.4864011],[9.2180262,45.4864058]],[[9.2189673,45.4868942],[9.218936,45.4868631],[9.2189187,45.4868306],[9.2189126,45.4867932],[9.2189227,45.4867639],[9.2189515,45.4867293],[9.2188906,45.4867283],[9.2188469,45.4867358],[9.2188039,45.4867387],[9.2187634,45.4867347],[9.2187205,45.486717],[9.2187206,45.4867696],[9.2189673,45.4868942]]]},"properties":{"sources":[{"property":"","dataset":"OpenStreetMap","license":"ODbL-1.0","record_id":"r3480683@4","update_time":"2024-01-10T11:08:05.000Z","confidence":null,"between":null,"provider":"osm","resource":"planet","version":"2026-07-26T00:00:00.000Z"}],"source_tags":[["highway","pedestrian"],["surface","sett"],["type","multipolygon"]],"subtype":"pedestrian","class":"pedestrian","surface":"sett","version":1}},
{"id":"fda51f84-d13d-3ec6-9dec-279ef991d414","type":"Feature","geometry":{"type":"Polygon","coordinates":[[[9.2187805,45.4876897],[9.2176258,45.4867213],[9.2175015,45.4866218],[9.2178241,45.4864075],[9.2177301,45.4863615],[9.2177828,45.4863059],[9.2178384,45.4862805],[9.2179088,45.4862706],[9.2180971,45.4862859],[9.2193383,45.4868903],[9.2196001,45.4870042],[9.2194577,45.487171],[9.2194299,45.4872036],[9.2193598,45.4872855],[9.2192623,45.4873833],[9.2191441,45.4874442],[9.2190688,45.4874932],[9.218975,45.487555],[9.2189445,45.4875751],[9.2188456,45.4876429],[9.2187805,45.4876897]]]},"properties":{"sources":[{"property":"","dataset":"OpenStreetMap","license":"ODbL-1.0","record_id":"w436983253@3","update_time":"2022-04-13T18:57:46.000Z","confidence":null,"between":null,"provider":"osm","resource":"planet","version":"2026-07-26T00:00:00.000Z"}],"source_tags":[["landuse","residential"]],"subtype":"residential","class":"residential","version":0}},
{"id":"d70dfac9-5490-33ac-9e53-12715a45885b","type":"Feature","geometry":{"type":"Polygon","coordinates":[[[9.2177591,45.487059],[9.2176338,45.4871167],[9.2175386,45.4871606],[9.2174279,45.4872117],[9.217356,45.4872448],[9.2172315,45.4873022],[9.2171483,45.4873431],[9.2170953,45.4871386],[9.2170297,45.4869034],[9.2170217,45.4868451],[9.2170579,45.4867784],[9.2171357,45.4867323],[9.2172175,45.4866961],[9.2173232,45.4867319],[9.2176836,45.4870024],[9.2177591,45.487059]]]},"properties":{"sources":[{"property":"","dataset":"OpenStreetMap","license":"ODbL-1.0","record_id":"w436811571@4","update_time":"2022-04-13T18:57:46.000Z","confidence":null,"between":null,"provider":"osm","resource":"planet","version":"2026-07-26T00:00:00.000Z"}],"source_tags":[["landuse","commercial"]],"subtype":"developed","class":"commercial","version":0}},
{"id":"f9d0b685-f355-32e4-aa1b-423970cdb21c","type":"Feature","geometry":{"type":"Polygon","coordinates":[[[9.2165815,45.4866274],[9.2165454,45.486646],[9.2164842,45.4866775],[9.216335,45.4865311],[9.2163411,45.4865029],[9.2163645,45.4865231],[9.2164222,45.4865569],[9.216492,45.4865908],[9.2165815,45.4866274]]]},"properties":{"sources":[{"property":"","dataset":"OpenStreetMap","license":"ODbL-1.0","record_id":"w859694048@3","update_time":"2024-01-10T11:10:14.000Z","confidence":null,"between":null,"provider":"osm","resource":"planet","version":"2026-07-26T00:00:00.000Z"}],"source_tags":[["area","yes"],["highway","pedestrian"],["lit","yes"],["noname","yes"],["smoothness","good"],["surface","asphalt"]],"subtype":"pedestrian","class":"pedestrian","surface":"asphalt","version":0}},
{"id":"fb452d0e-39e5-30d1-85e0-2bea2e75343a","type":"Feature","geometry":{"type":"Polygon","coordinates":[[[9.2166338,45.4866495],[9.2166502,45.4866599],[9.2166824,45.4866933],[9.2167032,45.4867304],[9.2167253,45.4867915],[9.2166433,45.4867974],[9.2166133,45.4867652],[9.216563,45.4867548],[9.2165158,45.4867085],[9.2166338,45.4866495]]]},"properties":{"sources":[{"property":"","dataset":"OpenStreetMap","license":"ODbL-1.0","record_id":"w859694049@3","update_time":"2024-01-10T11:10:12.000Z","confidence":null,"between":null,"provider":"osm","resource":"planet","version":"2026-07-26T00:00:00.000Z"}],"source_tags":[["area","yes"],["highway","pedestrian"],["lit","yes"],["noname","yes"],["smoothness","good"],["surface","asphalt"]],"subtype":"pedestrian","class":"pedestrian","surface":"asphalt","version":0}},
{"id":"8cd460a8-1af0-3178-8200-1d5a18782bd5","type":"Feature","geometry":{"type":"Polygon","coordinates":[[[9.2147288,45.4871706],[9.2153939,45.4868345],[9.2156792,45.4871281],[9.2156663,45.487134],[9.2159432,45.4874071],[9.2158622,45.4874574],[9.2158045,45.4874983],[9.2160012,45.4877159],[9.2160152,45.4877415],[9.216054,45.4877378],[9.2162521,45.4879416],[9.215631,45.4883993],[9.2153068,45.4886382],[9.2147639,45.4882606],[9.2148325,45.4882317],[9.2149901,45.4881132],[9.2151931,45.4879691],[9.2152994,45.4878813],[9.2153889,45.4878055],[9.2147288,45.4871706]]]},"properties":{"sources":[{"property":"","dataset":"OpenStreetMap","license":"ODbL-1.0","record_id":"w436811188@3","update_time":"2020-02-08T09:21:33.000Z","confidence":null,"between":null,"provider":"osm","resource":"planet","version":"2026-07-26T00:00:00.000Z"}],"names":{"primary":"Civico Polo Scolastico \"Alessandro Manzoni\"","common":null,"rules":null},"source_tags":[["amenity","school"],["operator","Comune di Milano"]],"subtype":"education","class":"school","version":0}},
{"id":"577b0450-0632-38ef-bd71-8f0ab0ecaa3b","type":"Feature","geometry":{"type":"Polygon","coordinates":[[[9.2171483,45.4873431],[9.2172315,45.4873022],[9.217356,45.4872448],[9.2174279,45.4872117],[9.2175386,45.4871606],[9.2176338,45.4871167],[9.2177591,45.487059],[9.2202541,45.4889405],[9.2201399,45.4890147],[9.220034,45.4890834],[9.2197226,45.4892855],[9.2200063,45.4895182],[9.2200711,45.4894965],[9.2201334,45.4894775],[9.2201951,45.4894587],[9.2202169,45.4894527],[9.2202061,45.4894302],[9.2205495,45.4893061],[9.2206259,45.4892957],[9.2206757,45.4892663],[9.2208393,45.4893824],[9.2209231,45.4894418],[9.2229932,45.4909447],[9.222973,45.4909763],[9.2229667,45.491019],[9.2229865,45.4910747],[9.2230307,45.4911196],[9.223086,45.4911398],[9.2231633,45.4911444],[9.2232119,45.4911336],[9.2232538,45.4911104],[9.2280883,45.4947636],[9.2280317,45.4948128],[9.2275505,45.4951656],[9.227029,45.4955143],[9.2265076,45.4958],[9.2263228,45.495897],[9.2263195,45.4959059],[9.2262835,45.4959012],[9.2262376,45.4958954],[9.2262318,45.4958947],[9.2262207,45.4959399],[9.2260815,45.4960023],[9.2257922,45.4961158],[9.225512,45.4962216],[9.22525,45.4963096],[9.225025,45.4963762],[9.2249226,45.4964065],[9.2247726,45.4964471],[9.2246819,45.4964716],[9.2246442,45.4964818],[9.2243477,45.4965507],[9.2240584,45.4966106],[9.2237982,45.4966613],[9.2237491,45.4966684],[9.2236461,45.4966822],[9.2236157,45.4966862],[9.2235545,45.4966959],[9.223513,45.4967025],[9.2231981,45.4967386],[9.2228728,45.4967682],[9.2222907,45.4968048],[9.221478,45.4968502],[9.2210599,45.4968753],[9.2206927,45.4968974],[9.2206912,45.496856],[9.2206891,45.4967925],[9.2206887,45.4967803],[9.2206884,45.4967699],[9.2206875,45.4967442],[9.2206854,45.4966818],[9.2206834,45.4966208],[9.2206823,45.4965862],[9.2206813,45.4965547],[9.220638,45.4965402],[9.2205901,45.4965242],[9.2205142,45.4964988],[9.2204002,45.4964605],[9.2202592,45.4966609],[9.2202401,45.4967087],[9.2202058,45.4967651],[9.2201698,45.4967934],[9.2201202,45.4968269],[9.2200911,45.4968378],[9.220005,45.4966258],[9.2198896,45.4964675],[9.2171483,45.4873431]]]},"properties":{"sources":[{"property":"","dataset":"OpenStreetMap","license":"ODbL-1.0","record_id":"w436811572@12","update_time":"2024-11-18T13:50:42.000Z","confidence":null,"between":null,"provider":"osm","resource":"planet","version":"2026-07-26T00:00:00.000Z"}],"source_tags":[["landuse","residential"]],"subtype":"residential","class":"residential","version":0}},
{"id":"e61403c2-3dfa-3502-9896-5f5fa46e9e41","type":"Feature","geometry":{"type":"Polygon","coordinates":[[[9.2197971,45.4969513],[9.2191897,45.4969877],[9.2191696,45.49698],[9.2191189,45.4969828],[9.2187379,45.4969832],[9.2187382,45.496907],[9.2181559,45.4968798],[9.2178042,45.4968349],[9.2175769,45.4967254],[9.2173215,45.4966355],[9.2169979,45.4965767],[9.2165206,45.4964343],[9.2160838,45.4962315],[9.2157745,45.4959024],[9.2157153,45.4958427],[9.2151103,45.4952327],[9.2143606,45.4944699],[9.2110792,45.4908975],[9.2112052,45.4908273],[9.2112716,45.4907968],[9.2113491,45.4907647],[9.2114874,45.4906943],[9.2116284,45.4906227],[9.2114803,45.4904795],[9.2112141,45.4902222],[9.2110694,45.4900824],[9.2107901,45.4902245],[9.2107382,45.4902561],[9.2106809,45.4902861],[9.2106731,45.4902902],[9.2105676,45.4903454],[9.2098773,45.4896616],[9.2097138,45.4894938],[9.2105674,45.4890634],[9.2107392,45.4889814],[9.211564,45.4885638],[9.2116986,45.4884878],[9.2125005,45.4880997],[9.2153664,45.4865921],[9.2159327,45.4863167],[9.2160051,45.486305],[9.2160621,45.4863059],[9.216105,45.4863144],[9.2161654,45.486351],[9.2163411,45.4865029],[9.216335,45.4865311],[9.216563,45.4867548],[9.2166133,45.4867652],[9.2166433,45.4867974],[9.2167642,45.4869274],[9.2168896,45.4871432],[9.2178513,45.4903362],[9.2180095,45.4911462],[9.2179439,45.4911568],[9.217941100000001,45.4911476],[9.2179003,45.4911537],[9.2172951,45.4911423],[9.2172958,45.491127],[9.2169704,45.4911208],[9.2169699,45.4911362],[9.2164903,45.4911272],[9.2161801,45.4911213],[9.2159874,45.4911177],[9.2158494,45.4909846],[9.2155567,45.4909975],[9.2154854,45.4911074],[9.2155369,45.491204],[9.2158205,45.4912936],[9.2158752,45.4914808],[9.215922,45.4916265],[9.2161211,45.4916052],[9.2161939,45.4915931],[9.2162406,45.4915853],[9.2164289,45.4915543],[9.2167466,45.4915006],[9.2169017,45.491479],[9.2168568,45.4913612],[9.2169106,45.4913139],[9.2168333,45.4912879],[9.2168199,45.4912456],[9.2174081,45.4912543],[9.2174105,45.4912221],[9.2180481,45.4912471],[9.2187458,45.4933016],[9.2186694,45.4933089],[9.2185193,45.4933249],[9.2185161,45.4933252],[9.2182876,45.4933468],[9.2182922,45.4933619],[9.2182903,45.4934571],[9.2181067,45.4934553],[9.2181064,45.4935506],[9.2181062,45.4936101],[9.2181059,45.4937008],[9.2181057,45.4937229],[9.2181049,45.4938031],[9.2181036,45.4938872],[9.2182911,45.493859],[9.2184962,45.4938282],[9.2184479,45.4936717],[9.2186106,45.4936466],[9.2187627,45.4936232],[9.218841,45.4936123],[9.2197971,45.4969513]]]},"properties":{"sources":[{"property":"","dataset":"OpenStreetMap","license":"ODbL-1.0","record_id":"w436811175@13","update_time":"2023-12-20T11:09:59.000Z","confidence":null,"between":null,"provider":"osm","resource":"planet","version":"2026-07-26T00:00:00.000Z"}],"source_tags":[["landuse","residential"]],"subtype":"residential","class":"residential","version":0}},
{"id":"d9b5bd67-53d9-3711-9c83-386875e4ec68","type":"Feature","geometry":{"type":"Polygon","coordinates":[[[9.2081114,45.4880711],[9.2081209,45.4880804],[9.208143,45.4881028],[9.2081453,45.4881019],[9.2081626,45.4880934],[9.2081865,45.4880818],[9.208334,45.4882301],[9.208308,45.4882428],[9.2082971,45.4882481],[9.2082624,45.4882643],[9.2083927,45.4883927],[9.209462,45.4894882],[9.209511,45.4895386],[9.2095929,45.4896225],[9.2104018,45.4904426],[9.2109183,45.4909652],[9.2115943,45.4916559],[9.212115,45.4921878],[9.2133997,45.4934953],[9.2143606,45.4944699],[9.2151103,45.4952327],[9.2157153,45.4958427],[9.2157745,45.4959024],[9.2160838,45.4962315],[9.2165206,45.4964343],[9.2169979,45.4965767],[9.2173215,45.4966355],[9.2175769,45.4967254],[9.2178042,45.4968349],[9.2181559,45.4968798],[9.2187382,45.496907],[9.2187379,45.4969832],[9.2187373,45.4970203],[9.2187367,45.4970523],[9.2187358,45.4970969],[9.2187351,45.49713],[9.2187346,45.4971533],[9.2188735,45.4971528],[9.2190221,45.4971502],[9.2189974,45.4975117],[9.2191682,45.4977465],[9.2192566,45.4979004],[9.2193231,45.4980429],[9.2193532,45.498189],[9.2193586,45.4983648],[9.2193338,45.4985234],[9.219259,45.4987131],[9.2192934,45.4988488],[9.2191361,45.4989252],[9.218924,45.4991352],[9.2184968,45.4993846],[9.2180454,45.499653],[9.2178344,45.4997753],[9.2176111,45.4998834],[9.2174162,45.4999679],[9.2172291,45.5000399],[9.2170168,45.5001069],[9.2170044,45.5000876],[9.2169154,45.5001157],[9.2167659,45.4999911],[9.2167043,45.4999469],[9.2166664,45.4999238],[9.2166581,45.4999303],[9.2164832,45.4998202],[9.216486,45.4998181],[9.2163652,45.4997457],[9.2160263,45.4995408],[9.2159812,45.4994938],[9.2159447,45.4994659],[9.215887,45.499435],[9.2158444,45.4994129],[9.2157887,45.499384],[9.2157218,45.4993491],[9.2157109,45.4993435],[9.215669,45.4993216],[9.2156095,45.4992907],[9.2155599,45.4992647],[9.2154802,45.499223],[9.2154326,45.4991982],[9.2153902,45.499176],[9.2153728,45.4991196],[9.2153074,45.4990663],[9.2153051,45.4991394],[9.2152499,45.4991149],[9.215201800000001,45.4990936],[9.2151389,45.4990656],[9.215139,45.4989126],[9.2150431,45.4987885],[9.2149794,45.498706],[9.2149316,45.4986337],[9.2148913,45.4985514],[9.2148553,45.4984535],[9.2147093,45.4980007],[9.2146753,45.4979559],[9.2142039,45.4974756],[9.2131898,45.4964421],[9.2127936,45.4960384],[9.2118878,45.4951139],[9.2109563,45.4941652],[9.2104951,45.4936981],[9.210278,45.4934783],[9.2094985,45.4926896],[9.2094669,45.4926574],[9.2093705,45.4925598],[9.2093248,45.4925117],[9.208776,45.4919522],[9.2082671,45.4914334],[9.2074154,45.4905568],[9.2066702,45.4898095],[9.2064247,45.48956],[9.2063405,45.4894755],[9.2063325,45.4894795],[9.2063204,45.4894676],[9.2061495,45.4892982],[9.2060905,45.4893275],[9.2059412,45.489184],[9.2059827,45.4891634],[9.2059482,45.4891292],[9.2048369,45.4880279],[9.2049963,45.4879489],[9.2042259,45.4871853],[9.2043064,45.4871454],[9.2043271,45.4871351],[9.2037759,45.4865888],[9.2054468,45.4857602],[9.2064638,45.4867675],[9.2064808,45.4867591],[9.2065378,45.4867309],[9.2067564,45.4869477],[9.2069046,45.4868742],[9.2081114,45.4880711]]]},"properties":{"sources":[{"property":"","dataset":"OpenStreetMap","license":"ODbL-1.0","record_id":"w368344962@19","update_time":"2024-12-15T01:00:38.000Z","confidence":null,"between":null,"provider":"osm","resource":"planet","version":"2026-07-26T00:00:00.000Z"}],"source_tags":[["landuse","railway"]],"subtype":"transportation","class":"railway","version":0}}]}